Label_Combination,Sample_Count,Percentage,Cumulative_Percentage
"1,2,2,2,2,2,2,2,2",772,1.8204112431616675,1.8204112431616675
"2,2,2,2,2,2,2,2,0",658,1.5515940388605924,3.37200528202226
"NA,NA,NA,0,NA,NA,NA,NA,NA",632,1.4902848519147331,4.862290133936993
"0,NA,NA,NA,NA,NA,NA,NA,NA",623,1.4690624410488586,6.331352574985852
"NA,NA,NA,NA,NA,NA,1,NA,NA",571,1.3464440671571403,7.677796642142992
"NA,NA,NA,NA,NA,NA,0,NA,NA",533,1.256838332390115,8.934634974533108
"2,2,2,1,2,2,2,2,2",486,1.1460101867572157,10.080645161290322
"2,2,2,2,2,2,2,1,2",443,1.0446142237313714,11.125259385021694
"1,NA,NA,NA,NA,NA,NA,NA,NA",436,1.0281079041690246,12.153367289190719
"2,2,0,2,2,2,2,2,2",404,0.9526504433125825,13.1060177325033
"2,2,2,2,2,2,2,2,1",350,0.8253159781173364,13.931333710620638
"NA,NA,NA,NA,NA,0,NA,NA,NA",310,0.7309941520467835,14.662327862667421
"2,2,2,2,2,2,2,0,2",291,0.6861912846632711,15.348519147330691
"2,2,2,2,2,1,2,2,2",285,0.6720430107526881,16.020562158083383
"2,0,2,2,2,2,2,2,2",273,0.6437464629315224,16.664308621014904
"NA,NA,NA,NA,NA,NA,NA,NA,1",271,0.6390303716279947,17.303338992642896
"NA,NA,NA,NA,0,NA,NA,NA,NA",241,0.5682890020750802,17.87162799471798
"2,2,2,2,0,2,2,2,2",232,0.5470665912092058,18.418694585927184
"NA,NA,NA,0,0,NA,NA,NA,NA",213,0.5022637238256933,18.920958309752876
"0,2,2,2,2,2,2,2,2",211,0.49754763252216566,19.41850594227504
"NA,NA,NA,NA,NA,NA,NA,0,NA",210,0.4951895868704018,19.913695529145446
"NA,NA,NA,NA,NA,1,NA,NA,NA",201,0.4739671760045274,20.38766270514997
"2,2,1,2,2,2,2,2,2",199,0.4692510847009998,20.85691378985097
"2,2,2,2,1,2,2,2,2",196,0.4621769477457084,21.31909073759668
"NA,0,NA,NA,NA,NA,NA,NA,NA",196,0.4621769477457084,21.781267685342385
"2,2,2,1,1,2,2,2,2",179,0.42209017166572343,22.203357857008115
"NA,NA,NA,2,0,NA,NA,NA,NA",172,0.4055838521033767,22.608941709111487
"NA,NA,NA,NA,NA,NA,NA,NA,0",170,0.40086776079984904,23.00980946991134
"NA,NA,NA,0,2,NA,NA,NA,NA",166,0.3914355781927938,23.40124504810413
"NA,NA,NA,NA,1,NA,NA,NA,NA",165,0.38907753254103,23.790322580645164
"2,1,2,2,2,2,2,2,2",129,0.3041878890775325,24.094510469722692
"1,1,2,2,2,2,2,2,2",128,0.3018298434257687,24.396340313148464
"2,0,NA,NA,NA,NA,NA,NA,NA",127,0.2994717977740049,24.695812110922468
"2,2,2,2,2,0,2,2,2",119,0.28060743255989434,24.97641954348236
"1,2,2,2,0,2,2,2,2",112,0.2641011129975476,25.24052065647991
"2,2,2,2,2,2,1,2,2",112,0.2641011129975476,25.50462176947746
"1,2,2,2,2,2,2,2,0",109,0.25702697604225616,25.76164874551971
"2,2,0,2,2,2,2,NA,2",108,0.2546689303904924,26.016317675910205
"NA,NA,NA,NA,NA,0,2,NA,NA",107,0.25231088473872854,26.26862856064893
"NA,NA,NA,2,1,NA,NA,NA,NA",105,0.2475947934352009,26.516223354084133
"2,2,2,2,0,2,2,2,0",103,0.24287870213167326,26.75910205621581
"2,2,2,0,0,2,2,2,2",94,0.22165629126579892,26.980758347481608
"2,2,2,2,2,2,0,2,2",92,0.2169401999622713,27.197698547443878
"2,2,0,2,2,2,2,2,0",92,0.2169401999622713,27.41463874740615
"2,2,1,2,2,2,2,NA,2",91,0.21458215431050745,27.629220901716657
"2,2,2,1,2,2,2,2,1",87,0.20514997170345217,27.834370873420113
"NA,1,NA,NA,NA,NA,NA,NA,NA",87,0.20514997170345217,28.039520845123562
"NA,NA,NA,1,2,NA,NA,NA,NA",86,0.20279192605168836,28.24231277117525
"2,2,2,2,1,2,2,2,1",85,0.20043388039992452,28.442746651575174
"NA,NA,NA,NA,NA,NA,NA,1,NA",85,0.20043388039992452,28.643180531975098
"NA,NA,NA,1,NA,NA,NA,NA,NA",83,0.1957177890963969,28.838898321071493
"NA,NA,1,NA,NA,NA,NA,NA,NA",81,0.19100169779286927,29.029900018864364
"NA,NA,NA,2,2,0,NA,NA,NA",81,0.19100169779286927,29.22090171665723
"NA,NA,0,NA,NA,NA,NA,NA,NA",79,0.18628560648934164,29.407187323146577
"2,2,2,2,2,2,2,NA,0",77,0.181569515185814,29.58875683833239
"NA,NA,NA,0,0,2,NA,NA,NA",76,0.17921146953405018,29.76796830786644
"2,2,NA,2,2,2,2,NA,0",73,0.1721373325787587,29.940105640445196
"1,2,2,2,2,1,2,2,2",71,0.1674212412752311,30.107526881720432
"NA,NA,NA,NA,NA,1,2,NA,NA",70,0.16506319562346727,30.272590077343896
"2,2,0,2,2,2,2,0,2",69,0.16270514997170346,30.4352952273156
"2,2,NA,2,2,2,2,NA,1",66,0.155631013016412,30.59092624033201
"2,2,2,2,2,2,2,0,0",65,0.15327296736464818,30.74419920769666
"NA,NA,NA,2,0,2,NA,NA,NA",63,0.14855687606112053,30.89275608375778
"2,2,2,2,2,2,2,NA,1",59,0.13912469345406525,31.031880777211846
"2,2,2,1,1,2,2,2,1",57,0.13440860215053765,31.166289379362382
"1,1,2,2,0,2,2,2,2",56,0.1320505564987738,31.298339935861158
"2,2,1,2,2,2,2,1,2",56,0.1320505564987738,31.430390492359933
"1,2,2,2,2,2,2,0,2",56,0.1320505564987738,31.56244104885871
"0,2,NA,NA,NA,NA,NA,NA,NA",55,0.12969251084701,31.692133559705717
"NA,NA,NA,NA,NA,NA,2,NA,1",54,0.1273344651952462,31.81946802490096
"NA,NA,NA,2,2,2,0,NA,NA",53,0.12497641954348238,31.944444444444443
"1,2,0,2,2,2,2,2,2",52,0.12261837389171855,32.06706281833616
"NA,NA,NA,0,NA,2,NA,NA,NA",52,0.12261837389171855,32.18968119222788
"2,2,2,1,2,1,2,2,2",49,0.1155442369364271,32.30522542916431
"2,2,2,0,2,2,2,2,2",48,0.11318619128466327,32.41841162044897
"NA,NA,NA,0,2,2,NA,NA,NA",47,0.11082814563289946,32.52923976608187
"2,NA,NA,NA,NA,NA,NA,NA,1",46,0.10847009998113565,32.637709866063005
"2,2,1,2,2,2,2,2,1",46,0.10847009998113565,32.74617996604414
"2,2,1,1,2,2,2,2,2",45,0.10611205432937182,32.85229202037351
"2,2,2,2,0,2,0,2,2",45,0.10611205432937182,32.958404074702884
"NA,NA,NA,2,2,2,1,NA,NA",45,0.10611205432937182,33.064516129032256
"0,NA,NA,NA,NA,NA,2,NA,NA",44,0.103754008677608,33.16827013770987
"NA,NA,NA,NA,NA,2,0,NA,NA",44,0.103754008677608,33.27202414638747
"2,2,2,1,1,2,1,2,2",44,0.103754008677608,33.375778155065085
"1,2,2,2,2,2,2,NA,2",43,0.10139596302584418,33.47717411809092
"0,NA,NA,2,2,NA,NA,NA,NA",43,0.10139596302584418,33.57857008111677
"2,2,2,1,2,2,2,1,2",42,0.09903791737408037,33.67760799849085
"NA,NA,0,NA,NA,NA,NA,2,NA",42,0.09903791737408037,33.77664591586493
"2,2,2,1,2,2,1,2,2",42,0.09903791737408037,33.87568383323901
"1,2,NA,2,2,2,2,NA,2",42,0.09903791737408037,33.97472175061309
"2,2,2,0,0,2,2,2,0",42,0.09903791737408037,34.073759667987176
"0,0,2,2,2,2,2,2,2",42,0.09903791737408037,34.17279758536125
"NA,NA,2,NA,NA,NA,NA,0,NA",41,0.09667987172231654,34.26947745708357
"2,2,0,2,0,2,2,2,2",41,0.09667987172231654,34.36615732880588
"2,0,2,2,2,2,2,2,0",41,0.09667987172231654,34.4628372005282
"2,2,2,2,2,2,2,1,0",41,0.09667987172231654,34.559517072250515
"0,0,NA,NA,NA,NA,NA,NA,NA",41,0.09667987172231654,34.65619694397283
"1,1,2,0,0,2,2,2,2",41,0.09667987172231654,34.75287681569515
"NA,NA,NA,2,2,1,NA,NA,NA",41,0.09667987172231654,34.84955668741747
"2,NA,NA,NA,NA,NA,0,NA,NA",41,0.09667987172231654,34.946236559139784
"2,1,NA,NA,NA,NA,NA,NA,NA",41,0.09667987172231654,35.04291643086211
"2,2,0,2,2,2,2,1,2",40,0.09432182607055273,35.137238256932655
"2,2,2,2,2,2,0,2,0",40,0.09432182607055273,35.2315600830032
"2,0,2,2,2,2,2,NA,2",40,0.09432182607055273,35.32588190907376
"1,2,2,2,2,2,2,1,2",40,0.09432182607055273,35.42020373514431
"NA,NA,NA,0,NA,0,NA,NA,NA",39,0.09196378041878892,35.51216751556311
"NA,NA,NA,0,1,NA,NA,NA,NA",39,0.09196378041878892,35.60413129598189
"2,NA,NA,NA,NA,0,NA,NA,NA",38,0.08960573476702509,35.69373703074892
"0,2,NA,2,2,2,2,NA,2",38,0.08960573476702509,35.78334276551594
"1,2,2,1,2,2,2,2,2",38,0.08960573476702509,35.872948500282966
"NA,NA,NA,NA,NA,2,1,NA,NA",37,0.08724768911526128,35.960196189398225
"2,2,0,2,2,2,2,NA,0",37,0.08724768911526128,36.047443878513484
"2,2,1,1,1,2,2,2,1",37,0.08724768911526128,36.13469156762875
"2,0,NA,2,2,2,2,NA,2",37,0.08724768911526128,36.221939256744015
"2,2,2,2,2,0,2,2,1",36,0.08488964346349745,36.30682890020751
"2,NA,NA,2,1,NA,NA,NA,NA",36,0.08488964346349745,36.391718543671004
"2,2,NA,2,2,2,1,NA,2",36,0.08488964346349745,36.4766081871345
"NA,NA,NA,1,1,NA,NA,NA,NA",35,0.08253159781173364,36.55913978494624
"NA,NA,NA,0,0,0,NA,NA,NA",35,0.08253159781173364,36.64167138275797
"NA,NA,NA,2,2,NA,0,NA,NA",34,0.08017355215996981,36.72184493491794
"2,NA,NA,NA,0,NA,NA,NA,NA",34,0.08017355215996981,36.80201848707791
"2,2,2,2,0,2,2,0,2",33,0.077815506508206,36.87983399358611
"2,0,2,2,2,2,2,1,2",33,0.077815506508206,36.95764950009432
"1,2,NA,NA,NA,NA,NA,NA,NA",33,0.077815506508206,37.03546500660253
"NA,NA,NA,0,NA,NA,2,NA,NA",32,0.07545746085644217,37.11092246745897
"0,NA,NA,NA,NA,NA,NA,2,NA",32,0.07545746085644217,37.18637992831541
"NA,NA,NA,NA,NA,NA,0,NA,2",31,0.07309941520467836,37.25947934352009
"2,2,2,2,1,2,2,NA,2",31,0.07309941520467836,37.33257875872477
"2,2,NA,1,1,2,2,NA,1",31,0.07309941520467836,37.405678173929445
"2,2,2,2,2,2,2,1,1",31,0.07309941520467836,37.478777589134125
"1,2,2,2,2,2,2,2,1",31,0.07309941520467836,37.5518770043388
"2,2,2,2,2,2,1,NA,2",31,0.07309941520467836,37.62497641954348
"2,2,1,1,1,2,2,2,2",31,0.07309941520467836,37.69807583474816
"NA,NA,NA,2,2,1,2,NA,NA",30,0.07074136955291455,37.76881720430107
"2,2,2,1,2,2,2,NA,2",30,0.07074136955291455,37.839558573853985
"2,2,NA,2,2,2,0,NA,NA",30,0.07074136955291455,37.910299943406905
"0,2,2,2,2,2,2,2,1",30,0.07074136955291455,37.98104131295982
"NA,0,NA,2,2,NA,NA,NA,NA",29,0.06838332390115072,38.04942463686097
"NA,NA,NA,0,NA,1,NA,NA,NA",29,0.06838332390115072,38.11780796076212
"2,2,2,2,2,2,0,2,NA",29,0.06838332390115072,38.18619128466327
"NA,NA,2,NA,NA,NA,NA,1,NA",29,0.06838332390115072,38.254574608564425
"2,2,2,2,2,0,2,NA,2",29,0.06838332390115072,38.32295793246557
"NA,NA,NA,2,2,2,2,NA,0",29,0.06838332390115072,38.39134125636672
"NA,NA,NA,2,2,0,2,NA,NA",29,0.06838332390115072,38.459724580267874
"NA,NA,NA,NA,NA,0,1,NA,NA",29,0.06838332390115072,38.528107904169026
"1,2,2,2,0,2,2,2,0",28,0.0660252782493869,38.59413318241841
"2,2,2,2,2,1,2,NA,2",28,0.0660252782493869,38.6601584606678
"2,2,0,2,2,2,2,0,0",28,0.0660252782493869,38.726183738917186
"2,2,0,2,2,2,2,NA,NA",28,0.0660252782493869,38.79220901716657
"NA,NA,NA,NA,NA,NA,1,NA,2",28,0.0660252782493869,38.85823429541596
"NA,2,NA,0,2,NA,NA,NA,NA",28,0.0660252782493869,38.924259573665346
"2,2,2,2,2,2,1,1,2",28,0.0660252782493869,38.99028485191473
"0,2,2,2,2,2,2,NA,2",27,0.0636672325976231,39.05395208451235
"2,2,2,2,1,2,1,2,2",27,0.0636672325976231,39.117619317109984
"2,2,2,2,2,NA,2,2,1",27,0.0636672325976231,39.1812865497076
"NA,2,NA,0,NA,NA,NA,NA,NA",27,0.0636672325976231,39.244953782305224
"2,2,2,0,0,2,0,2,2",27,0.0636672325976231,39.30862101490285
"0,2,2,2,2,2,2,1,2",26,0.061309186945859274,39.36993020184871
"NA,NA,1,NA,NA,NA,NA,2,NA",26,0.061309186945859274,39.431239388794566
"1,2,2,2,0,2,2,0,2",26,0.061309186945859274,39.49254857574043
"2,2,1,2,1,2,2,2,2",26,0.061309186945859274,39.553857762686285
"2,2,NA,2,2,NA,2,1,2",26,0.061309186945859274,39.61516694963215
"2,1,2,0,0,2,2,2,2",26,0.061309186945859274,39.676476136578
"NA,NA,NA,2,NA,0,NA,NA,NA",26,0.061309186945859274,39.73778532352386
"NA,NA,NA,2,1,2,NA,NA,NA",26,0.061309186945859274,39.79909451046972
"2,2,NA,1,1,2,1,NA,1",26,0.061309186945859274,39.86040369741558
"NA,NA,NA,NA,NA,NA,2,NA,0",25,0.058951141294095455,39.91935483870967
"2,2,1,2,2,2,2,2,0",25,0.058951141294095455,39.978305980003775
"2,1,0,2,2,2,2,2,2",25,0.058951141294095455,40.03725712129787
"1,2,2,2,2,2,2,2,NA",25,0.058951141294095455,40.096208262591965
"0,2,2,2,2,2,2,2,NA",25,0.058951141294095455,40.15515940388606
"2,2,NA,2,2,2,0,NA,2",25,0.058951141294095455,40.214110545180155
"NA,2,2,2,2,2,2,2,0",25,0.058951141294095455,40.27306168647425
"2,NA,NA,NA,NA,NA,NA,0,NA",25,0.058951141294095455,40.332012827768345
"2,2,1,2,1,2,2,2,1",25,0.058951141294095455,40.39096396906244
"NA,NA,NA,NA,2,0,NA,NA,NA",25,0.058951141294095455,40.449915110356535
"NA,0,NA,2,2,2,NA,NA,NA",25,0.058951141294095455,40.50886625165063
"NA,2,NA,0,0,NA,NA,NA,NA",25,0.058951141294095455,40.567817392944725
"0,2,2,2,2,2,2,2,0",25,0.058951141294095455,40.62676853423882
"2,2,0,2,2,2,0,2,2",25,0.058951141294095455,40.685719675532916
"NA,NA,NA,1,2,2,2,NA,NA",25,0.058951141294095455,40.74467081682701
"2,2,2,2,2,1,2,2,0",24,0.056593095642331635,40.801263912469345
"NA,NA,NA,2,1,0,NA,NA,NA",24,0.056593095642331635,40.85785700811167
"2,NA,NA,NA,NA,NA,1,NA,NA",24,0.056593095642331635,40.91445010375401
"2,2,2,2,2,2,2,0,1",24,0.056593095642331635,40.97104319939634
"1,2,0,2,2,2,2,NA,2",24,0.056593095642331635,41.027636295038675
"2,2,2,2,2,1,2,0,2",24,0.056593095642331635,41.084229390681
"2,0,0,2,2,2,2,2,2",24,0.056593095642331635,41.14082248632334
"2,1,2,2,2,2,2,2,0",24,0.056593095642331635,41.19741558196567
"NA,NA,NA,0,NA,NA,0,NA,NA",24,0.056593095642331635,41.254008677608
"2,2,0,2,2,1,2,2,2",24,0.056593095642331635,41.31060177325033
"2,2,1,NA,NA,NA,NA,NA,NA",24,0.056593095642331635,41.36719486889266
"NA,NA,NA,0,0,2,2,NA,NA",23,0.05423504999056782,41.42142991888323
"2,2,2,0,0,2,2,0,2",23,0.05423504999056782,41.4756649688738
"2,NA,NA,0,NA,NA,NA,NA,NA",23,0.05423504999056782,41.52990001886436
"2,2,2,2,2,1,2,2,1",23,0.05423504999056782,41.584135068854934
"0,2,NA,2,2,2,NA,NA,NA",23,0.05423504999056782,41.6383701188455
"1,2,NA,2,2,2,2,NA,NA",23,0.05423504999056782,41.69260516883607
"0,2,0,2,2,2,2,2,2",23,0.05423504999056782,41.746840218826634
"NA,NA,NA,NA,NA,0,0,NA,NA",23,0.05423504999056782,41.80107526881721
"2,2,2,2,1,2,2,1,2",23,0.05423504999056782,41.85531031880777
"2,2,1,1,1,2,1,2,1",23,0.05423504999056782,41.90954536879834
"NA,NA,NA,1,0,NA,NA,NA,NA",23,0.05423504999056782,41.96378041878891
"NA,NA,NA,1,2,2,NA,NA,NA",23,0.05423504999056782,42.018015468779474
"NA,NA,NA,0,2,NA,2,NA,NA",23,0.05423504999056782,42.07225051877004
"0,2,NA,2,2,NA,NA,NA,NA",22,0.051877004338804,42.12412752310885
"2,2,NA,2,2,NA,2,2,1",22,0.051877004338804,42.17600452744765
"2,2,2,1,1,1,2,2,2",22,0.051877004338804,42.22788153178645
"2,2,NA,2,2,2,1,NA,NA",22,0.051877004338804,42.279758536125264
"2,2,NA,2,2,1,NA,NA,NA",22,0.051877004338804,42.33163554046406
"NA,NA,NA,0,NA,2,2,NA,NA",22,0.051877004338804,42.38351254480286
"2,1,2,2,2,2,2,NA,2",22,0.051877004338804,42.435389549141675
"2,2,2,2,2,1,2,1,2",22,0.051877004338804,42.487266553480474
"2,NA,NA,1,2,NA,NA,NA,NA",22,0.051877004338804,42.53914355781928
"2,1,2,2,2,2,2,0,2",21,0.049518958687040183,42.58866251650632
"2,2,NA,2,2,NA,2,NA,1",21,0.049518958687040183,42.63818147519336
"NA,NA,NA,2,NA,1,NA,NA,NA",21,0.049518958687040183,42.6877004338804
"2,2,2,1,1,2,1,2,1",21,0.049518958687040183,42.73721939256744
"0,NA,NA,NA,2,NA,NA,NA,NA",21,0.049518958687040183,42.786738351254485
"2,1,NA,2,2,2,2,NA,2",21,0.049518958687040183,42.83625730994152
"2,2,2,2,2,NA,2,0,2",21,0.049518958687040183,42.88577626862856
"NA,NA,NA,2,0,0,NA,NA,NA",21,0.049518958687040183,42.9352952273156
"2,2,1,2,2,2,2,0,2",21,0.049518958687040183,42.98481418600264
"2,2,2,2,2,2,1,2,1",21,0.049518958687040183,43.03433314468968
"NA,NA,NA,2,2,NA,1,NA,NA",21,0.049518958687040183,43.08385210337672
"2,2,NA,2,2,NA,2,0,2",21,0.049518958687040183,43.133371062063766
"2,0,2,NA,NA,NA,NA,NA,NA",21,0.049518958687040183,43.182890020750804
"0,2,NA,2,2,NA,2,2,2",21,0.049518958687040183,43.23240897943784
"NA,NA,NA,2,1,2,2,NA,NA",21,0.049518958687040183,43.28192793812488
"2,2,NA,2,2,2,2,0,2",20,0.047160913035276364,43.32908885116016
"2,2,2,2,0,2,0,2,0",20,0.047160913035276364,43.376249764195435
"2,2,2,2,0,2,2,0,0",20,0.047160913035276364,43.42341067723071
"NA,NA,NA,2,NA,NA,0,NA,NA",20,0.047160913035276364,43.47057159026599
"0,NA,NA,NA,NA,NA,NA,NA,2",20,0.047160913035276364,43.51773250330127
"1,2,2,0,0,2,2,2,2",20,0.047160913035276364,43.564893416336545
"2,NA,NA,NA,NA,NA,NA,1,NA",20,0.047160913035276364,43.612054329371816
"NA,NA,NA,2,0,2,0,NA,NA",20,0.047160913035276364,43.65921524240709
"2,2,1,2,2,2,2,NA,NA",20,0.047160913035276364,43.70637615544236
"2,2,1,1,2,2,2,1,2",19,0.044802867383512544,43.75117902282588
"2,2,2,2,2,2,2,0,NA",19,0.044802867383512544,43.7959818902094
"2,2,0,2,2,2,0,0,2",19,0.044802867383512544,43.84078475759291
"NA,NA,NA,NA,2,1,NA,NA,NA",19,0.044802867383512544,43.88558762497642
"2,2,NA,0,2,NA,NA,NA,NA",19,0.044802867383512544,43.93039049235993
"2,0,2,2,2,1,2,2,2",19,0.044802867383512544,43.97519335974344
"2,2,0,0,0,2,2,2,2",19,0.044802867383512544,44.01999622712695
"2,1,2,2,0,2,2,2,2",19,0.044802867383512544,44.06479909451047
"NA,2,NA,2,1,NA,NA,NA,NA",19,0.044802867383512544,44.109601961893986
"2,2,1,1,1,2,1,2,2",19,0.044802867383512544,44.154404829277496
"1,NA,NA,2,2,NA,NA,NA,NA",19,0.044802867383512544,44.199207696661006
"2,2,2,2,2,0,2,2,NA",19,0.044802867383512544,44.24401056404452
"0,2,NA,2,2,2,2,NA,NA",19,0.044802867383512544,44.28881343142803
"2,2,2,2,2,2,2,1,NA",19,0.044802867383512544,44.33361629881155
"NA,0,NA,2,2,2,2,NA,NA",19,0.044802867383512544,44.37841916619506
"2,2,2,1,1,2,2,1,2",19,0.044802867383512544,44.42322203357857
"2,2,0,2,2,2,0,NA,2",19,0.044802867383512544,44.468024900962085
"2,2,2,2,2,1,2,2,NA",19,0.044802867383512544,44.512827768345595
"NA,NA,NA,0,2,0,NA,NA,NA",19,0.044802867383512544,44.557630635729105
"2,2,0,2,0,2,2,2,0",19,0.044802867383512544,44.60243350311262
"2,2,NA,2,2,1,2,NA,2",19,0.044802867383512544,44.64723637049614
"2,2,NA,1,2,2,2,NA,1",19,0.044802867383512544,44.69203923787964
"2,2,NA,NA,NA,NA,1,NA,NA",18,0.042444821731748725,44.7344840596114
"2,2,2,2,2,2,0,NA,2",18,0.042444821731748725,44.77692888134314
"2,2,NA,1,2,NA,2,2,2",18,0.042444821731748725,44.819373703074895
"NA,2,2,2,2,2,2,2,1",18,0.042444821731748725,44.86181852480664
"NA,NA,NA,NA,NA,2,2,NA,1",18,0.042444821731748725,44.904263346538386
"2,2,1,2,2,2,2,NA,1",18,0.042444821731748725,44.94670816827014
"2,2,2,2,2,2,1,2,0",18,0.042444821731748725,44.989152990001884
"2,0,NA,2,2,2,2,NA,NA",18,0.042444821731748725,45.03159781173364
"2,2,2,1,2,2,2,2,0",18,0.042444821731748725,45.07404263346538
"NA,0,NA,2,NA,NA,NA,NA,NA",18,0.042444821731748725,45.11648745519714
"2,2,NA,1,2,2,2,NA,NA",18,0.042444821731748725,45.15893227692888
"2,2,NA,2,1,2,2,NA,2",18,0.042444821731748725,45.20137709866063
"0,2,0,2,2,2,2,2,0",18,0.042444821731748725,45.24382192039238
"2,0,NA,2,2,2,NA,NA,NA",18,0.042444821731748725,45.28626674212413
"NA,NA,NA,2,1,2,2,NA,2",18,0.042444821731748725,45.328711563855876
"2,2,1,1,1,2,1,NA,1",18,0.042444821731748725,45.371156385587625
"NA,0,2,NA,NA,NA,NA,2,NA",18,0.042444821731748725,45.413601207319374
"NA,NA,NA,0,2,2,2,NA,NA",18,0.042444821731748725,45.45604602905112
"0,NA,NA,2,NA,NA,NA,NA,NA",17,0.040086776079984905,45.496132805131104
"0,NA,NA,2,2,2,2,NA,NA",17,0.040086776079984905,45.53621958121109
"NA,0,NA,2,2,2,2,NA,2",17,0.040086776079984905,45.57630635729108
"2,2,NA,2,2,2,NA,NA,1",17,0.040086776079984905,45.61639313337106
"NA,NA,NA,2,2,2,0,NA,2",17,0.040086776079984905,45.65647990945105
"2,0,NA,2,2,NA,NA,NA,NA",17,0.040086776079984905,45.69656668553103
"2,NA,NA,NA,NA,1,NA,NA,NA",17,0.040086776079984905,45.73665346161101
"2,2,2,0,2,2,2,2,0",17,0.040086776079984905,45.776740237691
"2,2,NA,2,2,0,2,NA,NA",17,0.040086776079984905,45.81682701377099
"NA,NA,NA,NA,0,NA,2,NA,NA",17,0.040086776079984905,45.85691378985097
"2,0,2,2,2,NA,2,2,2",17,0.040086776079984905,45.89700056593096
"2,2,NA,1,2,2,2,NA,2",17,0.040086776079984905,45.93708734201094
"NA,NA,NA,1,2,2,2,NA,2",17,0.040086776079984905,45.97717411809092
"2,NA,NA,0,2,NA,NA,NA,NA",17,0.040086776079984905,46.01726089417092
"NA,2,1,NA,NA,NA,NA,NA,NA",17,0.040086776079984905,46.0573476702509
"2,2,2,2,2,2,0,0,2",17,0.040086776079984905,46.09743444633088
"2,2,0,2,2,2,2,2,NA",17,0.040086776079984905,46.13752122241087
"NA,NA,1,NA,NA,NA,NA,1,NA",17,0.040086776079984905,46.17760799849085
"2,2,2,2,2,0,2,2,0",17,0.040086776079984905,46.21769477457083
"2,2,2,2,2,0,2,1,2",16,0.037728730428221086,46.25542350499906
"2,2,NA,1,1,NA,2,2,2",16,0.037728730428221086,46.29315223542728
"2,0,2,NA,NA,NA,NA,2,NA",16,0.037728730428221086,46.3308809658555
"NA,NA,NA,0,0,2,0,NA,NA",16,0.037728730428221086,46.36860969628372
"NA,NA,0,NA,NA,NA,NA,0,NA",16,0.037728730428221086,46.40633842671194
"2,2,0,2,0,2,2,0,0",16,0.037728730428221086,46.44406715714016
"NA,0,NA,NA,NA,NA,NA,NA,2",16,0.037728730428221086,46.48179588756838
"NA,NA,NA,2,0,2,2,NA,NA",16,0.037728730428221086,46.5195246179966
"NA,NA,NA,NA,0,2,NA,NA,NA",16,0.037728730428221086,46.55725334842483
"2,2,2,1,1,2,2,NA,1",16,0.037728730428221086,46.59498207885305
"1,NA,NA,NA,2,NA,NA,NA,NA",16,0.037728730428221086,46.63271080928127
"NA,1,NA,NA,NA,NA,NA,2,NA",16,0.037728730428221086,46.67043953970949
"2,0,NA,NA,NA,NA,2,NA,NA",16,0.037728730428221086,46.70816827013771
"2,2,1,1,2,2,2,2,1",16,0.037728730428221086,46.74589700056593
"NA,2,2,2,2,2,1,2,NA",16,0.037728730428221086,46.783625730994146
"NA,NA,NA,NA,NA,1,2,NA,2",16,0.037728730428221086,46.821354461422374
"NA,NA,NA,NA,NA,0,2,NA,2",16,0.037728730428221086,46.859083191850594
"2,NA,NA,0,0,NA,NA,NA,NA",16,0.037728730428221086,46.896811922278815
"0,NA,NA,0,NA,NA,NA,NA,NA",16,0.037728730428221086,46.934540652707035
"2,2,NA,1,2,NA,NA,NA,NA",16,0.037728730428221086,46.972269383135256
"2,2,NA,2,1,NA,NA,NA,NA",16,0.037728730428221086,47.009998113563476
"2,0,1,2,2,2,2,2,2",16,0.037728730428221086,47.0477268439917
"NA,1,NA,0,2,NA,NA,NA,NA",16,0.037728730428221086,47.085455574419925
"NA,2,NA,NA,0,NA,NA,NA,NA",16,0.037728730428221086,47.123184304848145
"2,2,2,2,1,1,2,2,2",15,0.03537068477645727,47.158554989624605
"NA,NA,NA,2,0,NA,0,NA,NA",15,0.03537068477645727,47.19392567440106
"1,NA,NA,2,2,2,2,NA,NA",15,0.03537068477645727,47.22929635917751
"NA,NA,NA,NA,NA,1,0,NA,NA",15,0.03537068477645727,47.26466704395397
"1,1,2,2,2,2,2,0,2",15,0.03537068477645727,47.30003772873042
"NA,NA,NA,2,0,NA,2,NA,NA",15,0.03537068477645727,47.33540841350688
"0,2,NA,2,2,NA,2,NA,NA",15,0.03537068477645727,47.37077909828334
"2,0,NA,2,2,2,NA,NA,2",15,0.03537068477645727,47.406149783059796
"2,NA,1,NA,NA,NA,NA,NA,NA",15,0.03537068477645727,47.441520467836256
"0,NA,NA,2,1,NA,NA,NA,NA",15,0.03537068477645727,47.476891152612716
"2,2,NA,1,1,NA,NA,NA,NA",15,0.03537068477645727,47.51226183738917
"NA,0,NA,0,2,NA,NA,NA,NA",15,0.03537068477645727,47.54763252216563
"0,2,2,2,2,2,2,0,2",15,0.03537068477645727,47.58300320694209
"NA,0,NA,0,0,NA,NA,NA,NA",15,0.03537068477645727,47.61837389171855
"2,NA,0,NA,NA,NA,NA,NA,NA",15,0.03537068477645727,47.653744576495
"1,NA,NA,0,0,NA,NA,NA,NA",15,0.03537068477645727,47.68911526127146
"2,2,1,2,2,2,2,NA,0",15,0.03537068477645727,47.72448594604792
"1,2,1,2,2,2,2,2,2",15,0.03537068477645727,47.75985663082437
"2,2,NA,NA,NA,NA,NA,NA,1",15,0.03537068477645727,47.79522731560083
"2,2,2,2,0,2,0,0,2",15,0.03537068477645727,47.830598000377286
"2,2,2,2,2,2,0,NA,NA",15,0.03537068477645727,47.865968685153746
"NA,NA,NA,1,2,NA,2,NA,NA",15,0.03537068477645727,47.9013393699302
"1,1,2,2,0,2,2,2,0",15,0.03537068477645727,47.93671005470666
"NA,0,NA,NA,NA,NA,2,NA,NA",15,0.03537068477645727,47.97208073948311
"2,2,2,1,2,0,2,2,2",15,0.03537068477645727,48.00745142425957
"2,1,NA,2,2,2,2,NA,NA",15,0.03537068477645727,48.04282210903603
"1,1,2,0,0,2,2,0,2",15,0.03537068477645727,48.07819279381249
"1,1,2,2,2,2,2,2,0",15,0.03537068477645727,48.113563478588944
"2,2,2,NA,NA,NA,NA,1,NA",15,0.03537068477645727,48.1489341633654
"2,1,2,2,2,2,2,2,1",14,0.03301263912469345,48.181946802490096
"2,2,NA,1,2,NA,2,NA,2",14,0.03301263912469345,48.21495944161479
"NA,2,NA,2,0,NA,NA,NA,NA",14,0.03301263912469345,48.24797208073948
"2,2,1,1,1,2,1,1,1",14,0.03301263912469345,48.28098471986418
"0,2,1,2,2,2,2,2,2",14,0.03301263912469345,48.31399735898887
"NA,NA,NA,NA,NA,NA,0,2,NA",14,0.03301263912469345,48.34700999811356
"NA,NA,NA,2,0,1,NA,NA,NA",14,0.03301263912469345,48.380022637238255
"0,NA,2,NA,NA,NA,NA,2,NA",14,0.03301263912469345,48.41303527636295
"NA,NA,NA,0,NA,NA,NA,NA,2",14,0.03301263912469345,48.44604791548765
"1,2,NA,2,2,2,NA,NA,NA",14,0.03301263912469345,48.47906055461234
"2,1,2,2,2,2,2,NA,NA",14,0.03301263912469345,48.51207319373703
"1,2,2,1,2,2,2,2,1",14,0.03301263912469345,48.54508583286172
"2,1,2,NA,NA,NA,NA,2,NA",14,0.03301263912469345,48.57809847198642
"2,2,NA,2,2,0,NA,NA,NA",14,0.03301263912469345,48.61111111111111
"2,2,2,0,0,2,0,2,0",14,0.03301263912469345,48.644123750235806
"2,NA,NA,NA,1,NA,NA,NA,NA",14,0.03301263912469345,48.6771363893605
"1,2,2,0,0,2,2,2,0",14,0.03301263912469345,48.71014902848519
"2,0,2,2,2,2,2,NA,NA",14,0.03301263912469345,48.74316166760988
"2,1,NA,2,2,2,NA,NA,NA",14,0.03301263912469345,48.776174306734575
"0,NA,NA,2,2,2,NA,NA,NA",14,0.03301263912469345,48.809186945859274
"2,0,2,2,2,2,2,0,2",14,0.03301263912469345,48.842199584983966
"NA,2,NA,2,2,0,NA,NA,NA",14,0.03301263912469345,48.87521222410866
"1,2,2,2,0,2,0,2,2",14,0.03301263912469345,48.90822486323335
"2,2,2,2,1,2,1,2,1",14,0.03301263912469345,48.94123750235805
"2,0,NA,2,2,NA,2,2,2",14,0.03301263912469345,48.97425014148274
"2,2,2,2,2,2,1,2,NA",14,0.03301263912469345,49.007262780607434
"2,1,NA,2,2,NA,2,2,2",14,0.03301263912469345,49.040275419732126
"2,2,1,NA,NA,NA,NA,2,NA",14,0.03301263912469345,49.07328805885682
"1,0,NA,NA,NA,NA,NA,NA,NA",14,0.03301263912469345,49.10630069798152
"2,NA,NA,2,0,NA,NA,NA,NA",14,0.03301263912469345,49.1393133371062
"NA,1,NA,0,NA,NA,NA,NA,NA",14,0.03301263912469345,49.1723259762309
"2,1,2,2,2,1,2,2,2",14,0.03301263912469345,49.20533861535559
"NA,NA,NA,0,0,NA,0,NA,NA",14,0.03301263912469345,49.23835125448029
"1,2,2,2,2,NA,2,2,2",13,0.030654593472929637,49.26900584795322
"2,2,1,1,1,2,2,1,1",13,0.030654593472929637,49.29966044142615
"1,1,2,0,0,2,2,2,0",13,0.030654593472929637,49.33031503489907
"NA,NA,NA,0,0,1,NA,NA,NA",13,0.030654593472929637,49.360969628372004
"2,0,0,2,2,2,2,NA,2",13,0.030654593472929637,49.391624221844936
"1,2,NA,2,2,NA,2,2,2",13,0.030654593472929637,49.42227881531787
"2,2,2,2,2,2,1,NA,NA",13,0.030654593472929637,49.45293340879079
"1,NA,NA,NA,NA,NA,2,NA,NA",13,0.030654593472929637,49.48358800226372
"2,2,1,2,2,2,1,2,2",13,0.030654593472929637,49.514242595736654
"2,2,2,1,2,NA,2,2,2",13,0.030654593472929637,49.544897189209586
"2,2,NA,2,1,NA,2,NA,1",13,0.030654593472929637,49.57555178268252
"1,2,2,2,2,2,2,0,0",13,0.030654593472929637,49.60620637615544
"2,2,2,2,1,2,2,NA,1",13,0.030654593472929637,49.63686096962837
"NA,0,2,NA,NA,NA,NA,NA,NA",13,0.030654593472929637,49.6675155631013
"2,0,NA,NA,2,NA,NA,NA,NA",13,0.030654593472929637,49.698170156574236
"0,0,2,2,2,2,2,NA,2",13,0.030654593472929637,49.72882475004716
"0,2,NA,2,2,NA,2,NA,2",13,0.030654593472929637,49.75947934352009
"2,2,2,0,2,2,2,0,2",13,0.030654593472929637,49.79013393699302
"2,1,2,0,0,2,2,0,2",13,0.030654593472929637,49.82078853046595
"2,2,0,2,0,2,2,0,2",13,0.030654593472929637,49.851443123938886
"2,2,NA,2,1,2,2,NA,NA",13,0.030654593472929637,49.88209771741181
"NA,NA,NA,2,1,NA,2,NA,NA",13,0.030654593472929637,49.91275231088474
"NA,NA,NA,NA,0,0,NA,NA,NA",13,0.030654593472929637,49.943406904357666
"2,1,NA,2,2,NA,NA,NA,NA",13,0.030654593472929637,49.9740614978306
"1,2,2,2,2,2,0,2,2",13,0.030654593472929637,50.00471609130352
"NA,0,NA,NA,2,NA,NA,NA,NA",13,0.030654593472929637,50.03537068477646
"2,1,2,2,2,2,2,2,NA",13,0.030654593472929637,50.066025278249384
"1,2,2,2,2,2,1,2,2",13,0.030654593472929637,50.096679871722316
"NA,NA,NA,NA,NA,NA,0,NA,1",13,0.030654593472929637,50.12733446519525
"2,1,2,2,2,2,2,1,2",13,0.030654593472929637,50.15798905866817
"2,NA,NA,2,2,2,0,NA,NA",13,0.030654593472929637,50.18864365214111
"2,2,NA,2,2,NA,2,2,0",13,0.030654593472929637,50.21929824561403
"2,2,1,2,2,2,1,NA,2",13,0.030654593472929637,50.249952839086966
"2,2,2,2,0,2,2,NA,2",13,0.030654593472929637,50.2806074325599
"NA,NA,NA,0,2,NA,0,NA,NA",12,0.028296547821165818,50.30890398038106
"0,NA,NA,0,2,NA,NA,NA,NA",12,0.028296547821165818,50.33720052820223
"2,2,NA,0,0,2,0,NA,0",12,0.028296547821165818,50.36549707602339
"2,1,2,NA,NA,NA,NA,NA,NA",12,0.028296547821165818,50.393793623844566
"1,2,2,0,2,2,2,2,2",12,0.028296547821165818,50.42209017166572
"2,2,2,2,1,0,2,2,2",12,0.028296547821165818,50.450386719486886
"2,2,NA,2,2,2,0,NA,0",12,0.028296547821165818,50.47868326730806
"NA,1,NA,0,0,NA,NA,NA,NA",12,0.028296547821165818,50.50697981512921
"2,0,NA,NA,NA,NA,NA,NA,2",12,0.028296547821165818,50.535276362950384
"2,NA,NA,2,2,NA,0,NA,NA",12,0.028296547821165818,50.56357291077155
"0,NA,NA,NA,1,NA,NA,NA,NA",12,0.028296547821165818,50.59186945859272
"NA,NA,NA,2,2,2,1,NA,2",12,0.028296547821165818,50.62016600641388
"NA,NA,NA,2,2,2,2,NA,1",12,0.028296547821165818,50.64846255423505
"0,NA,NA,NA,NA,NA,1,NA,NA",12,0.028296547821165818,50.67675910205621
"NA,2,NA,NA,1,NA,NA,NA,NA",12,0.028296547821165818,50.70505564987739
"NA,NA,NA,0,0,NA,2,NA,NA",12,0.028296547821165818,50.733352197698544
"1,2,NA,2,2,NA,2,NA,NA",12,0.028296547821165818,50.761648745519715
"1,2,2,2,2,2,2,NA,0",12,0.028296547821165818,50.78994529334088
"2,NA,NA,1,1,NA,NA,NA,NA",12,0.028296547821165818,50.81824184116205
"2,2,NA,2,1,NA,2,NA,2",12,0.028296547821165818,50.846538388983205
"1,1,2,0,0,2,0,2,2",12,0.028296547821165818,50.87483493680438
"NA,NA,NA,NA,1,2,NA,NA,NA",12,0.028296547821165818,50.90313148462554
"2,2,NA,2,2,2,1,NA,1",12,0.028296547821165818,50.93142803244671
"1,1,NA,2,2,2,2,NA,NA",12,0.028296547821165818,50.959724580267874
"0,2,1,2,2,2,2,NA,2",12,0.028296547821165818,50.988021128089045
"NA,NA,NA,2,0,2,2,NA,2",12,0.028296547821165818,51.01631767591021
"NA,NA,NA,1,1,2,NA,NA,NA",12,0.028296547821165818,51.044614223731365
"NA,2,NA,NA,NA,NA,1,NA,NA",12,0.028296547821165818,51.072910771552536
"2,2,2,1,2,2,2,1,1",12,0.028296547821165818,51.1012073193737
"1,1,2,2,2,2,2,NA,2",12,0.028296547821165818,51.12950386719487
"2,2,NA,1,1,2,1,NA,2",12,0.028296547821165818,51.15780041501603
"2,2,0,2,2,2,2,2,1",12,0.028296547821165818,51.186096962837205
"2,2,0,2,2,2,2,NA,1",12,0.028296547821165818,51.21439351065836
"2,2,2,2,2,NA,2,1,2",12,0.028296547821165818,51.24269005847953
"NA,NA,NA,0,2,1,NA,NA,NA",12,0.028296547821165818,51.270986606300696
"2,NA,NA,2,2,1,2,NA,NA",12,0.028296547821165818,51.299283154121866
"1,1,NA,NA,NA,NA,NA,NA,NA",12,0.028296547821165818,51.32757970194303
"2,2,NA,2,2,NA,1,2,2",12,0.028296547821165818,51.3558762497642
"2,2,2,NA,NA,NA,2,2,1",12,0.028296547821165818,51.38417279758536
"NA,2,2,1,2,2,2,2,2",11,0.025938502169402,51.41011129975477
"2,2,0,2,2,2,0,2,0",11,0.025938502169402,51.43604980192416
"1,2,NA,2,2,NA,NA,NA,NA",11,0.025938502169402,51.461988304093566
"1,NA,NA,2,NA,NA,NA,NA,NA",11,0.025938502169402,51.487926806262976
"0,2,2,2,2,0,2,2,2",11,0.025938502169402,51.51386530843237
"NA,NA,NA,NA,NA,NA,1,NA,1",11,0.025938502169402,51.53980381060177
"NA,1,NA,2,2,NA,NA,NA,NA",11,0.025938502169402,51.56574231277118
"NA,2,NA,2,2,2,2,NA,1",11,0.025938502169402,51.591680814940574
"0,2,0,2,2,2,2,NA,2",11,0.025938502169402,51.61761931710998
"2,1,2,0,0,2,2,2,0",11,0.025938502169402,51.64355781927939
"2,2,1,2,2,2,2,1,1",11,0.025938502169402,51.66949632144878
"2,1,2,0,0,2,0,2,2",11,0.025938502169402,51.69543482361818
"2,2,NA,0,0,NA,0,NA,NA",11,0.025938502169402,51.72137332578759
"NA,2,2,2,1,2,2,2,NA",11,0.025938502169402,51.747311827956985
"2,2,2,2,1,2,2,NA,NA",11,0.025938502169402,51.77325033012639
"2,2,NA,2,2,2,NA,NA,0",11,0.025938502169402,51.7991888322958
"2,0,2,2,2,0,2,2,2",11,0.025938502169402,51.82512733446519
"2,2,NA,2,2,0,2,NA,2",11,0.025938502169402,51.851065836634604
"2,2,2,NA,NA,2,2,2,1",11,0.025938502169402,51.877004338804
"NA,2,NA,2,2,2,0,NA,NA",11,0.025938502169402,51.902942840973395
"2,0,NA,NA,NA,NA,NA,NA,1",11,0.025938502169402,51.928881343142805
"NA,0,NA,0,NA,NA,NA,NA,NA",11,0.025938502169402,51.95481984531221
"2,NA,NA,2,2,2,2,NA,1",11,0.025938502169402,51.980758347481604
"2,2,1,1,2,2,1,2,2",11,0.025938502169402,52.006696849651014
"2,2,2,2,1,2,2,2,NA",11,0.025938502169402,52.03263535182041
"NA,0,NA,1,2,NA,NA,NA,NA",11,0.025938502169402,52.058573853989806
"2,2,2,2,2,NA,2,2,0",11,0.025938502169402,52.084512356159216
"2,2,0,0,0,2,0,0,0",11,0.025938502169402,52.11045085832862
"2,2,NA,1,2,2,1,NA,1",11,0.025938502169402,52.136389360498015
"2,2,NA,2,1,NA,2,2,2",11,0.025938502169402,52.162327862667425
"1,2,0,2,2,2,2,0,2",11,0.025938502169402,52.18826636483682
"2,NA,1,NA,NA,NA,NA,2,NA",11,0.025938502169402,52.21420486700622
"2,2,1,1,1,2,2,1,2",11,0.025938502169402,52.24014336917563
"NA,NA,NA,NA,NA,1,1,NA,NA",11,0.025938502169402,52.26608187134503
"1,2,2,2,2,2,2,NA,NA",11,0.025938502169402,52.29202037351443
"NA,NA,NA,2,2,1,2,NA,2",11,0.025938502169402,52.317958875683836
"2,2,0,2,2,NA,2,NA,2",11,0.025938502169402,52.34389737785323
"2,2,NA,1,1,2,2,NA,2",11,0.025938502169402,52.36983588002264
"2,2,NA,NA,NA,NA,2,NA,1",11,0.025938502169402,52.39577438219204
"NA,NA,NA,2,2,0,2,NA,2",11,0.025938502169402,52.42171288436144
"NA,NA,NA,2,2,0,0,NA,NA",11,0.025938502169402,52.44765138653085
"NA,2,2,NA,NA,NA,NA,0,NA",11,0.025938502169402,52.473589888700246
"0,1,NA,2,2,2,2,NA,2",11,0.025938502169402,52.49952839086964
"0,NA,NA,2,2,2,2,NA,2",11,0.025938502169402,52.52546689303905
"1,2,2,0,0,2,0,2,2",11,0.025938502169402,52.55140539520845
"2,2,NA,2,1,NA,2,2,1",11,0.025938502169402,52.57734389737785
"2,1,2,2,0,2,2,0,2",11,0.025938502169402,52.603282399547254
"0,2,2,2,2,2,1,2,2",11,0.025938502169402,52.62922090171666
"1,2,NA,2,2,NA,2,NA,2",11,0.025938502169402,52.65515940388605
"1,NA,NA,NA,NA,NA,NA,2,NA",11,0.025938502169402,52.68109790605546
"NA,NA,NA,1,2,0,NA,NA,NA",11,0.025938502169402,52.70703640822486
"0,NA,NA,NA,NA,NA,0,NA,NA",11,0.025938502169402,52.73297491039427
"2,2,2,2,1,2,2,2,0",11,0.025938502169402,52.75891341256367
"0,2,2,2,2,2,2,NA,NA",10,0.023580456517638182,52.78249386908131
"2,2,1,1,1,2,2,NA,1",10,0.023580456517638182,52.80607432559894
"0,NA,NA,2,2,NA,0,NA,NA",10,0.023580456517638182,52.829654782116584
"2,0,2,2,1,2,2,2,2",10,0.023580456517638182,52.85323523863422
"2,NA,NA,2,2,0,NA,NA,NA",10,0.023580456517638182,52.876815695151855
"2,NA,NA,2,2,2,1,NA,NA",10,0.023580456517638182,52.90039615166949
"2,NA,NA,0,2,NA,0,NA,NA",10,0.023580456517638182,52.92397660818714
"2,0,2,2,2,2,2,2,NA",10,0.023580456517638182,52.947557064704775
"1,NA,NA,2,1,NA,NA,NA,NA",10,0.023580456517638182,52.97113752122241
"2,2,NA,2,0,NA,NA,NA,NA",10,0.023580456517638182,52.994717977740045
"1,2,0,2,0,2,2,2,2",10,0.023580456517638182,53.01829843425768
"2,NA,NA,NA,NA,NA,NA,NA,0",10,0.023580456517638182,53.04187889077533
"2,2,2,2,2,2,0,0,0",10,0.023580456517638182,53.065459347292965
"2,2,2,NA,NA,NA,1,NA,NA",10,0.023580456517638182,53.0890398038106
"1,1,2,2,0,2,2,0,2",10,0.023580456517638182,53.112620260328235
"0,1,NA,NA,NA,NA,NA,NA,NA",10,0.023580456517638182,53.136200716845885
"1,1,0,2,0,2,2,2,2",10,0.023580456517638182,53.15978117336352
"2,2,NA,2,0,2,2,NA,2",10,0.023580456517638182,53.183361629881155
"1,NA,NA,NA,NA,NA,NA,NA,2",10,0.023580456517638182,53.20694208639879
"NA,2,NA,0,2,2,NA,NA,NA",10,0.023580456517638182,53.23052254291644
"2,NA,0,NA,NA,NA,NA,2,NA",10,0.023580456517638182,53.254102999434075
"0,2,2,2,2,NA,2,2,2",10,0.023580456517638182,53.27768345595171
"0,2,2,1,2,2,2,2,2",10,0.023580456517638182,53.301263912469345
"NA,2,2,NA,NA,NA,NA,1,NA",10,0.023580456517638182,53.32484436898698
"NA,1,2,NA,NA,NA,NA,2,NA",10,0.023580456517638182,53.34842482550462
"NA,2,NA,NA,NA,NA,2,NA,1",10,0.023580456517638182,53.37200528202226
"2,1,2,0,0,2,0,0,2",10,0.023580456517638182,53.3955857385399
"2,2,NA,2,2,2,2,1,2",10,0.023580456517638182,53.419166195057535
"2,2,1,2,1,2,1,2,2",10,0.023580456517638182,53.44274665157518
"NA,1,NA,0,0,2,NA,NA,NA",10,0.023580456517638182,53.46632710809281
"1,NA,NA,2,0,NA,NA,NA,NA",10,0.023580456517638182,53.48990756461045
"NA,NA,NA,0,2,NA,NA,NA,2",10,0.023580456517638182,53.51348802112808
"2,1,0,2,2,2,2,NA,2",10,0.023580456517638182,53.53706847764572
"2,2,2,NA,2,0,2,2,2",10,0.023580456517638182,53.56064893416337
"2,2,NA,2,2,NA,0,NA,NA",10,0.023580456517638182,53.584229390681
"2,1,0,2,2,2,2,0,2",10,0.023580456517638182,53.60780984719864
"2,2,NA,2,2,NA,1,NA,2",10,0.023580456517638182,53.63139030371627
"0,NA,NA,2,0,NA,NA,NA,NA",10,0.023580456517638182,53.65497076023392
"2,0,NA,2,2,2,0,NA,NA",10,0.023580456517638182,53.67855121675156
"2,2,2,1,2,2,2,0,2",10,0.023580456517638182,53.70213167326919
"2,2,2,0,0,2,2,0,0",10,0.023580456517638182,53.72571212978683
"NA,NA,NA,NA,2,NA,0,NA,NA",10,0.023580456517638182,53.74929258630448
"2,2,NA,NA,NA,NA,0,NA,NA",10,0.023580456517638182,53.77287304282211
"2,0,2,2,2,2,2,2,1",10,0.023580456517638182,53.79645349933975
"NA,NA,NA,NA,2,0,2,NA,NA",10,0.023580456517638182,53.82003395585738
"2,NA,NA,NA,NA,NA,2,NA,1",10,0.023580456517638182,53.84361441237502
"2,2,2,0,0,2,0,0,2",10,0.023580456517638182,53.86719486889267
"NA,NA,NA,1,1,NA,2,NA,NA",10,0.023580456517638182,53.8907753254103
"1,NA,NA,NA,NA,NA,0,NA,NA",10,0.023580456517638182,53.91435578192794
"2,2,2,2,2,0,2,NA,NA",10,0.023580456517638182,53.93793623844557
"2,0,2,2,2,2,2,NA,0",10,0.023580456517638182,53.961516694963215
"NA,NA,NA,2,1,NA,1,NA,NA",10,0.023580456517638182,53.98509715148086
"NA,0,NA,NA,NA,NA,NA,2,NA",10,0.023580456517638182,54.00867760799849
"NA,NA,NA,NA,2,NA,NA,0,NA",10,0.023580456517638182,54.03225806451613
"2,2,NA,2,2,1,2,NA,NA",10,0.023580456517638182,54.05583852103377
"0,0,NA,2,2,2,2,NA,NA",10,0.023580456517638182,54.079418977551406
"2,2,1,NA,NA,NA,2,2,1",10,0.023580456517638182,54.10299943406904
"2,2,2,2,1,NA,2,2,2",10,0.023580456517638182,54.126579890586676
"NA,NA,NA,NA,NA,1,NA,NA,2",9,0.021222410865874362,54.14780230145255
"2,2,1,2,2,NA,2,2,2",9,0.021222410865874362,54.169024712318425
"2,2,1,2,2,2,1,2,1",9,0.021222410865874362,54.19024712318431
"2,2,2,1,2,2,1,NA,2",9,0.021222410865874362,54.21146953405018
"NA,NA,NA,2,0,1,0,NA,NA",9,0.021222410865874362,54.232691944916056
"2,2,NA,0,2,NA,0,NA,NA",9,0.021222410865874362,54.25391435578193
"2,0,NA,2,2,NA,2,NA,2",9,0.021222410865874362,54.275136766647805
"2,0,NA,2,2,2,2,NA,0",9,0.021222410865874362,54.29635917751368
"2,2,NA,2,2,0,2,NA,1",9,0.021222410865874362,54.31758158837955
"1,1,2,0,0,2,0,0,2",9,0.021222410865874362,54.33880399924542
"NA,NA,NA,0,0,1,0,NA,NA",9,0.021222410865874362,54.360026410111296
"0,2,NA,2,2,2,2,NA,1",9,0.021222410865874362,54.38124882097718
"2,NA,NA,NA,NA,NA,1,NA,2",9,0.021222410865874362,54.40247123184305
"1,NA,NA,2,2,2,2,NA,2",9,0.021222410865874362,54.423693642708926
"2,2,1,2,1,2,2,NA,2",9,0.021222410865874362,54.4449160535748
"1,2,2,2,2,2,1,2,NA",9,0.021222410865874362,54.466138464440675
"0,2,NA,NA,NA,NA,NA,NA,2",9,0.021222410865874362,54.48736087530654
"2,0,2,1,2,2,2,2,2",9,0.021222410865874362,54.50858328617242
"2,2,NA,2,2,NA,1,NA,NA",9,0.021222410865874362,54.52980569703829
"2,2,2,1,1,2,2,1,1",9,0.021222410865874362,54.551028107904166
"1,1,2,2,0,2,0,2,2",9,0.021222410865874362,54.57225051877004
"2,2,1,NA,NA,NA,2,NA,NA",9,0.021222410865874362,54.59347292963592
"2,2,1,2,2,1,2,2,2",9,0.021222410865874362,54.6146953405018
"2,2,0,2,2,2,1,NA,2",9,0.021222410865874362,54.63591775136767
"0,2,NA,2,2,2,2,NA,0",9,0.021222410865874362,54.65714016223354
"2,2,2,NA,NA,0,2,2,2",9,0.021222410865874362,54.67836257309941
"2,0,NA,2,2,2,2,NA,1",9,0.021222410865874362,54.69958498396529
"NA,2,NA,2,2,NA,0,NA,NA",9,0.021222410865874362,54.72080739483116
"NA,NA,NA,2,1,1,NA,NA,NA",9,0.021222410865874362,54.74202980569704
"2,2,NA,2,2,NA,2,NA,0",9,0.021222410865874362,54.763252216562904
"2,NA,NA,NA,NA,0,2,NA,NA",9,0.021222410865874362,54.78447462742879
"NA,NA,NA,NA,NA,NA,2,0,NA",9,0.021222410865874362,54.80569703829467
"2,2,2,NA,NA,NA,1,2,2",9,0.021222410865874362,54.82691944916054
"0,0,NA,2,2,NA,NA,NA,NA",9,0.021222410865874362,54.84814186002641
"0,2,2,2,1,2,2,2,2",9,0.021222410865874362,54.869364270892284
"0,NA,NA,NA,NA,1,NA,NA,NA",9,0.021222410865874362,54.89058668175816
"2,2,2,0,2,2,2,NA,2",9,0.021222410865874362,54.91180909262403
"NA,2,NA,1,2,2,NA,NA,NA",9,0.021222410865874362,54.93303150348991
"2,1,2,1,1,2,2,2,1",9,0.021222410865874362,54.954253914355775
"0,2,NA,2,2,2,0,NA,NA",9,0.021222410865874362,54.97547632522166
"NA,2,NA,2,0,2,NA,NA,NA",9,0.021222410865874362,54.99669873608754
"2,2,NA,2,0,2,2,NA,NA",9,0.021222410865874362,55.017921146953405
"NA,NA,NA,NA,NA,0,NA,NA,2",9,0.021222410865874362,55.03914355781928
"NA,2,2,2,2,2,0,2,NA",9,0.021222410865874362,55.060365968685154
"2,2,2,2,2,1,2,NA,NA",9,0.021222410865874362,55.08158837955103
"1,2,2,2,2,2,2,NA,1",9,0.021222410865874362,55.1028107904169
"2,2,2,2,2,0,0,2,2",9,0.021222410865874362,55.12403320128277
"2,2,0,2,0,2,0,2,2",9,0.021222410865874362,55.145255612148645
"2,2,2,1,2,2,1,1,2",9,0.021222410865874362,55.16647802301452
"2,1,2,2,2,2,0,NA,2",9,0.021222410865874362,55.1877004338804
"NA,NA,NA,2,2,NA,NA,NA,1",9,0.021222410865874362,55.208922844746276
"1,2,2,0,0,2,0,0,2",9,0.021222410865874362,55.23014525561215
"0,2,2,2,2,2,2,NA,1",9,0.021222410865874362,55.251367666478025
"2,2,2,2,2,1,1,2,2",9,0.021222410865874362,55.2725900773439
"NA,NA,NA,2,1,2,0,NA,NA",9,0.021222410865874362,55.29381248820977
"1,NA,NA,0,NA,NA,NA,NA,NA",9,0.021222410865874362,55.31503489907564
"NA,NA,NA,2,2,1,0,NA,NA",9,0.021222410865874362,55.336257309941516
"1,2,2,0,0,2,0,2,0",9,0.021222410865874362,55.35747972080739
"1,1,0,2,2,2,2,2,2",9,0.021222410865874362,55.37870213167327
"0,0,NA,2,2,2,2,NA,2",9,0.021222410865874362,55.399924542539146
"2,1,2,2,2,2,2,0,0",9,0.021222410865874362,55.42114695340502
"NA,NA,NA,0,NA,2,0,NA,NA",9,0.021222410865874362,55.442369364270895
"2,2,NA,2,2,2,2,2,0",9,0.021222410865874362,55.46359177513677
"2,2,2,2,2,NA,2,NA,1",9,0.021222410865874362,55.48481418600264
"2,1,2,2,2,0,2,2,2",9,0.021222410865874362,55.50603659686851
"0,NA,NA,NA,NA,NA,2,NA,2",9,0.021222410865874362,55.527259007734386
"1,2,2,2,0,2,2,2,NA",9,0.021222410865874362,55.54848141860026
"1,2,2,2,0,2,0,0,2",9,0.021222410865874362,55.56970382946614
"NA,NA,NA,NA,0,NA,NA,2,NA",9,0.021222410865874362,55.59092624033202
"2,2,2,2,2,2,1,NA,1",9,0.021222410865874362,55.61214865119789
"NA,NA,NA,NA,0,NA,0,NA,NA",9,0.021222410865874362,55.633371062063766
"2,2,NA,2,2,2,1,NA,0",9,0.021222410865874362,55.65459347292963
"2,1,2,2,2,NA,2,2,2",9,0.021222410865874362,55.67581588379551
"2,0,NA,1,2,NA,NA,NA,NA",9,0.021222410865874362,55.69703829466138
"0,NA,NA,2,2,NA,2,NA,NA",9,0.021222410865874362,55.71826070552726
"2,1,2,2,2,2,2,NA,0",9,0.021222410865874362,55.73948311639313
"NA,NA,NA,1,NA,2,NA,NA,NA",9,0.021222410865874362,55.760705527259006
"0,NA,NA,NA,NA,2,NA,NA,NA",9,0.021222410865874362,55.78192793812489
"0,1,2,2,2,2,2,2,2",9,0.021222410865874362,55.80315034899076
"2,NA,NA,1,NA,NA,NA,NA,NA",9,0.021222410865874362,55.82437275985663
"2,2,NA,2,2,NA,2,0,NA",9,0.021222410865874362,55.845595170722504
"2,1,0,0,0,2,2,2,2",8,0.018864365214110543,55.86445953593662
"2,2,NA,2,2,2,2,2,1",8,0.018864365214110543,55.883323901150725
"1,2,1,2,2,2,2,NA,2",8,0.018864365214110543,55.90218826636484
"1,1,2,2,2,2,2,0,0",8,0.018864365214110543,55.92105263157895
"2,0,2,NA,NA,0,2,2,2",8,0.018864365214110543,55.93991699679306
"2,2,1,2,2,2,2,2,NA",8,0.018864365214110543,55.95878136200717
"NA,NA,NA,2,0,2,NA,NA,2",8,0.018864365214110543,55.97764572722128
"2,0,NA,2,2,1,NA,NA,NA",8,0.018864365214110543,55.99651009243539
"2,NA,NA,NA,NA,2,2,NA,1",8,0.018864365214110543,56.0153744576495
"0,2,NA,2,2,NA,2,NA,1",8,0.018864365214110543,56.034238822863614
"1,NA,NA,1,2,NA,NA,NA,NA",8,0.018864365214110543,56.05310318807773
"NA,2,NA,2,2,2,2,NA,0",8,0.018864365214110543,56.071967553291834
"2,2,2,2,0,2,2,2,NA",8,0.018864365214110543,56.09083191850595
"1,1,2,0,0,2,0,2,0",8,0.018864365214110543,56.109696283720055
"2,2,2,0,2,2,0,2,2",8,0.018864365214110543,56.12856064893417
"0,2,NA,NA,NA,NA,2,NA,NA",8,0.018864365214110543,56.147425014148276
"NA,0,NA,2,1,NA,NA,NA,NA",8,0.018864365214110543,56.16628937936239
"2,1,NA,2,2,NA,2,NA,NA",8,0.018864365214110543,56.185153744576496
"0,1,NA,2,2,NA,NA,NA,NA",8,0.018864365214110543,56.20401810979061
"0,2,2,2,2,2,2,0,NA",8,0.018864365214110543,56.222882475004724
"0,2,NA,2,2,2,2,2,2",8,0.018864365214110543,56.24174684021883
"NA,NA,NA,1,1,2,2,NA,2",8,0.018864365214110543,56.260611205432944
"NA,2,NA,1,2,NA,NA,NA,NA",8,0.018864365214110543,56.27947557064705
"2,NA,NA,2,2,1,NA,NA,NA",8,0.018864365214110543,56.298339935861165
"1,1,0,0,0,2,2,2,2",8,0.018864365214110543,56.31720430107527
"0,NA,NA,NA,0,NA,NA,NA,NA",8,0.018864365214110543,56.33606866628937
"2,2,0,2,0,2,0,2,0",8,0.018864365214110543,56.354933031503485
"NA,0,NA,NA,NA,2,NA,NA,NA",8,0.018864365214110543,56.37379739671759
"1,2,2,NA,NA,NA,NA,NA,NA",8,0.018864365214110543,56.392661761931706
"1,2,2,1,1,2,2,2,1",8,0.018864365214110543,56.41152612714582
"NA,0,NA,2,0,NA,NA,NA,NA",8,0.018864365214110543,56.430390492359926
"2,2,NA,1,2,NA,2,NA,NA",8,0.018864365214110543,56.44925485757404
"0,2,NA,2,2,NA,2,2,1",8,0.018864365214110543,56.46811922278815
"2,2,2,NA,NA,NA,0,2,NA",8,0.018864365214110543,56.48698358800226
"2,2,NA,0,0,2,2,NA,2",8,0.018864365214110543,56.50584795321637
"NA,NA,2,NA,NA,NA,1,2,NA",8,0.018864365214110543,56.52471231843048
"NA,2,2,2,2,0,2,2,2",8,0.018864365214110543,56.543576683644595
"2,2,0,1,2,2,2,2,2",8,0.018864365214110543,56.5624410488587
"2,2,0,0,0,2,2,0,2",8,0.018864365214110543,56.581305414072816
"2,2,NA,2,2,1,2,2,2",8,0.018864365214110543,56.60016977928692
"2,2,2,2,2,0,2,0,2",8,0.018864365214110543,56.619034144501036
"NA,2,NA,2,2,0,2,NA,NA",8,0.018864365214110543,56.63789850971514
"2,2,2,1,1,0,2,2,1",8,0.018864365214110543,56.65676287492926
"NA,NA,NA,2,NA,NA,NA,0,NA",8,0.018864365214110543,56.67562724014337
"2,2,2,2,1,2,2,1,1",8,0.018864365214110543,56.69449160535748
"NA,2,0,2,2,2,2,NA,2",8,0.018864365214110543,56.71335597057159
"2,0,NA,NA,NA,NA,NA,2,NA",8,0.018864365214110543,56.7322203357857
"2,NA,NA,0,2,2,NA,NA,NA",8,0.018864365214110543,56.75108470099981
"2,2,2,NA,NA,0,2,2,1",8,0.018864365214110543,56.76994906621392
"NA,2,2,2,2,2,2,1,NA",8,0.018864365214110543,56.78881343142803
"2,2,0,2,1,2,2,2,2",8,0.018864365214110543,56.80767779664214
"2,2,2,1,2,2,2,2,NA",8,0.018864365214110543,56.82654216185625
"0,NA,NA,1,2,NA,NA,NA,NA",8,0.018864365214110543,56.84540652707037
"1,NA,NA,2,2,2,NA,NA,NA",8,0.018864365214110543,56.86427089228447
"NA,NA,NA,2,NA,0,2,NA,NA",8,0.018864365214110543,56.88313525749859
"2,2,NA,2,2,NA,0,0,2",8,0.018864365214110543,56.901999622712694
"NA,NA,1,NA,NA,NA,NA,0,NA",8,0.018864365214110543,56.92086398792681
"2,2,1,2,2,NA,2,NA,2",8,0.018864365214110543,56.939728353140914
"0,2,2,2,2,1,2,2,2",8,0.018864365214110543,56.95859271835503
"1,2,0,2,0,2,2,0,2",8,0.018864365214110543,56.977457083569135
"2,2,0,0,2,2,2,2,2",8,0.018864365214110543,56.99632144878325
"NA,NA,NA,1,2,1,2,NA,NA",8,0.018864365214110543,57.01518581399736
"2,2,2,1,2,1,2,1,2",8,0.018864365214110543,57.03405017921147
"NA,NA,NA,NA,1,1,NA,NA,NA",8,0.018864365214110543,57.05291454442558
"2,2,2,2,0,2,2,NA,0",8,0.018864365214110543,57.07177890963969
"0,2,0,2,2,2,2,NA,NA",8,0.018864365214110543,57.090643274853804
"2,2,NA,1,2,2,NA,NA,NA",8,0.018864365214110543,57.10950764006791
"2,2,1,2,1,2,1,2,1",8,0.018864365214110543,57.128372005282024
"2,2,2,2,2,2,0,2,1",8,0.018864365214110543,57.14723637049614
"1,1,2,2,2,2,2,2,NA",8,0.018864365214110543,57.166100735710245
"2,2,NA,2,2,NA,1,2,NA",8,0.018864365214110543,57.18496510092436
"2,2,1,1,1,2,1,1,2",8,0.018864365214110543,57.203829466138465
"2,2,2,1,1,2,1,NA,1",8,0.018864365214110543,57.22269383135258
"1,1,2,2,2,2,2,2,1",8,0.018864365214110543,57.241558196566686
"NA,2,0,NA,NA,NA,NA,NA,NA",8,0.018864365214110543,57.2604225617808
"0,NA,NA,NA,NA,0,NA,NA,NA",8,0.018864365214110543,57.279286926994914
"NA,2,NA,NA,NA,NA,NA,NA,1",8,0.018864365214110543,57.29815129220902
"2,1,2,2,2,2,0,2,2",8,0.018864365214110543,57.317015657423134
"2,2,0,NA,NA,NA,NA,2,NA",8,0.018864365214110543,57.33588002263724
"1,2,2,2,2,2,1,2,0",8,0.018864365214110543,57.354744387851355
"2,2,2,0,0,2,0,0,0",8,0.018864365214110543,57.37360875306546
"2,1,2,2,2,2,2,NA,1",8,0.018864365214110543,57.392473118279575
"2,2,2,1,2,NA,2,2,1",8,0.018864365214110543,57.41133748349368
"NA,2,NA,0,2,NA,2,NA,NA",8,0.018864365214110543,57.430201848707796
"NA,2,NA,0,0,2,NA,NA,NA",8,0.018864365214110543,57.44906621392191
"2,0,NA,2,1,NA,NA,NA,NA",8,0.018864365214110543,57.467930579136016
"NA,2,NA,NA,NA,0,NA,NA,NA",8,0.018864365214110543,57.48679494435013
"NA,1,NA,NA,NA,NA,NA,1,NA",8,0.018864365214110543,57.50565930956423
"0,NA,2,NA,NA,NA,NA,NA,NA",8,0.018864365214110543,57.52452367477834
"2,2,0,2,2,0,2,NA,2",8,0.018864365214110543,57.54338803999245
"0,2,NA,2,2,2,NA,NA,2",8,0.018864365214110543,57.56225240520656
"NA,2,NA,1,NA,NA,NA,NA,NA",8,0.018864365214110543,57.58111677042067
"NA,NA,NA,2,1,2,1,NA,NA",8,0.018864365214110543,57.59998113563478
"2,2,NA,NA,1,NA,NA,NA,NA",8,0.018864365214110543,57.61884550084889
"NA,1,NA,2,0,NA,NA,NA,NA",8,0.018864365214110543,57.637709866063005
"NA,2,NA,2,1,2,NA,NA,NA",8,0.018864365214110543,57.65657423127711
"2,1,1,2,2,2,2,NA,2",8,0.018864365214110543,57.675438596491226
"NA,NA,1,2,2,NA,NA,NA,NA",8,0.018864365214110543,57.69430296170533
"2,2,0,2,2,2,2,1,0",8,0.018864365214110543,57.71316732691945
"2,1,2,1,2,2,2,2,2",8,0.018864365214110543,57.73203169213355
"NA,2,NA,NA,NA,NA,0,NA,NA",8,0.018864365214110543,57.75089605734767
"0,2,NA,2,2,NA,0,NA,NA",8,0.018864365214110543,57.76976042256178
"2,2,NA,2,1,NA,1,NA,2",8,0.018864365214110543,57.78862478777589
"2,2,NA,2,1,2,2,NA,1",8,0.018864365214110543,57.80748915299
"NA,1,1,NA,NA,NA,NA,2,NA",8,0.018864365214110543,57.82635351820411
"0,2,2,2,2,2,2,NA,0",8,0.018864365214110543,57.84521788341822
"2,2,NA,2,0,2,0,NA,NA",8,0.018864365214110543,57.86408224863233
"0,2,NA,2,2,0,2,NA,NA",7,0.016506319562346727,57.88058856819468
"NA,NA,NA,1,1,2,2,NA,NA",7,0.016506319562346727,57.89709488775703
"NA,0,NA,NA,NA,NA,0,NA,NA",7,0.016506319562346727,57.913601207319374
"NA,NA,NA,NA,NA,2,0,NA,0",7,0.016506319562346727,57.93010752688173
"2,2,NA,0,2,2,2,NA,NA",7,0.016506319562346727,57.94661384644406
"NA,NA,2,NA,NA,NA,1,NA,NA",7,0.016506319562346727,57.96312016600641
"NA,NA,NA,2,0,NA,NA,NA,2",7,0.016506319562346727,57.97962648556876
"NA,2,NA,NA,2,0,NA,NA,NA",7,0.016506319562346727,57.996132805131104
"2,2,NA,2,1,NA,2,NA,NA",7,0.016506319562346727,58.01263912469346
"2,2,2,NA,NA,1,2,2,2",7,0.016506319562346727,58.0291454442558
"NA,2,2,2,2,0,2,2,NA",7,0.016506319562346727,58.04565176381815
"2,2,1,2,2,0,2,2,2",7,0.016506319562346727,58.0621580833805
"2,2,2,1,1,2,2,NA,2",7,0.016506319562346727,58.078664402942834
"2,2,0,2,2,0,2,2,2",7,0.016506319562346727,58.09517072250519
"2,2,2,2,2,2,1,NA,0",7,0.016506319562346727,58.111677042067534
"0,NA,NA,2,2,0,NA,NA,NA",7,0.016506319562346727,58.12818336162988
"1,1,2,0,0,2,0,2,NA",7,0.016506319562346727,58.14468968119223
"2,2,2,2,2,NA,1,2,2",7,0.016506319562346727,58.16119600075458
"0,NA,NA,2,2,2,0,NA,NA",7,0.016506319562346727,58.177702320316925
"2,NA,NA,2,2,0,2,NA,NA",7,0.016506319562346727,58.194208639879264
"0,0,2,NA,NA,NA,NA,NA,NA",7,0.016506319562346727,58.21071495944161
"NA,NA,NA,2,1,2,1,NA,2",7,0.016506319562346727,58.22722127900396
"NA,NA,NA,2,2,2,0,NA,0",7,0.016506319562346727,58.24372759856631
"NA,NA,NA,0,NA,NA,1,NA,NA",7,0.016506319562346727,58.260233918128655
"NA,NA,NA,2,NA,NA,1,NA,NA",7,0.016506319562346727,58.276740237691
"NA,2,2,1,2,2,2,2,NA",7,0.016506319562346727,58.293246557253354
"1,2,2,2,0,2,2,0,0",7,0.016506319562346727,58.30975287681569
"1,NA,NA,0,2,NA,NA,NA,NA",7,0.016506319562346727,58.32625919637804
"2,2,0,0,0,2,0,2,2",7,0.016506319562346727,58.342765515940386
"2,2,0,2,2,2,0,0,0",7,0.016506319562346727,58.35927183550274
"2,2,0,0,0,2,0,2,0",7,0.016506319562346727,58.375778155065085
"NA,2,2,2,0,2,2,2,NA",7,0.016506319562346727,58.39228447462743
"2,2,2,2,2,2,0,NA,0",7,0.016506319562346727,58.40879079418978
"2,2,0,0,0,2,2,0,0",7,0.016506319562346727,58.425297113752116
"NA,2,2,1,2,2,2,2,1",7,0.016506319562346727,58.44180343331446
"2,2,2,2,1,NA,2,2,1",7,0.016506319562346727,58.458309752876815
"1,1,2,2,2,1,2,2,2",7,0.016506319562346727,58.47481607243916
"NA,2,2,NA,NA,NA,1,2,NA",7,0.016506319562346727,58.49132239200151
"2,NA,NA,2,2,NA,NA,NA,1",7,0.016506319562346727,58.50782871156386
"2,NA,NA,2,1,2,2,NA,2",7,0.016506319562346727,58.524335031126206
"0,0,2,2,2,2,2,2,0",7,0.016506319562346727,58.540841350688545
"2,2,NA,2,2,NA,2,1,1",7,0.016506319562346727,58.55734767025089
"0,2,NA,2,1,NA,NA,NA,NA",7,0.016506319562346727,58.57385398981324
"0,2,2,2,1,NA,2,2,2",7,0.016506319562346727,58.59036030937559
"0,NA,NA,NA,NA,2,2,NA,NA",7,0.016506319562346727,58.60686662893794
"2,2,NA,2,0,2,2,NA,0",7,0.016506319562346727,58.62337294850028
"2,1,NA,0,2,NA,NA,NA,NA",7,0.016506319562346727,58.639879268062636
"2,2,0,2,2,2,2,0,NA",7,0.016506319562346727,58.65638558762498
"1,NA,NA,NA,NA,NA,NA,0,NA",7,0.016506319562346727,58.67289190718732
"2,2,1,1,2,2,2,NA,2",7,0.016506319562346727,58.68939822674967
"1,NA,NA,2,0,2,2,NA,NA",7,0.016506319562346727,58.70590454631201
"2,NA,NA,2,2,0,1,NA,NA",7,0.016506319562346727,58.722410865874366
"NA,0,NA,0,0,2,NA,NA,NA",7,0.016506319562346727,58.73891718543671
"2,2,NA,2,2,1,2,NA,1",7,0.016506319562346727,58.75542350499906
"1,2,2,2,1,2,2,2,2",7,0.016506319562346727,58.77192982456141
"NA,NA,NA,NA,0,2,2,NA,NA",7,0.016506319562346727,58.78843614412374
"2,2,2,0,2,NA,2,2,2",7,0.016506319562346727,58.804942463686096
"NA,NA,NA,2,NA,1,2,NA,NA",7,0.016506319562346727,58.82144878324844
"NA,0,NA,2,2,2,0,NA,NA",7,0.016506319562346727,58.83795510281079
"NA,NA,NA,NA,1,NA,2,NA,NA",7,0.016506319562346727,58.85446142237314
"NA,NA,NA,NA,2,NA,1,NA,NA",7,0.016506319562346727,58.87096774193549
"2,2,NA,2,2,1,1,NA,NA",7,0.016506319562346727,58.887474061497834
"2,2,2,1,1,0,2,2,2",7,0.016506319562346727,58.90398038106017
"NA,0,2,NA,NA,NA,NA,1,NA",7,0.016506319562346727,58.92048670062252
"2,2,NA,NA,NA,0,NA,NA,NA",7,0.016506319562346727,58.93699302018487
"NA,2,2,2,1,2,2,2,1",7,0.016506319562346727,58.95349933974722
"NA,0,NA,NA,NA,2,2,NA,NA",7,0.016506319562346727,58.970005659309564
"NA,NA,NA,NA,NA,0,2,NA,1",7,0.016506319562346727,58.98651197887192
"0,NA,NA,0,0,NA,NA,NA,NA",7,0.016506319562346727,59.00301829843426
"1,NA,NA,NA,NA,NA,2,NA,2",7,0.016506319562346727,59.0195246179966
"1,NA,NA,NA,NA,NA,NA,NA,1",7,0.016506319562346727,59.03603093755895
"2,2,2,1,2,2,1,2,1",7,0.016506319562346727,59.052537257121294
"NA,NA,NA,0,NA,0,2,NA,NA",7,0.016506319562346727,59.06904357668365
"2,2,2,1,2,1,1,2,2",7,0.016506319562346727,59.08554989624599
"NA,0,NA,2,2,NA,2,NA,NA",7,0.016506319562346727,59.10205621580834
"NA,NA,NA,NA,1,0,2,NA,NA",7,0.016506319562346727,59.118562535370685
"NA,NA,NA,NA,0,NA,NA,NA,2",7,0.016506319562346727,59.135068854933024
"NA,0,NA,NA,0,NA,NA,NA,NA",7,0.016506319562346727,59.15157517449538
"NA,NA,NA,NA,2,2,1,NA,NA",7,0.016506319562346727,59.16808149405772
"2,2,NA,2,1,0,NA,NA,NA",7,0.016506319562346727,59.18458781362007
"2,2,0,0,0,2,0,0,2",7,0.016506319562346727,59.20109413318242
"2,NA,NA,2,1,NA,2,NA,NA",7,0.016506319562346727,59.21760045274477
"2,2,2,0,0,2,2,NA,2",7,0.016506319562346727,59.234106772307115
"0,0,2,2,2,0,2,2,1",7,0.016506319562346727,59.25061309186946
"2,2,NA,0,0,NA,NA,NA,NA",7,0.016506319562346727,59.2671194114318
"NA,NA,NA,0,2,1,2,NA,NA",7,0.016506319562346727,59.283625730994146
"NA,NA,NA,1,2,1,2,NA,2",7,0.016506319562346727,59.3001320505565
"1,2,NA,NA,NA,NA,2,NA,NA",7,0.016506319562346727,59.316638370118845
"NA,NA,NA,NA,NA,NA,NA,2,1",7,0.016506319562346727,59.33314468968119
"1,2,0,0,0,2,2,2,2",7,0.016506319562346727,59.349651009243544
"NA,0,NA,2,0,2,NA,NA,NA",7,0.016506319562346727,59.36615732880589
"NA,1,NA,2,2,2,0,NA,NA",7,0.016506319562346727,59.38266364836823
"2,2,2,0,2,2,2,2,NA",7,0.016506319562346727,59.399169967930575
"NA,NA,NA,2,1,0,2,NA,NA",7,0.016506319562346727,59.41567628749292
"2,2,NA,1,1,2,2,NA,NA",7,0.016506319562346727,59.432182607055275
"2,0,NA,2,1,2,2,NA,2",7,0.016506319562346727,59.44868892661762
"0,2,2,2,2,0,2,2,1",7,0.016506319562346727,59.46519524617997
"2,2,NA,1,1,NA,2,NA,1",7,0.016506319562346727,59.48170156574232
"2,2,0,2,2,2,1,2,2",7,0.016506319562346727,59.49820788530465
"2,1,2,2,0,2,0,2,2",7,0.016506319562346727,59.514714204867005
"0,2,2,2,2,2,0,2,2",7,0.016506319562346727,59.53122052442935
"1,NA,NA,2,2,2,0,NA,NA",7,0.016506319562346727,59.5477268439917
"1,2,0,2,2,1,2,2,2",7,0.016506319562346727,59.56423316355405
"1,2,2,2,2,2,0,2,0",7,0.016506319562346727,59.580739483116396
"NA,2,0,2,2,2,2,2,2",7,0.016506319562346727,59.59724580267874
"2,2,2,1,1,1,2,2,1",7,0.016506319562346727,59.61375212224108
"NA,NA,NA,0,0,NA,NA,NA,2",7,0.016506319562346727,59.63025844180343
"2,2,NA,2,2,NA,1,NA,1",7,0.016506319562346727,59.64676476136578
"1,2,NA,2,2,1,2,NA,2",7,0.016506319562346727,59.663271080928126
"2,1,NA,0,2,NA,0,NA,NA",7,0.016506319562346727,59.67977740049047
"NA,2,2,2,2,2,2,1,2",7,0.016506319562346727,59.696283720052826
"1,NA,NA,NA,0,NA,NA,NA,NA",7,0.016506319562346727,59.71279003961517
"1,1,2,2,0,2,2,0,0",7,0.016506319562346727,59.72929635917751
"0,0,2,2,2,NA,2,2,2",7,0.016506319562346727,59.74580267873986
"1,1,NA,2,2,2,2,NA,2",7,0.016506319562346727,59.7623089983022
"2,2,1,1,1,1,2,2,1",7,0.016506319562346727,59.778815317864556
"NA,NA,NA,2,NA,2,0,NA,NA",7,0.016506319562346727,59.7953216374269
"2,2,2,2,2,0,1,2,2",7,0.016506319562346727,59.81182795698925
"0,0,NA,2,2,NA,2,NA,2",7,0.016506319562346727,59.8283342765516
"2,2,2,0,2,2,2,0,0",7,0.016506319562346727,59.84484059611395
"0,2,0,2,2,2,2,0,2",7,0.016506319562346727,59.861346915676286
"1,NA,NA,NA,NA,1,NA,NA,NA",7,0.016506319562346727,59.87785323523863
"NA,NA,NA,NA,NA,2,1,NA,2",7,0.016506319562346727,59.89435955480098
"NA,2,2,NA,NA,1,2,2,NA",7,0.016506319562346727,59.91086587436333
"0,0,2,2,2,2,2,1,2",6,0.014148273910582909,59.92501414827392
"NA,2,NA,0,0,2,0,NA,NA",6,0.014148273910582909,59.93916242218449
"2,2,1,1,2,1,2,2,2",6,0.014148273910582909,59.95331069609507
"2,2,2,1,2,0,2,2,1",6,0.014148273910582909,59.96745897000566
"2,2,NA,2,0,NA,0,NA,NA",6,0.014148273910582909,59.981607243916244
"2,2,NA,1,1,2,1,NA,NA",6,0.014148273910582909,59.99575551782682
"1,2,2,1,2,2,2,1,2",6,0.014148273910582909,60.00990379173741
"2,2,2,2,2,NA,2,0,NA",6,0.014148273910582909,60.02405206564799
"1,2,0,0,0,2,0,0,2",6,0.014148273910582909,60.03820033955858
"1,NA,2,NA,NA,NA,NA,NA,NA",6,0.014148273910582909,60.05234861346915
"2,2,2,1,2,2,2,NA,1",6,0.014148273910582909,60.06649688737974
"NA,2,NA,0,1,NA,NA,NA,NA",6,0.014148273910582909,60.08064516129033
"NA,0,NA,NA,NA,NA,NA,0,NA",6,0.014148273910582909,60.09479343520091
"1,1,2,2,2,2,2,1,2",6,0.014148273910582909,60.108941709111484
"2,2,0,0,2,2,2,0,2",6,0.014148273910582909,60.12308998302207
"2,2,NA,2,2,0,0,NA,NA",6,0.014148273910582909,60.137238256932655
"NA,NA,NA,NA,NA,NA,1,2,NA",6,0.014148273910582909,60.15138653084323
"2,0,NA,2,2,NA,2,NA,0",6,0.014148273910582909,60.16553480475382
"NA,NA,NA,NA,NA,2,2,NA,0",6,0.014148273910582909,60.179683078664404
"2,2,0,2,2,0,2,2,NA",6,0.014148273910582909,60.19383135257499
"0,2,2,2,2,2,1,2,NA",6,0.014148273910582909,60.20797962648557
"1,1,2,0,0,2,2,2,NA",6,0.014148273910582909,60.22212790039615
"NA,0,2,2,2,2,2,2,2",6,0.014148273910582909,60.23627617430674
"2,1,0,0,0,2,0,0,0",6,0.014148273910582909,60.25042444821732
"0,NA,1,NA,NA,NA,NA,NA,NA",6,0.014148273910582909,60.264572722127895
"NA,NA,NA,1,NA,NA,1,NA,NA",6,0.014148273910582909,60.27872099603848
"NA,1,NA,NA,NA,NA,NA,0,NA",6,0.014148273910582909,60.292869269949065
"NA,2,2,2,1,2,2,2,2",6,0.014148273910582909,60.30701754385965
"2,2,1,2,2,0,2,NA,2",6,0.014148273910582909,60.32116581777023
"2,2,1,2,2,2,2,1,NA",6,0.014148273910582909,60.335314091680814
"NA,1,NA,NA,NA,NA,NA,NA,2",6,0.014148273910582909,60.3494623655914
"2,2,0,2,2,2,NA,NA,NA",6,0.014148273910582909,60.363610639501985
"2,2,NA,2,1,NA,1,NA,1",6,0.014148273910582909,60.37775891341256
"2,2,NA,0,0,2,0,NA,2",6,0.014148273910582909,60.39190718732315
"1,2,2,2,0,2,0,2,NA",6,0.014148273910582909,60.406055461233734
"2,1,NA,NA,NA,NA,2,NA,NA",6,0.014148273910582909,60.42020373514432
"2,2,0,2,2,NA,2,2,2",6,0.014148273910582909,60.43435200905489
"NA,2,0,NA,NA,NA,NA,2,NA",6,0.014148273910582909,60.448500282965476
"2,2,2,2,1,NA,2,NA,1",6,0.014148273910582909,60.46264855687606
"2,NA,NA,1,2,2,2,NA,2",6,0.014148273910582909,60.47679683078664
"2,2,NA,2,2,0,NA,NA,2",6,0.014148273910582909,60.490945104697225
"NA,2,NA,1,1,NA,NA,NA,NA",6,0.014148273910582909,60.50509337860781
"NA,2,0,2,2,2,0,NA,NA",6,0.014148273910582909,60.519241652518396
"2,1,NA,0,2,NA,2,NA,NA",6,0.014148273910582909,60.533389926428974
"2,2,2,2,1,NA,2,NA,NA",6,0.014148273910582909,60.54753820033956
"1,NA,NA,2,2,NA,2,NA,NA",6,0.014148273910582909,60.561686474250145
"1,NA,2,2,2,2,2,NA,NA",6,0.014148273910582909,60.57583474816073
"NA,NA,NA,0,NA,NA,NA,2,NA",6,0.014148273910582909,60.5899830220713
"0,2,2,1,1,2,2,2,2",6,0.014148273910582909,60.60413129598189
"NA,NA,0,NA,NA,0,NA,NA,NA",6,0.014148273910582909,60.61827956989247
"1,1,2,1,2,2,2,2,1",6,0.014148273910582909,60.63242784380306
"2,2,0,2,2,2,0,0,NA",6,0.014148273910582909,60.646576117713636
"2,0,2,2,2,2,2,NA,1",6,0.014148273910582909,60.66072439162422
"2,1,0,2,2,2,2,NA,0",6,0.014148273910582909,60.67487266553481
"2,2,NA,0,0,NA,0,0,2",6,0.014148273910582909,60.68902093944539
"2,0,NA,2,2,NA,2,NA,NA",6,0.014148273910582909,60.70316921335597
"2,NA,NA,1,2,2,NA,NA,NA",6,0.014148273910582909,60.717317487266556
"NA,2,NA,2,2,1,2,NA,2",6,0.014148273910582909,60.73146576117714
"2,2,2,NA,NA,NA,2,1,2",6,0.014148273910582909,60.74561403508771
"2,2,2,2,2,NA,1,2,1",6,0.014148273910582909,60.7597623089983
"NA,0,NA,2,1,2,NA,NA,NA",6,0.014148273910582909,60.77391058290888
"NA,0,2,2,2,2,2,NA,2",6,0.014148273910582909,60.78805885681947
"2,2,2,0,0,2,2,2,NA",6,0.014148273910582909,60.80220713073005
"NA,2,1,NA,NA,NA,NA,1,NA",6,0.014148273910582909,60.81635540464063
"NA,NA,NA,1,2,0,2,NA,NA",6,0.014148273910582909,60.83050367855122
"2,2,2,NA,NA,NA,1,2,NA",6,0.014148273910582909,60.8446519524618
"2,2,2,1,2,1,2,NA,2",6,0.014148273910582909,60.85880022637238
"0,2,2,NA,NA,NA,2,2,NA",6,0.014148273910582909,60.872948500282966
"0,2,NA,1,2,2,2,NA,2",6,0.014148273910582909,60.88709677419355
"2,2,0,2,0,2,2,NA,2",6,0.014148273910582909,60.90124504810414
"2,NA,NA,2,NA,1,NA,NA,NA",6,0.014148273910582909,60.91539332201471
"NA,NA,NA,NA,NA,NA,0,NA,0",6,0.014148273910582909,60.92954159592529
"2,2,NA,2,2,NA,0,2,2",6,0.014148273910582909,60.94368986983588
"NA,1,NA,NA,NA,2,NA,NA,NA",6,0.014148273910582909,60.95783814374647
"2,NA,1,NA,NA,NA,2,2,NA",6,0.014148273910582909,60.97198641765704
"2,2,2,NA,NA,NA,0,1,NA",6,0.014148273910582909,60.98613469156763
"2,NA,NA,NA,NA,NA,0,2,NA",6,0.014148273910582909,61.00028296547821
"NA,NA,NA,0,2,NA,NA,0,NA",6,0.014148273910582909,61.0144312393888
"1,1,2,0,0,2,2,0,NA",6,0.014148273910582909,61.02857951329938
"NA,NA,0,NA,2,NA,NA,NA,NA",6,0.014148273910582909,61.04272778720996
"2,2,NA,NA,NA,NA,NA,1,NA",6,0.014148273910582909,61.05687606112055
"NA,NA,NA,0,0,NA,NA,0,NA",6,0.014148273910582909,61.07102433503112
"NA,NA,2,0,2,NA,NA,NA,NA",6,0.014148273910582909,61.085172608941704
"2,NA,NA,2,0,2,2,NA,NA",6,0.014148273910582909,61.09932088285229
"NA,NA,NA,2,1,1,2,NA,NA",6,0.014148273910582909,61.113469156762875
"1,2,0,2,2,2,2,2,0",6,0.014148273910582909,61.12761743067345
"0,NA,NA,2,2,2,2,NA,0",6,0.014148273910582909,61.14176570458404
"1,2,NA,2,2,2,2,NA,0",6,0.014148273910582909,61.155913978494624
"1,1,2,0,0,2,2,0,0",6,0.014148273910582909,61.17006225240521
"0,2,2,2,2,0,2,2,NA",6,0.014148273910582909,61.18421052631579
"NA,2,NA,2,1,2,2,NA,NA",6,0.014148273910582909,61.19835880022637
"1,2,2,2,2,2,0,NA,NA",6,0.014148273910582909,61.21250707413696
"0,2,2,NA,NA,NA,NA,NA,NA",6,0.014148273910582909,61.226655348047544
"1,1,NA,0,0,2,0,NA,2",6,0.014148273910582909,61.240803621958115
"2,1,2,0,0,2,0,0,0",6,0.014148273910582909,61.2549518958687
"2,0,2,NA,NA,NA,2,2,2",6,0.014148273910582909,61.26910016977929
"2,2,0,2,2,2,0,NA,0",6,0.014148273910582909,61.28324844368988
"NA,2,NA,0,0,2,2,NA,NA",6,0.014148273910582909,61.29739671760045
"0,0,0,2,2,2,2,NA,2",6,0.014148273910582909,61.311544991511035
"NA,NA,NA,2,2,NA,2,NA,1",6,0.014148273910582909,61.32569326542162
"NA,NA,NA,0,0,NA,NA,NA,0",6,0.014148273910582909,61.3398415393322
"2,1,NA,0,0,NA,2,NA,NA",6,0.014148273910582909,61.353989813242784
"2,NA,NA,NA,NA,1,2,NA,NA",6,0.014148273910582909,61.36813808715337
"NA,0,1,NA,NA,NA,NA,NA,NA",6,0.014148273910582909,61.382286361063954
"1,2,2,2,2,1,2,NA,2",6,0.014148273910582909,61.396434634974526
"2,2,NA,2,1,0,2,NA,NA",6,0.014148273910582909,61.41058290888511
"2,2,NA,2,1,2,NA,NA,NA",6,0.014148273910582909,61.424731182795696
"2,0,0,2,2,2,2,2,0",6,0.014148273910582909,61.43887945670629
"NA,0,NA,2,0,0,NA,NA,NA",6,0.014148273910582909,61.45302773061686
"2,2,2,2,0,2,0,2,NA",6,0.014148273910582909,61.467176004527445
"1,1,0,2,2,2,2,2,0",6,0.014148273910582909,61.48132427843803
"2,2,2,NA,2,2,2,2,1",6,0.014148273910582909,61.495472552348616
"NA,2,0,2,2,2,2,NA,NA",6,0.014148273910582909,61.509620826259194
"2,2,2,2,1,0,2,2,1",6,0.014148273910582909,61.52376910016978
"NA,NA,NA,1,NA,0,NA,NA,NA",6,0.014148273910582909,61.537917374080365
"0,2,NA,2,2,2,0,NA,2",6,0.014148273910582909,61.55206564799095
"NA,2,2,2,0,2,2,2,2",6,0.014148273910582909,61.56621392190152
"0,0,NA,2,2,2,NA,NA,NA",6,0.014148273910582909,61.580362195812114
"1,0,NA,2,2,2,2,NA,2",6,0.014148273910582909,61.5945104697227
"2,1,NA,2,2,NA,2,0,2",6,0.014148273910582909,61.608658743633285
"2,NA,NA,2,2,NA,1,NA,NA",6,0.014148273910582909,61.622807017543856
"2,2,NA,0,NA,NA,NA,NA,NA",6,0.014148273910582909,61.63695529145444
"2,2,0,0,0,2,2,2,0",6,0.014148273910582909,61.65110356536503
"2,2,NA,1,1,1,2,NA,2",6,0.014148273910582909,61.665251839275605
"2,2,NA,2,2,2,2,0,NA",6,0.014148273910582909,61.67940011318619
"NA,NA,NA,2,1,1,2,NA,2",6,0.014148273910582909,61.693548387096776
"1,2,NA,NA,NA,NA,NA,2,NA",6,0.014148273910582909,61.70769666100736
"0,2,2,2,2,2,0,2,NA",6,0.014148273910582909,61.72184493491793
"NA,2,NA,NA,NA,1,NA,NA,NA",6,0.014148273910582909,61.73599320882852
"NA,NA,NA,NA,2,1,2,NA,NA",6,0.014148273910582909,61.75014148273911
"NA,2,1,2,2,2,2,2,2",6,0.014148273910582909,61.764289756649696
"2,2,2,2,0,2,2,NA,NA",6,0.014148273910582909,61.77843803056027
"2,2,NA,2,2,NA,0,NA,2",6,0.014148273910582909,61.79258630447085
"2,2,NA,NA,0,NA,NA,NA,NA",6,0.014148273910582909,61.80673457838144
"2,2,1,2,2,2,1,NA,NA",6,0.014148273910582909,61.82088285229202
"0,NA,NA,NA,NA,NA,NA,1,NA",6,0.014148273910582909,61.8350311262026
"2,2,2,NA,NA,0,2,2,NA",6,0.014148273910582909,61.84917940011319
"2,1,1,2,2,2,2,0,2",6,0.014148273910582909,61.86332767402377
"0,0,NA,2,2,2,NA,NA,2",6,0.014148273910582909,61.87747594793436
"NA,0,NA,NA,1,NA,NA,NA,NA",6,0.014148273910582909,61.891624221844936
"NA,2,NA,NA,NA,0,2,NA,NA",6,0.014148273910582909,61.90577249575552
"2,2,1,2,1,2,2,1,2",6,0.014148273910582909,61.919920769666106
"NA,NA,NA,1,2,2,1,NA,NA",6,0.014148273910582909,61.93406904357668
"NA,0,NA,NA,NA,NA,1,NA,NA",6,0.014148273910582909,61.94821731748726
"2,2,1,2,2,2,1,1,2",6,0.014148273910582909,61.96236559139785
"NA,NA,NA,1,2,1,NA,NA,NA",6,0.014148273910582909,61.97651386530843
"NA,NA,2,NA,NA,NA,0,2,NA",6,0.014148273910582909,61.99066213921901
"2,2,2,1,2,1,2,2,1",6,0.014148273910582909,62.0048104131296
"NA,1,NA,2,NA,NA,NA,NA,NA",6,0.014148273910582909,62.01895868704018
"2,2,NA,0,2,NA,2,NA,NA",6,0.014148273910582909,62.03310696095077
"2,1,1,1,2,2,2,2,2",6,0.014148273910582909,62.04725523486134
"2,2,2,0,0,2,2,NA,0",6,0.014148273910582909,62.06140350877193
"NA,NA,NA,2,2,2,1,NA,0",6,0.014148273910582909,62.07555178268252
"NA,0,NA,2,2,2,1,NA,2",6,0.014148273910582909,62.0897000565931
"0,0,NA,2,2,NA,2,NA,NA",6,0.014148273910582909,62.10384833050367
"NA,NA,2,2,2,2,0,NA,NA",6,0.014148273910582909,62.11799660441426
"NA,NA,NA,NA,1,0,NA,NA,NA",6,0.014148273910582909,62.132144878324844
"NA,NA,NA,2,1,0,0,NA,NA",6,0.014148273910582909,62.14629315223543
"0,2,2,2,2,0,2,1,2",6,0.014148273910582909,62.16044142614601
"0,2,NA,2,2,NA,1,NA,NA",6,0.014148273910582909,62.17458970005659
"2,1,0,0,0,2,0,0,2",6,0.014148273910582909,62.18873797396718
"NA,NA,NA,0,2,2,0,NA,NA",6,0.014148273910582909,62.202886247877764
"NA,NA,NA,2,0,0,0,NA,NA",6,0.014148273910582909,62.21703452178834
"1,2,2,2,2,1,2,2,0",6,0.014148273910582909,62.23118279569893
"2,1,2,0,2,2,2,2,2",6,0.014148273910582909,62.24533106960951
"2,2,2,1,2,NA,NA,2,NA",6,0.014148273910582909,62.259479343520084
"2,2,2,2,1,NA,2,NA,2",6,0.014148273910582909,62.27362761743067
"NA,2,1,NA,NA,NA,NA,2,NA",6,0.014148273910582909,62.287775891341255
"2,NA,2,2,1,2,2,2,2",6,0.014148273910582909,62.30192416525184
"2,2,0,0,2,2,2,2,0",6,0.014148273910582909,62.31607243916242
"2,2,NA,NA,NA,2,2,NA,1",6,0.014148273910582909,62.330220713073004
"2,0,0,2,2,2,2,0,2",6,0.014148273910582909,62.34436898698359
"2,2,2,0,2,2,0,0,2",6,0.014148273910582909,62.358517260894175
"1,2,2,2,2,1,2,0,2",5,0.011790228258819091,62.370307489152985
"NA,NA,2,NA,NA,0,NA,NA,NA",5,0.011790228258819091,62.38209771741181
"NA,NA,NA,2,2,0,1,NA,NA",5,0.011790228258819091,62.39388794567062
"1,2,2,2,2,NA,2,NA,2",5,0.011790228258819091,62.405678173929445
"2,2,NA,1,2,NA,1,2,2",5,0.011790228258819091,62.41746840218827
"2,NA,NA,0,0,2,2,NA,NA",5,0.011790228258819091,62.42925863044708
"0,0,0,2,2,2,2,2,0",5,0.011790228258819091,62.441048858705905
"2,1,0,2,2,2,2,2,0",5,0.011790228258819091,62.45283908696473
"2,0,NA,2,2,NA,0,NA,2",5,0.011790228258819091,62.46462931522354
"2,1,NA,2,0,2,2,NA,NA",5,0.011790228258819091,62.476419543482365
"2,2,2,2,2,NA,2,0,0",5,0.011790228258819091,62.488209771741175
"NA,NA,1,NA,NA,NA,NA,2,2",5,0.011790228258819091,62.5
"2,1,0,2,2,2,2,NA,NA",5,0.011790228258819091,62.511790228258825
"1,2,2,2,0,2,2,NA,2",5,0.011790228258819091,62.523580456517635
"2,2,NA,0,0,2,2,NA,NA",5,0.011790228258819091,62.53537068477646
"2,0,NA,NA,NA,0,2,NA,NA",5,0.011790228258819091,62.54716091303527
"NA,2,2,1,2,2,1,2,NA",5,0.011790228258819091,62.558951141294095
"2,2,2,2,1,1,2,NA,2",5,0.011790228258819091,62.57074136955292
"NA,1,NA,2,1,NA,NA,NA,NA",5,0.011790228258819091,62.58253159781173
"NA,NA,NA,NA,NA,NA,0,0,NA",5,0.011790228258819091,62.594321826070555
"NA,NA,NA,1,NA,2,2,NA,NA",5,0.011790228258819091,62.60611205432938
"0,NA,NA,2,2,2,1,NA,NA",5,0.011790228258819091,62.61790228258819
"NA,2,2,1,1,2,2,2,NA",5,0.011790228258819091,62.629692510847015
"2,2,2,2,2,2,0,0,NA",5,0.011790228258819091,62.641482739105825
"NA,0,NA,2,NA,0,NA,NA,NA",5,0.011790228258819091,62.65327296736465
"2,NA,NA,2,2,2,2,NA,0",5,0.011790228258819091,62.665063195623475
"2,2,0,2,2,2,1,0,2",5,0.011790228258819091,62.676853423882285
"2,2,0,NA,NA,NA,NA,NA,NA",5,0.011790228258819091,62.68864365214111
"NA,2,NA,2,1,NA,2,NA,NA",5,0.011790228258819091,62.70043388039992
"2,1,NA,2,2,NA,2,NA,2",5,0.011790228258819091,62.712224108658745
"2,2,NA,1,1,NA,1,1,2",5,0.011790228258819091,62.72401433691756
"0,2,NA,2,2,NA,1,NA,2",5,0.011790228258819091,62.73580456517638
"2,2,NA,2,2,NA,2,0,0",5,0.011790228258819091,62.747594793435205
"2,1,2,2,0,2,2,0,0",5,0.011790228258819091,62.75938502169402
"2,2,0,2,1,2,2,NA,2",5,0.011790228258819091,62.77117524995284
"NA,2,2,NA,NA,NA,1,NA,NA",5,0.011790228258819091,62.78296547821166
"0,NA,2,2,2,2,2,2,2",5,0.011790228258819091,62.794755706470475
"2,2,2,2,1,2,NA,NA,NA",5,0.011790228258819091,62.8065459347293
"2,2,NA,2,2,0,NA,NA,1",5,0.011790228258819091,62.81833616298812
"1,2,2,0,2,2,2,2,0",5,0.011790228258819091,62.830126391246935
"2,2,2,2,0,2,0,0,0",5,0.011790228258819091,62.84191661950575
"NA,1,NA,2,2,2,NA,NA,NA",5,0.011790228258819091,62.85370684776457
"2,2,NA,0,2,NA,2,0,NA",5,0.011790228258819091,62.86549707602339
"NA,2,NA,2,2,2,1,NA,2",5,0.011790228258819091,62.87728730428221
"NA,2,NA,2,0,NA,0,NA,NA",5,0.011790228258819091,62.88907753254102
"2,2,2,2,0,2,0,0,NA",5,0.011790228258819091,62.90086776079985
"2,1,NA,2,2,NA,NA,NA,2",5,0.011790228258819091,62.91265798905867
"NA,NA,NA,2,1,NA,0,NA,NA",5,0.011790228258819091,62.92444821731748
"1,NA,NA,NA,NA,2,NA,NA,NA",5,0.011790228258819091,62.93623844557631
"NA,NA,NA,2,NA,1,2,NA,2",5,0.011790228258819091,62.94802867383512
"2,2,NA,1,1,NA,2,2,1",5,0.011790228258819091,62.95981890209394
"NA,2,NA,2,2,2,1,NA,NA",5,0.011790228258819091,62.97160913035277
"1,2,2,2,2,2,2,1,NA",5,0.011790228258819091,62.98339935861158
"NA,NA,NA,1,2,0,1,NA,NA",5,0.011790228258819091,62.9951895868704
"2,2,NA,2,0,2,0,NA,0",5,0.011790228258819091,63.00697981512921
"2,0,NA,2,2,1,2,NA,2",5,0.011790228258819091,63.01877004338804
"2,1,NA,0,0,NA,0,NA,NA",5,0.011790228258819091,63.03056027164686
"2,NA,0,2,2,2,2,NA,NA",5,0.011790228258819091,63.04235049990567
"2,2,1,2,2,1,2,NA,NA",5,0.011790228258819091,63.0541407281645
"NA,NA,NA,2,0,0,2,NA,NA",5,0.011790228258819091,63.06593095642332
"2,NA,0,2,2,0,2,NA,NA",5,0.011790228258819091,63.07772118468213
"NA,NA,NA,1,2,2,1,NA,1",5,0.011790228258819091,63.08951141294096
"1,2,0,2,0,2,2,2,0",5,0.011790228258819091,63.10130164119977
"2,2,2,NA,NA,NA,NA,2,1",5,0.011790228258819091,63.11309186945859
"2,0,0,2,2,2,2,1,2",5,0.011790228258819091,63.12488209771742
"2,0,NA,2,2,2,2,2,2",5,0.011790228258819091,63.13667232597623
"2,NA,2,NA,NA,NA,NA,1,NA",5,0.011790228258819091,63.14846255423505
"2,1,1,2,2,2,2,2,1",5,0.011790228258819091,63.16025278249386
"0,NA,NA,2,1,2,2,NA,NA",5,0.011790228258819091,63.17204301075269
"2,0,NA,1,2,2,2,NA,2",5,0.011790228258819091,63.18383323901151
"2,2,NA,0,2,2,2,NA,2",5,0.011790228258819091,63.19562346727032
"0,0,0,2,2,2,2,2,2",5,0.011790228258819091,63.20741369552915
"2,2,2,2,2,0,NA,NA,NA",5,0.011790228258819091,63.21920392378797
"2,1,0,2,2,2,1,NA,2",5,0.011790228258819091,63.23099415204678
"0,2,NA,0,2,NA,0,NA,NA",5,0.011790228258819091,63.24278438030561
"2,2,2,2,2,2,NA,2,1",5,0.011790228258819091,63.25457460856442
"NA,2,2,NA,NA,0,NA,2,NA",5,0.011790228258819091,63.26636483682324
"2,2,NA,1,2,0,NA,NA,NA",5,0.011790228258819091,63.27815506508207
"0,2,2,NA,NA,NA,NA,2,NA",5,0.011790228258819091,63.28994529334088
"2,2,1,2,1,2,2,1,1",5,0.011790228258819091,63.3017355215997
"NA,2,NA,NA,2,NA,1,NA,NA",5,0.011790228258819091,63.31352574985851
"0,0,NA,2,2,NA,2,2,2",5,0.011790228258819091,63.32531597811734
"NA,NA,NA,2,2,2,NA,0,NA",5,0.011790228258819091,63.33710620637616
"1,2,2,2,2,1,2,1,2",5,0.011790228258819091,63.34889643463497
"1,1,0,2,0,2,2,0,2",5,0.011790228258819091,63.3606866628938
"2,2,NA,1,2,1,2,NA,2",5,0.011790228258819091,63.372476891152616
"NA,NA,NA,2,2,0,NA,NA,2",5,0.011790228258819091,63.38426711941143
"0,NA,0,NA,NA,NA,NA,2,NA",5,0.011790228258819091,63.39605734767025
"2,0,2,2,2,NA,NA,NA,NA",5,0.011790228258819091,63.40784757592907
"NA,NA,NA,2,NA,2,1,NA,NA",5,0.011790228258819091,63.419637804187886
"0,2,NA,2,2,NA,2,NA,0",5,0.011790228258819091,63.43142803244671
"NA,2,NA,1,2,2,1,NA,NA",5,0.011790228258819091,63.44321826070553
"2,2,2,2,1,0,2,2,NA",5,0.011790228258819091,63.455008488964346
"2,2,2,0,0,2,2,0,NA",5,0.011790228258819091,63.46679871722316
"0,2,2,2,2,NA,2,NA,2",5,0.011790228258819091,63.47858894548198
"2,1,1,2,2,2,2,2,2",5,0.011790228258819091,63.490379173740806
"NA,2,NA,NA,NA,NA,NA,0,NA",5,0.011790228258819091,63.50216940199962
"2,2,NA,2,2,NA,NA,NA,0",5,0.011790228258819091,63.51395963025844
"2,2,1,1,2,2,1,2,1",5,0.011790228258819091,63.525749858517266
"2,2,1,NA,NA,NA,NA,1,NA",5,0.011790228258819091,63.537540086776076
"2,2,NA,1,2,2,1,NA,2",5,0.011790228258819091,63.5493303150349
"2,NA,NA,1,2,2,2,NA,NA",5,0.011790228258819091,63.56112054329371
"2,2,0,2,2,NA,2,2,0",5,0.011790228258819091,63.572910771552536
"2,0,2,NA,NA,NA,NA,1,NA",5,0.011790228258819091,63.58470099981136
"2,0,NA,2,2,2,0,NA,2",5,0.011790228258819091,63.59649122807017
"2,0,2,2,2,2,1,2,2",5,0.011790228258819091,63.608281456328996
"2,2,0,2,2,2,2,1,NA",5,0.011790228258819091,63.620071684587806
"NA,0,2,NA,NA,NA,2,2,NA",5,0.011790228258819091,63.63186191284663
"0,2,NA,0,0,NA,0,NA,NA",5,0.011790228258819091,63.643652141105456
"0,NA,NA,2,2,1,NA,NA,NA",5,0.011790228258819091,63.655442369364266
"2,1,2,2,1,2,2,2,2",5,0.011790228258819091,63.66723259762309
"2,NA,NA,2,2,0,0,NA,NA",5,0.011790228258819091,63.6790228258819
"2,2,NA,1,2,NA,2,1,2",5,0.011790228258819091,63.690813054140726
"2,2,NA,2,1,2,1,NA,1",5,0.011790228258819091,63.70260328239955
"0,NA,NA,2,2,NA,2,NA,2",5,0.011790228258819091,63.71439351065836
"2,2,NA,0,0,2,NA,NA,NA",5,0.011790228258819091,63.726183738917186
"2,NA,NA,NA,2,0,NA,NA,NA",5,0.011790228258819091,63.73797396717601
"2,NA,NA,NA,2,NA,0,NA,NA",5,0.011790228258819091,63.74976419543482
"2,2,NA,2,1,1,2,NA,NA",5,0.011790228258819091,63.761554423693646
"0,2,NA,NA,NA,NA,NA,2,NA",5,0.011790228258819091,63.773344651952456
"2,2,NA,2,0,NA,0,2,2",5,0.011790228258819091,63.78513488021128
"2,2,NA,2,2,NA,0,2,NA",5,0.011790228258819091,63.796925108470106
"2,1,NA,0,0,2,2,NA,NA",5,0.011790228258819091,63.808715336728916
"2,2,0,0,0,2,0,NA,2",5,0.011790228258819091,63.82050556498774
"2,2,2,2,0,2,2,1,2",5,0.011790228258819091,63.83229579324655
"1,2,2,2,0,2,2,1,2",5,0.011790228258819091,63.844086021505376
"NA,NA,2,NA,0,NA,NA,NA,NA",5,0.011790228258819091,63.8558762497642
"NA,2,2,NA,NA,NA,0,2,NA",5,0.011790228258819091,63.86766647802301
"NA,NA,NA,1,NA,1,NA,NA,NA",5,0.011790228258819091,63.879456706281836
"2,2,2,2,2,2,1,0,0",5,0.011790228258819091,63.89124693454066
"NA,0,NA,2,2,2,2,NA,0",5,0.011790228258819091,63.90303716279947
"2,2,2,1,2,1,2,2,0",5,0.011790228258819091,63.914827391058296
"2,0,NA,2,2,2,1,NA,2",5,0.011790228258819091,63.926617619317106
"NA,2,NA,1,1,2,2,NA,2",5,0.011790228258819091,63.93840784757593
"2,1,2,2,2,2,2,0,NA",5,0.011790228258819091,63.95019807583475
"2,2,1,NA,NA,NA,NA,2,2",5,0.011790228258819091,63.961988304093566
"NA,2,NA,0,0,0,NA,NA,NA",5,0.011790228258819091,63.97377853235239
"NA,NA,NA,NA,NA,NA,2,1,NA",5,0.011790228258819091,63.9855687606112
"2,0,NA,2,2,NA,1,NA,2",5,0.011790228258819091,63.997358988870026
"2,2,NA,1,2,NA,2,2,1",5,0.011790228258819091,64.00914921712885
"1,NA,NA,NA,NA,0,NA,NA,NA",5,0.011790228258819091,64.02093944538765
"2,NA,NA,2,2,1,2,NA,2",5,0.011790228258819091,64.03272967364649
"1,2,NA,0,0,2,0,NA,NA",5,0.011790228258819091,64.0445199019053
"0,2,NA,2,2,1,NA,NA,NA",5,0.011790228258819091,64.05631013016412
"2,2,2,1,1,1,1,2,2",5,0.011790228258819091,64.06810035842294
"1,NA,1,NA,NA,NA,NA,2,NA",5,0.011790228258819091,64.07989058668176
"NA,1,NA,2,2,NA,2,NA,NA",5,0.011790228258819091,64.09168081494057
"2,2,2,NA,NA,NA,1,2,1",5,0.011790228258819091,64.1034710431994
"2,2,2,1,2,2,2,NA,NA",5,0.011790228258819091,64.11526127145821
"0,2,NA,2,2,NA,2,2,0",5,0.011790228258819091,64.12705149971704
"NA,2,2,2,2,2,1,2,2",5,0.011790228258819091,64.13884172797584
"2,2,1,1,2,2,2,1,1",5,0.011790228258819091,64.15063195623468
"NA,2,NA,1,2,0,2,NA,NA",5,0.011790228258819091,64.1624221844935
"NA,0,NA,NA,NA,NA,NA,NA,1",5,0.011790228258819091,64.17421241275231
"2,2,NA,0,2,2,0,NA,NA",5,0.011790228258819091,64.18600264101113
"2,0,NA,0,NA,NA,NA,NA,NA",5,0.011790228258819091,64.19779286926996
"0,NA,NA,NA,NA,NA,NA,NA,1",5,0.011790228258819091,64.20958309752876
"2,0,NA,0,2,NA,NA,NA,NA",5,0.011790228258819091,64.2213733257876
"NA,NA,NA,0,0,0,0,NA,NA",5,0.011790228258819091,64.2331635540464
"NA,NA,1,NA,NA,NA,2,NA,NA",5,0.011790228258819091,64.24495378230523
"2,2,NA,2,2,NA,1,2,1",5,0.011790228258819091,64.25674401056405
"2,2,NA,1,NA,NA,NA,NA,NA",5,0.011790228258819091,64.26853423882287
"2,2,2,NA,NA,2,2,1,NA",5,0.011790228258819091,64.28032446708168
"2,1,NA,0,2,NA,2,0,2",5,0.011790228258819091,64.2921146953405
"NA,2,NA,1,2,0,NA,NA,NA",5,0.011790228258819091,64.30390492359932
"0,NA,2,NA,NA,NA,NA,1,NA",5,0.011790228258819091,64.31569515185814
"NA,NA,NA,1,NA,NA,2,NA,NA",5,0.011790228258819091,64.32748538011695
"0,2,2,1,2,2,2,1,2",5,0.011790228258819091,64.33927560837577
"1,0,NA,2,2,2,2,NA,NA",5,0.011790228258819091,64.3510658366346
"2,NA,1,NA,NA,NA,NA,1,NA",5,0.011790228258819091,64.36285606489342
"2,2,NA,2,1,NA,2,2,NA",5,0.011790228258819091,64.37464629315224
"2,2,NA,2,2,NA,NA,0,NA",5,0.011790228258819091,64.38643652141106
"2,2,2,2,2,0,1,2,NA",5,0.011790228258819091,64.39822674966987
"2,2,2,1,1,2,2,NA,NA",5,0.011790228258819091,64.41001697792869
"2,2,2,1,2,1,2,0,2",5,0.011790228258819091,64.42180720618751
"0,NA,NA,NA,NA,NA,2,NA,1",5,0.011790228258819091,64.43359743444633
"NA,2,2,1,1,2,2,2,2",5,0.011790228258819091,64.44538766270514
"NA,NA,NA,NA,NA,0,1,NA,2",5,0.011790228258819091,64.45717789096396
"2,2,NA,2,2,NA,NA,NA,1",5,0.011790228258819091,64.4689681192228
"NA,NA,NA,NA,2,1,0,NA,NA",5,0.011790228258819091,64.4807583474816
"2,2,2,1,1,NA,2,2,1",5,0.011790228258819091,64.49254857574043
"1,2,2,2,2,2,0,NA,2",5,0.011790228258819091,64.50433880399925
"0,0,NA,2,1,NA,2,NA,NA",5,0.011790228258819091,64.51612903225806
"2,2,2,2,1,1,2,2,1",5,0.011790228258819091,64.52791926051688
"2,1,NA,NA,NA,NA,NA,2,NA",5,0.011790228258819091,64.5397094887757
"NA,2,2,2,2,2,0,2,2",5,0.011790228258819091,64.55149971703452
"NA,NA,2,NA,NA,1,NA,2,NA",5,0.011790228258819091,64.56328994529335
"1,NA,NA,2,2,1,2,NA,NA",5,0.011790228258819091,64.57508017355215
"NA,2,NA,1,2,2,2,NA,NA",5,0.011790228258819091,64.58687040181098
"NA,NA,NA,2,0,2,NA,NA,0",5,0.011790228258819091,64.59866063006979
"1,2,NA,2,2,NA,2,0,2",5,0.011790228258819091,64.61045085832862
"1,2,0,0,0,2,2,NA,2",5,0.011790228258819091,64.62224108658744
"2,2,NA,NA,NA,NA,2,1,2",5,0.011790228258819091,64.63403131484625
"0,NA,NA,2,2,1,2,NA,NA",5,0.011790228258819091,64.64582154310507
"2,2,0,2,0,2,2,NA,NA",5,0.011790228258819091,64.6576117713639
"NA,1,NA,2,0,NA,2,NA,NA",5,0.011790228258819091,64.6694019996227
"0,0,NA,NA,NA,NA,NA,2,NA",5,0.011790228258819091,64.68119222788154
"NA,2,NA,2,2,NA,1,NA,NA",5,0.011790228258819091,64.69298245614034
"NA,2,NA,2,1,2,2,NA,2",5,0.011790228258819091,64.70477268439917
"NA,0,NA,2,2,1,NA,NA,NA",5,0.011790228258819091,64.71656291265799
"0,0,NA,2,2,0,NA,NA,NA",5,0.011790228258819091,64.72835314091681
"2,2,2,0,0,2,0,NA,2",5,0.011790228258819091,64.74014336917563
"NA,2,NA,2,0,2,0,NA,NA",5,0.011790228258819091,64.75193359743444
"2,0,NA,NA,NA,NA,0,NA,NA",5,0.011790228258819091,64.76372382569326
"0,2,NA,0,2,2,2,NA,NA",5,0.011790228258819091,64.7755140539521
"2,2,2,0,2,2,2,NA,NA",5,0.011790228258819091,64.7873042822109
"NA,2,NA,0,0,NA,0,NA,NA",5,0.011790228258819091,64.79909451046973
"1,2,2,0,0,2,2,NA,2",5,0.011790228258819091,64.81088473872855
"2,0,NA,2,0,NA,NA,NA,NA",5,0.011790228258819091,64.82267496698736
"NA,NA,NA,2,1,NA,2,NA,2",5,0.011790228258819091,64.83446519524618
"1,2,2,2,2,2,0,2,NA",5,0.011790228258819091,64.846255423505
"NA,NA,NA,NA,1,2,2,NA,2",5,0.011790228258819091,64.85804565176382
"2,1,NA,2,2,2,2,NA,1",5,0.011790228258819091,64.86983588002263
"NA,NA,NA,NA,NA,1,2,NA,1",5,0.011790228258819091,64.88162610828145
"NA,NA,NA,2,2,NA,0,NA,2",5,0.011790228258819091,64.89341633654028
"NA,NA,NA,NA,NA,2,NA,0,NA",5,0.011790228258819091,64.90520656479909
"NA,0,NA,0,2,NA,2,NA,NA",5,0.011790228258819091,64.91699679305792
"2,NA,NA,NA,NA,1,2,NA,1",5,0.011790228258819091,64.92878702131674
"0,2,NA,2,2,NA,2,0,2",5,0.011790228258819091,64.94057724957555
"NA,0,NA,NA,NA,0,NA,NA,NA",5,0.011790228258819091,64.95236747783437
"1,2,2,2,0,2,0,2,0",5,0.011790228258819091,64.96415770609319
"NA,NA,NA,1,2,NA,2,NA,1",5,0.011790228258819091,64.975947934352
"NA,NA,NA,0,2,NA,1,NA,NA",5,0.011790228258819091,64.98773816261082
"NA,NA,NA,1,2,2,0,NA,NA",5,0.011790228258819091,64.99952839086964
"NA,NA,NA,2,2,1,1,NA,NA",5,0.011790228258819091,65.01131861912846
"2,2,NA,1,1,1,1,NA,1",5,0.011790228258819091,65.02310884738729
"1,2,2,0,0,2,2,0,2",5,0.011790228258819091,65.03489907564611
"2,2,NA,2,2,2,0,NA,1",5,0.011790228258819091,65.04668930390493
"2,2,2,2,2,1,0,2,2",5,0.011790228258819091,65.05847953216374
"2,2,2,1,1,NA,2,2,2",5,0.011790228258819091,65.07026976042256
"1,2,0,2,2,2,2,NA,NA",5,0.011790228258819091,65.08205998868138
"0,0,NA,2,2,1,2,NA,NA",5,0.011790228258819091,65.0938502169402
"NA,NA,NA,2,1,NA,NA,NA,2",5,0.011790228258819091,65.10564044519901
"2,0,0,2,2,2,2,NA,NA",4,0.009432182607055271,65.11507262780607
"2,0,2,NA,2,NA,NA,2,NA",4,0.009432182607055271,65.12450481041313
"2,2,1,1,2,1,2,2,1",4,0.009432182607055271,65.13393699302019
"NA,NA,NA,NA,NA,NA,NA,0,2",4,0.009432182607055271,65.14336917562724
"2,2,1,2,1,0,2,2,1",4,0.009432182607055271,65.15280135823429
"1,2,1,2,2,2,2,1,2",4,0.009432182607055271,65.16223354084136
"NA,NA,NA,2,2,0,2,2,2",4,0.009432182607055271,65.1716657234484
"0,0,NA,2,2,NA,2,0,2",4,0.009432182607055271,65.18109790605547
"2,NA,2,NA,NA,0,NA,NA,NA",4,0.009432182607055271,65.19053008866251
"NA,NA,NA,NA,1,2,2,NA,NA",4,0.009432182607055271,65.19996227126957
"2,2,2,1,1,2,1,NA,2",4,0.009432182607055271,65.20939445387663
"1,2,0,2,0,2,0,2,2",4,0.009432182607055271,65.21882663648368
"2,NA,0,2,2,2,2,2,NA",4,0.009432182607055271,65.22825881909074
"2,0,NA,NA,NA,NA,2,NA,2",4,0.009432182607055271,65.2376910016978
"NA,NA,NA,2,2,2,2,0,NA",4,0.009432182607055271,65.24712318430484
"NA,2,NA,2,2,NA,NA,NA,1",4,0.009432182607055271,65.25655536691191
"NA,0,NA,0,1,NA,NA,NA,NA",4,0.009432182607055271,65.26598754951895
"2,2,2,2,2,NA,2,1,NA",4,0.009432182607055271,65.27541973212601
"0,2,1,2,2,2,2,1,2",4,0.009432182607055271,65.28485191473307
"1,0,NA,2,2,NA,2,NA,NA",4,0.009432182607055271,65.29428409734012
"2,NA,2,NA,NA,NA,NA,0,NA",4,0.009432182607055271,65.30371627994718
"2,1,0,2,0,2,2,0,2",4,0.009432182607055271,65.31314846255424
"2,2,2,1,2,1,1,NA,2",4,0.009432182607055271,65.32258064516128
"2,2,2,NA,NA,NA,2,1,1",4,0.009432182607055271,65.33201282776835
"2,2,1,2,2,1,2,NA,2",4,0.009432182607055271,65.3414450103754
"NA,2,NA,2,2,NA,2,1,NA",4,0.009432182607055271,65.35087719298247
"NA,1,2,NA,NA,NA,NA,0,NA",4,0.009432182607055271,65.36030937558951
"NA,2,NA,1,1,NA,2,2,NA",4,0.009432182607055271,65.36974155819657
"NA,2,2,0,0,2,2,2,NA",4,0.009432182607055271,65.37917374080362
"2,2,2,1,1,2,1,1,1",4,0.009432182607055271,65.38860592341068
"NA,2,NA,NA,2,0,2,NA,NA",4,0.009432182607055271,65.39803810601774
"NA,2,2,1,1,2,1,2,2",4,0.009432182607055271,65.4074702886248
"1,NA,NA,2,2,1,NA,NA,NA",4,0.009432182607055271,65.41690247123184
"2,2,2,1,2,NA,NA,NA,NA",4,0.009432182607055271,65.42633465383891
"2,NA,NA,2,1,NA,2,NA,2",4,0.009432182607055271,65.43576683644595
"NA,1,NA,0,0,2,2,NA,NA",4,0.009432182607055271,65.445199019053
"2,0,1,NA,NA,NA,NA,2,NA",4,0.009432182607055271,65.45463120166006
"1,1,NA,0,NA,NA,NA,NA,NA",4,0.009432182607055271,65.46406338426712
"NA,NA,NA,2,0,NA,1,NA,NA",4,0.009432182607055271,65.47349556687418
"2,2,0,2,2,2,1,0,NA",4,0.009432182607055271,65.48292774948123
"2,2,2,NA,NA,NA,2,0,2",4,0.009432182607055271,65.49235993208828
"NA,NA,NA,2,2,2,NA,NA,1",4,0.009432182607055271,65.50179211469535
"2,2,2,2,2,0,2,0,1",4,0.009432182607055271,65.51122429730239
"2,2,1,NA,NA,2,2,2,2",4,0.009432182607055271,65.52065647990946
"NA,2,1,2,2,2,2,2,NA",4,0.009432182607055271,65.5300886625165
"1,2,NA,2,2,1,2,NA,NA",4,0.009432182607055271,65.53952084512356
"2,2,NA,NA,NA,2,0,NA,NA",4,0.009432182607055271,65.54895302773062
"0,2,NA,2,2,NA,2,2,NA",4,0.009432182607055271,65.55838521033768
"2,2,NA,2,1,1,2,NA,1",4,0.009432182607055271,65.56781739294473
"NA,NA,NA,1,1,NA,NA,NA,2",4,0.009432182607055271,65.57724957555179
"2,0,NA,2,NA,NA,NA,NA,NA",4,0.009432182607055271,65.58668175815883
"0,2,2,2,2,NA,2,NA,NA",4,0.009432182607055271,65.59611394076589
"2,2,2,2,2,2,0,NA,1",4,0.009432182607055271,65.60554612337295
"1,NA,NA,0,0,NA,0,NA,NA",4,0.009432182607055271,65.61497830598
"1,2,2,2,2,2,2,1,1",4,0.009432182607055271,65.62441048858706
"NA,NA,NA,2,0,NA,NA,2,NA",4,0.009432182607055271,65.6338426711941
"1,2,NA,2,2,NA,0,NA,NA",4,0.009432182607055271,65.64327485380117
"0,2,2,NA,2,2,2,2,2",4,0.009432182607055271,65.65270703640822
"NA,NA,NA,NA,2,1,2,NA,2",4,0.009432182607055271,65.66213921901529
"1,NA,NA,NA,NA,NA,1,NA,NA",4,0.009432182607055271,65.67157140162233
"0,2,NA,2,2,NA,NA,NA,2",4,0.009432182607055271,65.68100358422939
"0,0,NA,0,2,NA,NA,NA,NA",4,0.009432182607055271,65.69043576683644
"NA,NA,NA,2,NA,1,0,NA,NA",4,0.009432182607055271,65.6998679494435
"2,2,0,2,0,2,0,NA,2",4,0.009432182607055271,65.70930013205056
"1,2,2,1,1,1,2,2,2",4,0.009432182607055271,65.71873231465761
"2,1,NA,1,2,NA,2,NA,NA",4,0.009432182607055271,65.72816449726466
"2,2,1,2,2,0,NA,NA,NA",4,0.009432182607055271,65.73759667987173
"0,NA,NA,NA,NA,NA,NA,NA,0",4,0.009432182607055271,65.74702886247877
"2,2,1,NA,NA,NA,2,NA,1",4,0.009432182607055271,65.75646104508583
"2,1,NA,2,2,0,NA,NA,NA",4,0.009432182607055271,65.76589322769289
"2,2,2,2,2,0,0,2,NA",4,0.009432182607055271,65.77532541029994
"2,2,1,2,2,2,2,0,0",4,0.009432182607055271,65.784757592907
"2,2,0,2,2,NA,2,1,2",4,0.009432182607055271,65.79418977551406
"2,1,NA,NA,0,NA,NA,NA,NA",4,0.009432182607055271,65.80362195812111
"2,2,2,NA,1,2,2,2,NA",4,0.009432182607055271,65.81305414072817
"2,2,NA,NA,NA,2,1,NA,NA",4,0.009432182607055271,65.82248632333521
"2,2,NA,NA,NA,0,2,NA,NA",4,0.009432182607055271,65.83191850594228
"2,0,2,2,2,2,0,2,2",4,0.009432182607055271,65.84135068854933
"2,1,NA,2,2,2,0,NA,2",4,0.009432182607055271,65.85078287115638
"2,NA,2,2,2,2,1,NA,NA",4,0.009432182607055271,65.86021505376344
"1,1,2,2,2,2,1,2,2",4,0.009432182607055271,65.8696472363705
"1,2,NA,2,2,NA,2,2,NA",4,0.009432182607055271,65.87907941897755
"1,2,NA,2,2,2,2,2,2",4,0.009432182607055271,65.88851160158461
"2,NA,NA,2,2,2,NA,NA,0",4,0.009432182607055271,65.89794378419165
"2,2,0,2,2,0,2,0,2",4,0.009432182607055271,65.90737596679872
"2,2,2,NA,NA,NA,NA,1,2",4,0.009432182607055271,65.91680814940577
"2,NA,2,0,NA,NA,NA,NA,NA",4,0.009432182607055271,65.92624033201282
"NA,0,NA,2,2,0,NA,NA,NA",4,0.009432182607055271,65.93567251461988
"2,1,NA,NA,1,NA,NA,NA,NA",4,0.009432182607055271,65.94510469722694
"2,2,2,NA,2,0,2,2,NA",4,0.009432182607055271,65.954536879834
"2,2,2,0,0,0,0,0,2",4,0.009432182607055271,65.96396906244105
"NA,2,1,NA,NA,NA,NA,NA,2",4,0.009432182607055271,65.97340124504811
"NA,1,NA,2,2,2,2,NA,NA",4,0.009432182607055271,65.98283342765517
"0,2,NA,2,2,NA,0,NA,2",4,0.009432182607055271,65.99226561026221
"1,NA,NA,NA,NA,2,2,NA,NA",4,0.009432182607055271,66.00169779286928
"2,2,NA,0,0,NA,0,NA,2",4,0.009432182607055271,66.01112997547632
"2,2,NA,0,0,NA,2,NA,2",4,0.009432182607055271,66.02056215808338
"NA,2,NA,2,2,NA,0,NA,2",4,0.009432182607055271,66.02999434069044
"NA,NA,NA,NA,NA,NA,NA,1,1",4,0.009432182607055271,66.0394265232975
"0,NA,0,NA,NA,NA,NA,NA,NA",4,0.009432182607055271,66.04885870590455
"NA,0,NA,NA,NA,NA,NA,1,NA",4,0.009432182607055271,66.0582908885116
"0,1,NA,NA,2,NA,NA,NA,NA",4,0.009432182607055271,66.06772307111865
"NA,2,1,NA,NA,2,2,2,NA",4,0.009432182607055271,66.07715525372572
"2,2,NA,1,1,NA,2,NA,2",4,0.009432182607055271,66.08658743633276
"2,2,0,2,2,2,1,NA,NA",4,0.009432182607055271,66.09601961893983
"0,2,NA,2,2,0,NA,NA,NA",4,0.009432182607055271,66.10545180154688
"0,0,0,2,2,NA,2,NA,2",4,0.009432182607055271,66.11488398415393
"1,NA,0,NA,NA,NA,NA,NA,NA",4,0.009432182607055271,66.12431616676099
"0,NA,NA,2,2,0,2,NA,NA",4,0.009432182607055271,66.13374834936805
"2,2,1,1,1,2,1,NA,2",4,0.009432182607055271,66.1431805319751
"NA,NA,NA,NA,2,NA,NA,NA,1",4,0.009432182607055271,66.15261271458216
"0,2,NA,NA,NA,NA,NA,NA,0",4,0.009432182607055271,66.1620448971892
"2,1,2,0,0,2,2,NA,2",4,0.009432182607055271,66.17147707979628
"2,2,2,0,0,NA,0,2,2",4,0.009432182607055271,66.18090926240332
"1,2,NA,2,0,2,2,NA,NA",4,0.009432182607055271,66.19034144501038
"2,2,NA,2,1,0,2,NA,2",4,0.009432182607055271,66.19977362761743
"0,0,2,2,2,2,2,2,1",4,0.009432182607055271,66.20920581022447
"NA,2,NA,1,2,NA,2,NA,NA",4,0.009432182607055271,66.21863799283155
"NA,NA,NA,NA,1,NA,0,NA,NA",4,0.009432182607055271,66.22807017543859
"2,0,NA,2,2,0,2,NA,NA",4,0.009432182607055271,66.23750235804565
"2,2,1,1,2,2,1,1,1",4,0.009432182607055271,66.2469345406527
"0,1,NA,2,2,NA,0,NA,NA",4,0.009432182607055271,66.25636672325976
"NA,2,2,2,2,2,2,0,NA",4,0.009432182607055271,66.26579890586682
"0,2,NA,NA,NA,2,2,NA,NA",4,0.009432182607055271,66.27523108847387
"2,2,1,2,1,2,2,NA,NA",4,0.009432182607055271,66.28466327108093
"NA,2,NA,NA,NA,NA,1,NA,2",4,0.009432182607055271,66.29409545368799
"2,NA,NA,NA,NA,NA,2,NA,0",4,0.009432182607055271,66.30352763629503
"2,2,1,2,2,2,2,0,1",4,0.009432182607055271,66.3129598189021
"2,1,2,2,2,0,2,2,1",4,0.009432182607055271,66.32239200150914
"2,2,2,2,2,1,1,NA,NA",4,0.009432182607055271,66.3318241841162
"2,0,NA,2,2,NA,NA,NA,1",4,0.009432182607055271,66.34125636672326
"0,2,NA,1,1,NA,NA,NA,NA",4,0.009432182607055271,66.35068854933031
"NA,NA,NA,0,0,NA,2,NA,2",4,0.009432182607055271,66.36012073193737
"2,2,2,2,2,NA,0,2,NA",4,0.009432182607055271,66.36955291454443
"2,2,1,2,1,NA,2,2,1",4,0.009432182607055271,66.37898509715147
"0,2,0,2,2,NA,2,2,2",4,0.009432182607055271,66.38841727975854
"NA,NA,NA,2,2,1,NA,NA,2",4,0.009432182607055271,66.39784946236558
"0,2,2,2,2,0,2,2,0",4,0.009432182607055271,66.40728164497264
"2,1,2,0,0,2,2,2,NA",4,0.009432182607055271,66.4167138275797
"2,2,NA,2,2,NA,2,0,1",4,0.009432182607055271,66.42614601018676
"0,NA,NA,2,2,2,1,NA,2",4,0.009432182607055271,66.43557819279381
"1,2,2,1,2,2,1,2,2",4,0.009432182607055271,66.44501037540087
"2,0,NA,2,2,NA,2,1,2",4,0.009432182607055271,66.45444255800793
"NA,NA,NA,2,1,2,2,NA,0",4,0.009432182607055271,66.46387474061498
"0,NA,1,NA,NA,NA,NA,2,NA",4,0.009432182607055271,66.47330692322203
"0,2,NA,2,2,2,NA,NA,1",4,0.009432182607055271,66.4827391058291
"2,2,0,NA,NA,NA,NA,NA,2",4,0.009432182607055271,66.49217128843614
"2,2,NA,NA,NA,NA,NA,NA,0",4,0.009432182607055271,66.5016034710432
"2,1,2,1,1,2,1,2,2",4,0.009432182607055271,66.51103565365025
"2,NA,NA,0,2,2,2,NA,2",4,0.009432182607055271,66.52046783625731
"0,2,NA,2,2,NA,0,2,NA",4,0.009432182607055271,66.52990001886437
"2,2,NA,2,1,2,2,2,2",4,0.009432182607055271,66.53933220147142
"1,2,2,2,1,2,2,2,1",4,0.009432182607055271,66.54876438407847
"2,1,2,2,2,2,1,2,2",4,0.009432182607055271,66.55819656668554
"2,2,2,2,0,2,0,NA,NA",4,0.009432182607055271,66.56762874929258
"2,2,NA,NA,NA,0,NA,NA,2",4,0.009432182607055271,66.57706093189965
"1,1,NA,0,0,2,2,NA,NA",4,0.009432182607055271,66.5864931145067
"2,2,1,2,2,1,2,1,2",4,0.009432182607055271,66.59592529711375
"2,2,0,0,0,2,0,0,NA",4,0.009432182607055271,66.60535747972081
"2,NA,NA,2,2,2,0,NA,2",4,0.009432182607055271,66.61478966232787
"2,2,0,2,2,1,2,NA,2",4,0.009432182607055271,66.62422184493492
"1,2,NA,2,2,2,0,NA,2",4,0.009432182607055271,66.63365402754198
"0,1,NA,2,2,2,2,NA,NA",4,0.009432182607055271,66.64308621014902
"NA,0,NA,2,2,NA,2,NA,2",4,0.009432182607055271,66.6525183927561
"NA,NA,NA,1,1,0,NA,NA,NA",4,0.009432182607055271,66.66195057536314
"NA,2,NA,NA,NA,0,2,NA,2",4,0.009432182607055271,66.67138275797019
"2,NA,NA,2,1,2,1,NA,NA",4,0.009432182607055271,66.68081494057725
"NA,2,NA,NA,0,NA,2,NA,NA",4,0.009432182607055271,66.6902471231843
"1,0,NA,2,2,NA,NA,NA,NA",4,0.009432182607055271,66.69967930579136
"NA,NA,NA,NA,NA,NA,1,NA,0",4,0.009432182607055271,66.70911148839842
"2,NA,NA,0,NA,2,2,NA,NA",4,0.009432182607055271,66.71854367100548
"2,1,2,1,1,2,1,2,1",4,0.009432182607055271,66.72797585361253
"2,1,NA,NA,NA,NA,2,NA,1",4,0.009432182607055271,66.73740803621958
"0,2,2,2,0,2,2,2,0",4,0.009432182607055271,66.74684021882665
"2,2,2,2,0,2,0,NA,2",4,0.009432182607055271,66.75627240143369
"2,1,NA,1,1,2,1,NA,1",4,0.009432182607055271,66.76570458404075
"NA,2,NA,0,0,NA,NA,NA,0",4,0.009432182607055271,66.7751367666478
"1,1,NA,NA,NA,NA,NA,2,NA",4,0.009432182607055271,66.78456894925485
"1,2,NA,2,1,NA,NA,NA,NA",4,0.009432182607055271,66.79400113186192
"2,1,2,0,0,2,2,0,0",4,0.009432182607055271,66.80343331446896
"NA,NA,NA,0,NA,NA,NA,0,NA",4,0.009432182607055271,66.81286549707602
"1,2,2,2,1,2,2,NA,NA",4,0.009432182607055271,66.82229767968307
"2,2,2,1,2,NA,NA,2,2",4,0.009432182607055271,66.83172986229013
"2,2,NA,2,0,NA,2,NA,2",4,0.009432182607055271,66.84116204489719
"NA,NA,NA,0,0,1,2,NA,NA",4,0.009432182607055271,66.85059422750425
"2,NA,NA,2,2,0,2,NA,2",4,0.009432182607055271,66.86002641011129
"NA,2,2,2,0,2,0,2,NA",4,0.009432182607055271,66.86945859271836
"2,2,NA,0,0,NA,0,0,NA",4,0.009432182607055271,66.8788907753254
"2,2,0,NA,NA,NA,2,NA,NA",4,0.009432182607055271,66.88832295793247
"0,2,2,NA,NA,NA,1,2,NA",4,0.009432182607055271,66.89775514053952
"2,2,NA,0,2,2,2,2,2",4,0.009432182607055271,66.90718732314657
"2,2,2,2,2,1,2,NA,0",4,0.009432182607055271,66.91661950575363
"0,0,2,2,2,2,2,NA,NA",4,0.009432182607055271,66.92605168836069
"2,2,2,2,2,1,2,1,NA",4,0.009432182607055271,66.93548387096774
"2,2,0,2,2,0,2,2,1",4,0.009432182607055271,66.9449160535748
"NA,NA,NA,NA,1,NA,NA,2,NA",4,0.009432182607055271,66.95434823618184
"NA,2,2,1,1,2,2,2,1",4,0.009432182607055271,66.96378041878891
"NA,NA,NA,1,0,2,NA,NA,NA",4,0.009432182607055271,66.97321260139596
"1,0,2,2,2,2,2,2,2",4,0.009432182607055271,66.98264478400301
"2,1,2,0,2,2,2,2,0",4,0.009432182607055271,66.99207696661007
"NA,1,NA,NA,NA,NA,NA,NA,1",4,0.009432182607055271,67.00150914921713
"1,2,NA,0,0,2,2,NA,0",4,0.009432182607055271,67.01094133182418
"2,NA,2,2,2,0,2,NA,2",4,0.009432182607055271,67.02037351443124
"2,2,1,1,1,NA,2,2,2",4,0.009432182607055271,67.02980569703828
"NA,NA,NA,0,0,2,NA,NA,2",4,0.009432182607055271,67.03923787964536
"NA,2,NA,1,1,2,NA,NA,NA",4,0.009432182607055271,67.0486700622524
"2,2,2,2,2,0,0,1,2",4,0.009432182607055271,67.05810224485947
"2,0,NA,NA,NA,NA,1,NA,NA",4,0.009432182607055271,67.06753442746651
"2,2,2,2,1,2,1,1,2",4,0.009432182607055271,67.07696661007357
"NA,NA,NA,2,0,1,2,NA,NA",4,0.009432182607055271,67.08639879268063
"2,2,2,2,1,2,0,2,2",4,0.009432182607055271,67.09583097528768
"NA,2,2,2,1,2,2,1,2",4,0.009432182607055271,67.10526315789474
"2,2,2,2,2,0,NA,2,1",4,0.009432182607055271,67.1146953405018
"0,2,NA,2,0,NA,NA,NA,NA",4,0.009432182607055271,67.12412752310884
"2,1,NA,NA,NA,NA,0,NA,NA",4,0.009432182607055271,67.13355970571591
"1,2,0,2,2,2,0,2,2",4,0.009432182607055271,67.14299188832295
"0,NA,NA,1,2,2,2,NA,NA",4,0.009432182607055271,67.15242407093001
"2,2,NA,0,0,0,NA,NA,NA",4,0.009432182607055271,67.16185625353707
"0,2,NA,NA,NA,NA,2,NA,2",4,0.009432182607055271,67.17128843614412
"2,1,2,0,0,2,0,2,0",4,0.009432182607055271,67.18072061875118
"1,1,0,2,2,2,2,NA,0",4,0.009432182607055271,67.19015280135824
"NA,1,NA,2,2,NA,1,NA,NA",4,0.009432182607055271,67.1995849839653
"2,2,2,0,2,NA,0,2,NA",4,0.009432182607055271,67.20901716657235
"2,0,1,2,2,2,2,1,2",4,0.009432182607055271,67.2184493491794
"NA,NA,0,2,2,2,2,NA,2",4,0.009432182607055271,67.22788153178647
"2,1,2,2,0,2,2,2,NA",4,0.009432182607055271,67.23731371439351
"0,2,1,NA,NA,NA,2,NA,NA",4,0.009432182607055271,67.24674589700057
"1,2,NA,2,2,2,0,NA,NA",4,0.009432182607055271,67.25617807960762
"0,0,NA,NA,NA,NA,NA,NA,1",4,0.009432182607055271,67.26561026221468
"NA,NA,NA,0,NA,1,2,NA,NA",4,0.009432182607055271,67.27504244482174
"NA,2,1,2,2,2,2,1,1",4,0.009432182607055271,67.28447462742879
"1,1,0,2,2,2,2,2,NA",4,0.009432182607055271,67.29390681003584
"2,2,NA,1,1,NA,2,NA,NA",4,0.009432182607055271,67.3033389926429
"2,2,2,0,2,2,0,2,0",4,0.009432182607055271,67.31277117524995
"2,2,2,NA,NA,NA,NA,0,NA",4,0.009432182607055271,67.322203357857
"2,2,0,1,2,2,2,NA,1",4,0.009432182607055271,67.33163554046406
"2,2,0,2,0,2,0,0,0",4,0.009432182607055271,67.34106772307112
"2,1,NA,2,2,NA,2,2,NA",4,0.009432182607055271,67.35049990567818
"1,1,NA,0,0,NA,NA,NA,NA",4,0.009432182607055271,67.35993208828522
"NA,2,2,2,0,2,NA,NA,NA",4,0.009432182607055271,67.36936427089229
"1,2,0,2,2,2,2,1,2",4,0.009432182607055271,67.37879645349933
"0,2,2,2,2,2,NA,NA,NA",4,0.009432182607055271,67.38822863610639
"0,NA,NA,0,NA,2,NA,NA,NA",4,0.009432182607055271,67.39766081871345
"NA,NA,NA,NA,NA,0,0,NA,2",4,0.009432182607055271,67.4070930013205
"NA,NA,NA,1,1,2,1,NA,NA",4,0.009432182607055271,67.41652518392756
"1,1,NA,2,2,NA,2,NA,NA",4,0.009432182607055271,67.42595736653462
"2,0,2,2,2,2,0,NA,NA",4,0.009432182607055271,67.43538954914166
"2,2,NA,1,1,NA,2,1,2",4,0.009432182607055271,67.44482173174873
"0,2,NA,2,1,NA,2,2,2",4,0.009432182607055271,67.45425391435577
"1,1,2,1,2,1,2,2,1",4,0.009432182607055271,67.46368609696283
"2,0,NA,2,0,2,2,NA,NA",4,0.009432182607055271,67.47311827956989
"0,2,2,2,2,2,0,NA,2",4,0.009432182607055271,67.48255046217695
"2,2,NA,2,2,2,2,1,1",4,0.009432182607055271,67.491982644784
"NA,1,NA,2,0,2,NA,NA,NA",4,0.009432182607055271,67.50141482739106
"2,2,2,NA,NA,0,NA,2,NA",4,0.009432182607055271,67.51084700999812
"2,NA,NA,NA,NA,2,1,NA,NA",4,0.009432182607055271,67.52027919260517
"NA,NA,NA,2,2,0,2,NA,1",4,0.009432182607055271,67.52971137521222
"0,2,NA,NA,2,NA,NA,NA,NA",4,0.009432182607055271,67.53914355781929
"NA,NA,NA,1,2,2,2,NA,0",4,0.009432182607055271,67.54857574042633
"NA,NA,NA,NA,1,NA,NA,NA,1",4,0.009432182607055271,67.55800792303339
"NA,NA,NA,NA,NA,NA,2,1,2",4,0.009432182607055271,67.56744010564044
"NA,NA,NA,0,1,2,2,NA,NA",4,0.009432182607055271,67.5768722882475
"2,2,0,2,2,2,0,2,NA",4,0.009432182607055271,67.58630447085456
"NA,0,NA,1,2,2,2,NA,2",4,0.009432182607055271,67.59573665346161
"1,1,NA,0,0,2,0,NA,NA",4,0.009432182607055271,67.60516883606866
"0,0,NA,2,2,NA,NA,NA,2",4,0.009432182607055271,67.61460101867573
"NA,2,NA,2,0,0,NA,NA,NA",4,0.009432182607055271,67.62403320128277
"NA,NA,1,NA,NA,2,2,NA,NA",4,0.009432182607055271,67.63346538388984
"2,2,2,1,2,2,NA,NA,NA",4,0.009432182607055271,67.64289756649688
"NA,NA,NA,NA,NA,0,2,NA,0",4,0.009432182607055271,67.65232974910394
"2,2,NA,NA,NA,NA,NA,0,NA",4,0.009432182607055271,67.661761931711
"0,NA,NA,2,NA,NA,2,NA,NA",4,0.009432182607055271,67.67119411431806
"2,1,NA,0,0,2,2,NA,2",4,0.009432182607055271,67.68062629692511
"2,2,2,2,2,NA,2,NA,0",4,0.009432182607055271,67.69005847953217
"2,2,0,2,2,2,0,NA,NA",4,0.009432182607055271,67.69949066213921
"0,2,1,2,2,NA,2,2,NA",4,0.009432182607055271,67.70892284474628
"2,NA,2,1,2,NA,2,2,NA",4,0.009432182607055271,67.71835502735333
"2,0,NA,NA,NA,NA,0,NA,2",4,0.009432182607055271,67.72778720996038
"NA,1,NA,2,NA,2,NA,NA,NA",4,0.009432182607055271,67.73721939256744
"2,2,2,1,1,2,2,2,NA",4,0.009432182607055271,67.7466515751745
"0,2,NA,0,NA,NA,NA,NA,NA",4,0.009432182607055271,67.75608375778155
"2,2,NA,1,1,1,2,NA,1",4,0.009432182607055271,67.76551594038861
"2,1,2,2,2,NA,2,2,NA",4,0.009432182607055271,67.77494812299565
"2,NA,NA,2,1,1,NA,NA,NA",4,0.009432182607055271,67.78438030560272
"1,2,NA,2,2,NA,NA,NA,2",4,0.009432182607055271,67.79381248820977
"2,2,2,1,1,2,1,1,2",4,0.009432182607055271,67.80324467081684
"1,NA,NA,0,0,2,0,NA,NA",4,0.009432182607055271,67.81267685342388
"2,1,NA,2,2,NA,2,0,NA",4,0.009432182607055271,67.82210903603094
"0,0,NA,NA,2,NA,NA,NA,NA",4,0.009432182607055271,67.831541218638
"NA,NA,0,NA,NA,NA,NA,1,NA",4,0.009432182607055271,67.84097340124505
"NA,NA,0,0,2,2,2,NA,NA",4,0.009432182607055271,67.85040558385211
"NA,NA,NA,0,NA,0,0,NA,NA",4,0.009432182607055271,67.85983776645917
"1,1,2,2,2,2,2,NA,1",4,0.009432182607055271,67.86926994906621
"2,0,NA,NA,1,NA,NA,NA,NA",4,0.009432182607055271,67.87870213167328
"1,1,2,2,2,2,2,1,0",4,0.009432182607055271,67.88813431428032
"2,2,NA,2,NA,1,2,NA,NA",4,0.009432182607055271,67.89756649688738
"2,1,2,2,0,2,2,2,0",4,0.009432182607055271,67.90699867949444
"2,1,2,2,2,2,0,NA,NA",4,0.009432182607055271,67.91643086210149
"2,0,2,2,2,2,1,NA,NA",4,0.009432182607055271,67.92586304470855
"2,1,NA,2,2,2,2,2,2",4,0.009432182607055271,67.9352952273156
"NA,2,2,2,1,2,1,1,NA",4,0.009432182607055271,67.94472740992265
"0,NA,NA,NA,NA,NA,NA,0,NA",4,0.009432182607055271,67.9541595925297
"2,0,2,NA,NA,2,2,2,NA",4,0.009432182607055271,67.96359177513676
"0,2,0,NA,NA,NA,NA,NA,NA",4,0.009432182607055271,67.97302395774382
"2,2,2,2,2,0,2,1,NA",4,0.009432182607055271,67.98245614035088
"2,2,2,2,2,2,NA,1,2",4,0.009432182607055271,67.99188832295793
"2,2,1,2,2,2,1,NA,1",4,0.009432182607055271,68.00132050556499
"2,2,2,2,0,0,2,2,NA",4,0.009432182607055271,68.01075268817203
"1,2,NA,2,0,2,2,NA,2",4,0.009432182607055271,68.0201848707791
"2,1,2,1,2,1,2,2,2",4,0.009432182607055271,68.02961705338615
"NA,2,NA,2,NA,2,0,NA,NA",4,0.009432182607055271,68.0390492359932
"0,0,2,2,2,2,2,0,2",4,0.009432182607055271,68.04848141860026
"2,2,2,2,1,2,1,NA,1",4,0.009432182607055271,68.05791360120732
"2,2,2,NA,1,NA,NA,2,NA",4,0.009432182607055271,68.06734578381437
"0,2,2,2,2,2,1,NA,2",4,0.009432182607055271,68.07677796642143
"2,0,NA,2,2,2,1,NA,NA",4,0.009432182607055271,68.08621014902847
"1,2,NA,2,2,2,2,NA,1",4,0.009432182607055271,68.09564233163555
"NA,NA,NA,2,2,NA,2,NA,0",4,0.009432182607055271,68.10507451424259
"NA,0,NA,NA,NA,NA,2,2,NA",4,0.009432182607055271,68.11450669684966
"0,NA,NA,1,NA,NA,NA,NA,NA",4,0.009432182607055271,68.1239388794567
"2,1,NA,2,2,2,2,2,NA",4,0.009432182607055271,68.13337106206376
"NA,2,NA,2,2,0,2,NA,2",4,0.009432182607055271,68.14280324467082
"1,1,NA,0,2,2,NA,NA,NA",4,0.009432182607055271,68.15223542727787
"2,2,1,1,1,NA,1,2,1",4,0.009432182607055271,68.16166760988493
"2,0,NA,2,2,0,0,NA,NA",4,0.009432182607055271,68.17109979249199
"0,2,NA,2,2,NA,NA,2,NA",4,0.009432182607055271,68.18053197509903
"2,2,2,2,2,1,1,2,1",4,0.009432182607055271,68.1899641577061
"2,0,1,2,2,NA,2,NA,2",4,0.009432182607055271,68.19939634031314
"NA,NA,NA,0,2,2,2,NA,2",4,0.009432182607055271,68.2088285229202
"1,1,NA,2,2,NA,2,0,NA",4,0.009432182607055271,68.21826070552726
"NA,NA,2,0,NA,NA,NA,NA,NA",4,0.009432182607055271,68.22769288813431
"NA,2,NA,2,2,2,0,NA,2",4,0.009432182607055271,68.23712507074137
"2,2,2,NA,NA,2,2,1,2",4,0.009432182607055271,68.24655725334843
"2,0,NA,0,0,NA,0,NA,NA",4,0.009432182607055271,68.25598943595548
"2,2,2,2,2,0,NA,2,NA",4,0.009432182607055271,68.26542161856254
"2,2,1,1,2,2,2,NA,1",4,0.009432182607055271,68.27485380116958
"2,1,2,2,0,2,0,0,NA",4,0.009432182607055271,68.28428598377666
"NA,NA,2,NA,NA,NA,NA,2,1",4,0.009432182607055271,68.2937181663837
"NA,NA,NA,1,2,NA,1,NA,NA",4,0.009432182607055271,68.30315034899075
"1,2,NA,NA,0,NA,NA,NA,NA",4,0.009432182607055271,68.31258253159781
"2,1,2,2,0,2,0,2,NA",4,0.009432182607055271,68.32201471420487
"NA,1,NA,NA,NA,0,NA,NA,NA",4,0.009432182607055271,68.33144689681193
"2,1,2,0,0,2,2,NA,NA",4,0.009432182607055271,68.34087907941898
"2,2,0,2,2,2,0,1,2",4,0.009432182607055271,68.35031126202603
"2,1,NA,NA,NA,2,NA,NA,NA",4,0.009432182607055271,68.3597434446331
"1,NA,NA,0,0,NA,2,NA,NA",4,0.009432182607055271,68.36917562724014
"NA,NA,NA,2,1,2,NA,NA,2",4,0.009432182607055271,68.3786078098472
"NA,NA,NA,0,NA,NA,NA,NA,1",4,0.009432182607055271,68.38803999245425
"2,2,2,2,1,2,1,NA,2",4,0.009432182607055271,68.39747217506131
"2,0,1,2,2,2,2,NA,2",4,0.009432182607055271,68.40690435766837
"2,2,2,NA,2,1,2,2,2",4,0.009432182607055271,68.41633654027542
"2,2,NA,0,0,2,2,NA,0",4,0.009432182607055271,68.42576872288248
"2,NA,NA,0,0,2,0,NA,NA",4,0.009432182607055271,68.43520090548954
"NA,0,NA,2,2,2,2,NA,1",4,0.009432182607055271,68.44463308809658
"2,2,1,2,1,2,2,2,0",4,0.009432182607055271,68.45406527070365
"1,1,2,0,0,2,2,NA,NA",4,0.009432182607055271,68.4634974533107
"2,NA,NA,2,2,NA,0,NA,2",4,0.009432182607055271,68.47292963591775
"0,0,NA,2,2,NA,0,2,1",4,0.009432182607055271,68.48236181852481
"0,2,NA,2,2,0,2,NA,2",4,0.009432182607055271,68.49179400113186
"NA,NA,NA,2,1,0,1,NA,NA",4,0.009432182607055271,68.50122618373892
"2,2,1,2,0,2,2,2,2",4,0.009432182607055271,68.51065836634598
"0,1,2,2,2,NA,2,NA,NA",4,0.009432182607055271,68.52009054895302
"2,2,2,2,2,NA,1,NA,NA",4,0.009432182607055271,68.52952273156008
"NA,NA,NA,2,2,NA,1,NA,2",4,0.009432182607055271,68.53895491416714
"0,2,2,NA,NA,NA,2,NA,NA",4,0.009432182607055271,68.54838709677419
"0,1,NA,0,2,NA,NA,NA,NA",4,0.009432182607055271,68.55781927938125
"2,1,2,1,2,2,2,2,1",4,0.009432182607055271,68.56725146198829
"2,1,0,2,0,2,0,2,2",4,0.009432182607055271,68.57668364459536
"2,NA,NA,2,2,2,1,NA,2",4,0.009432182607055271,68.5861158272024
"1,1,2,2,2,2,2,NA,NA",4,0.009432182607055271,68.59554800980948
"1,1,2,0,0,2,0,0,0",4,0.009432182607055271,68.60498019241652
"0,2,NA,1,1,2,2,NA,NA",4,0.009432182607055271,68.61441237502358
"2,2,NA,2,2,1,0,NA,2",4,0.009432182607055271,68.62384455763063
"0,NA,NA,2,2,2,0,NA,2",4,0.009432182607055271,68.63327674023769
"2,2,NA,NA,NA,NA,1,NA,1",4,0.009432182607055271,68.64270892284475
"2,1,NA,1,2,NA,2,NA,1",4,0.009432182607055271,68.6521411054518
"2,2,2,NA,1,2,2,2,2",4,0.009432182607055271,68.66157328805885
"2,2,NA,0,2,NA,2,2,2",4,0.009432182607055271,68.67100547066592
"2,2,NA,1,2,1,2,NA,NA",4,0.009432182607055271,68.68043765327296
"2,1,NA,2,0,NA,NA,NA,NA",4,0.009432182607055271,68.68986983588002
"NA,NA,NA,2,2,2,2,2,0",4,0.009432182607055271,68.69930201848707
"2,2,0,2,0,NA,0,0,2",4,0.009432182607055271,68.70873420109413
"2,2,2,NA,0,2,2,2,2",4,0.009432182607055271,68.71816638370119
"NA,NA,NA,NA,NA,2,1,NA,1",4,0.009432182607055271,68.72759856630825
"NA,2,NA,0,2,2,0,NA,NA",4,0.009432182607055271,68.7370307489153
"NA,NA,NA,0,2,2,2,NA,0",4,0.009432182607055271,68.74646293152236
"2,2,NA,1,2,0,2,NA,NA",4,0.009432182607055271,68.7558951141294
"2,0,2,2,2,1,2,NA,2",4,0.009432182607055271,68.76532729673647
"NA,1,NA,0,0,NA,0,NA,NA",4,0.009432182607055271,68.77475947934352
"2,0,NA,NA,NA,NA,NA,1,NA",4,0.009432182607055271,68.78419166195057
"2,2,NA,1,1,NA,1,2,2",4,0.009432182607055271,68.79362384455763
"2,2,2,2,2,2,0,1,2",4,0.009432182607055271,68.80305602716469
"2,NA,NA,2,NA,NA,0,NA,NA",4,0.009432182607055271,68.81248820977174
"NA,2,NA,0,2,2,2,NA,NA",4,0.009432182607055271,68.8219203923788
"2,2,NA,2,2,0,1,NA,2",4,0.009432182607055271,68.83135257498584
"NA,NA,NA,0,NA,NA,NA,NA,0",4,0.009432182607055271,68.84078475759291
"1,2,1,1,2,2,2,2,2",4,0.009432182607055271,68.85021694019996
"NA,1,0,NA,NA,NA,NA,NA,NA",4,0.009432182607055271,68.85964912280701
"0,2,2,NA,NA,NA,2,2,2",4,0.009432182607055271,68.86908130541407
"2,2,1,2,2,0,2,2,1",4,0.009432182607055271,68.87851348802113
"2,NA,NA,0,NA,NA,0,NA,NA",4,0.009432182607055271,68.88794567062818
"NA,NA,NA,0,1,2,NA,NA,NA",3,0.007074136955291454,68.89501980758348
"NA,2,NA,2,1,NA,1,NA,NA",3,0.007074136955291454,68.90209394453876
"0,2,2,2,2,2,1,NA,NA",3,0.007074136955291454,68.90916808149406
"2,2,2,NA,NA,NA,0,NA,NA",3,0.007074136955291454,68.91624221844936
"NA,2,1,2,NA,NA,NA,NA,NA",3,0.007074136955291454,68.92331635540464
"2,2,1,2,1,2,2,0,2",3,0.007074136955291454,68.93039049235993
"1,2,2,2,2,NA,2,2,0",3,0.007074136955291454,68.93746462931523
"1,NA,NA,2,2,NA,1,NA,NA",3,0.007074136955291454,68.94453876627051
"2,NA,NA,0,NA,NA,NA,NA,1",3,0.007074136955291454,68.95161290322581
"NA,2,2,0,NA,2,NA,0,NA",3,0.007074136955291454,68.9586870401811
"NA,NA,NA,1,2,NA,2,NA,2",3,0.007074136955291454,68.96576117713639
"2,2,NA,1,1,2,NA,NA,NA",3,0.007074136955291454,68.97283531409168
"2,2,NA,2,2,0,0,NA,2",3,0.007074136955291454,68.97990945104698
"2,0,1,2,2,2,1,2,2",3,0.007074136955291454,68.98698358800226
"2,2,NA,2,0,2,1,NA,2",3,0.007074136955291454,68.99405772495756
"2,2,2,2,0,NA,2,0,2",3,0.007074136955291454,69.00113186191284
"1,NA,0,NA,NA,NA,NA,0,NA",3,0.007074136955291454,69.00820599886814
"2,2,2,2,2,NA,0,2,2",3,0.007074136955291454,69.01528013582343
"NA,1,2,NA,NA,NA,2,2,1",3,0.007074136955291454,69.02235427277871
"NA,2,NA,2,1,NA,2,2,NA",3,0.007074136955291454,69.02942840973402
"NA,1,NA,0,NA,NA,2,NA,NA",3,0.007074136955291454,69.0365025466893
"0,2,NA,1,2,NA,NA,NA,NA",3,0.007074136955291454,69.04357668364459
"0,2,1,2,2,2,2,NA,NA",3,0.007074136955291454,69.05065082059988
"2,2,2,1,1,2,1,NA,NA",3,0.007074136955291454,69.05772495755518
"2,2,1,2,2,NA,2,1,1",3,0.007074136955291454,69.06479909451046
"2,1,2,2,2,NA,2,2,0",3,0.007074136955291454,69.07187323146576
"NA,NA,0,NA,NA,2,2,NA,NA",3,0.007074136955291454,69.07894736842105
"2,NA,2,NA,NA,NA,1,NA,NA",3,0.007074136955291454,69.08602150537635
"0,2,2,2,0,2,2,2,2",3,0.007074136955291454,69.09309564233163
"0,2,NA,1,1,NA,2,NA,NA",3,0.007074136955291454,69.10016977928693
"1,2,NA,NA,NA,2,2,NA,NA",3,0.007074136955291454,69.10724391624223
"2,NA,NA,0,2,2,2,NA,NA",3,0.007074136955291454,69.11431805319751
"NA,2,0,2,2,NA,NA,NA,NA",3,0.007074136955291454,69.1213921901528
"2,2,2,0,2,2,2,0,1",3,0.007074136955291454,69.1284663271081
"NA,0,NA,NA,NA,2,2,NA,1",3,0.007074136955291454,69.13554046406338
"2,2,2,0,NA,2,2,2,2",3,0.007074136955291454,69.14261460101866
"2,2,NA,NA,NA,1,2,NA,NA",3,0.007074136955291454,69.14968873797397
"1,1,2,1,1,2,2,2,1",3,0.007074136955291454,69.15676287492926
"2,0,NA,NA,NA,NA,2,0,NA",3,0.007074136955291454,69.16383701188455
"1,0,NA,0,2,NA,NA,NA,NA",3,0.007074136955291454,69.17091114883985
"2,2,2,0,0,2,0,NA,NA",3,0.007074136955291454,69.17798528579513
"2,1,2,2,2,NA,NA,2,NA",3,0.007074136955291454,69.18505942275043
"2,0,NA,NA,0,NA,NA,NA,NA",3,0.007074136955291454,69.19213355970571
"1,1,1,2,2,2,2,2,NA",3,0.007074136955291454,69.199207696661
"NA,2,NA,2,2,2,2,1,2",3,0.007074136955291454,69.2062818336163
"2,0,2,2,2,2,2,1,NA",3,0.007074136955291454,69.21335597057158
"NA,NA,NA,2,2,2,1,NA,1",3,0.007074136955291454,69.22043010752688
"1,NA,NA,0,0,2,NA,NA,NA",3,0.007074136955291454,69.22750424448218
"2,1,2,NA,NA,NA,NA,2,1",3,0.007074136955291454,69.23457838143746
"0,NA,1,2,2,2,2,NA,NA",3,0.007074136955291454,69.24165251839275
"2,0,2,NA,NA,2,2,2,2",3,0.007074136955291454,69.24872665534805
"2,2,NA,2,2,1,2,NA,0",3,0.007074136955291454,69.25580079230333
"0,2,NA,2,1,2,NA,NA,NA",3,0.007074136955291454,69.26287492925863
"NA,NA,NA,NA,NA,1,2,NA,0",3,0.007074136955291454,69.26994906621393
"2,2,2,2,2,2,0,1,0",3,0.007074136955291454,69.27702320316921
"2,NA,1,2,2,2,2,0,2",3,0.007074136955291454,69.2840973401245
"NA,0,NA,2,2,NA,0,NA,NA",3,0.007074136955291454,69.2911714770798
"1,NA,NA,2,2,NA,0,NA,NA",3,0.007074136955291454,69.2982456140351
"NA,NA,NA,1,2,0,NA,NA,2",3,0.007074136955291454,69.30531975099038
"2,2,2,2,0,0,2,2,2",3,0.007074136955291454,69.31239388794566
"2,2,2,NA,NA,2,1,NA,2",3,0.007074136955291454,69.31946802490097
"NA,1,NA,NA,NA,NA,2,NA,1",3,0.007074136955291454,69.32654216185625
"NA,NA,NA,2,1,2,2,2,2",3,0.007074136955291454,69.33361629881153
"0,NA,NA,1,2,2,2,NA,2",3,0.007074136955291454,69.34069043576685
"NA,2,NA,2,2,0,2,NA,1",3,0.007074136955291454,69.34776457272213
"0,0,2,NA,NA,NA,NA,2,NA",3,0.007074136955291454,69.35483870967742
"NA,0,NA,2,2,NA,0,NA,2",3,0.007074136955291454,69.3619128466327
"2,2,2,0,2,NA,NA,2,NA",3,0.007074136955291454,69.368986983588
"2,1,NA,1,2,2,2,NA,2",3,0.007074136955291454,69.3760611205433
"2,2,1,2,1,NA,2,2,2",3,0.007074136955291454,69.38313525749858
"NA,NA,NA,0,0,2,2,NA,2",3,0.007074136955291454,69.39020939445388
"2,2,1,2,2,NA,NA,NA,NA",3,0.007074136955291454,69.39728353140917
"2,2,2,2,1,2,1,NA,NA",3,0.007074136955291454,69.40435766836445
"NA,2,NA,2,1,0,2,NA,2",3,0.007074136955291454,69.41143180531975
"1,NA,NA,1,1,NA,2,NA,NA",3,0.007074136955291454,69.41850594227505
"NA,0,NA,NA,NA,NA,NA,NA,0",3,0.007074136955291454,69.42558007923033
"2,2,0,0,2,2,0,2,2",3,0.007074136955291454,69.43265421618563
"1,1,0,2,2,2,2,NA,2",3,0.007074136955291454,69.43972835314092
"2,2,1,NA,2,NA,1,2,1",3,0.007074136955291454,69.4468024900962
"2,1,0,0,0,2,2,0,0",3,0.007074136955291454,69.4538766270515
"NA,NA,NA,2,NA,NA,0,NA,2",3,0.007074136955291454,69.4609507640068
"2,2,NA,1,2,1,1,NA,NA",3,0.007074136955291454,69.46802490096208
"NA,2,NA,NA,NA,1,2,NA,1",3,0.007074136955291454,69.47509903791737
"1,NA,NA,0,0,2,2,NA,NA",3,0.007074136955291454,69.48217317487266
"1,2,1,2,2,2,2,0,0",3,0.007074136955291454,69.48924731182797
"0,2,2,NA,2,NA,NA,2,NA",3,0.007074136955291454,69.49632144878325
"1,1,0,0,0,2,0,2,2",3,0.007074136955291454,69.50339558573853
"0,2,1,2,2,2,2,2,1",3,0.007074136955291454,69.51046972269384
"1,1,1,1,2,2,2,2,1",3,0.007074136955291454,69.51754385964912
"2,1,2,2,1,2,2,NA,2",3,0.007074136955291454,69.5246179966044
"2,0,2,NA,NA,NA,NA,2,1",3,0.007074136955291454,69.5316921335597
"2,NA,NA,2,2,NA,0,0,NA",3,0.007074136955291454,69.538766270515
"2,2,0,0,0,2,2,NA,0",3,0.007074136955291454,69.5458404074703
"0,0,NA,2,2,NA,2,2,1",3,0.007074136955291454,69.55291454442558
"2,1,NA,2,2,NA,2,2,0",3,0.007074136955291454,69.55998868138087
"1,1,NA,2,2,NA,1,NA,NA",3,0.007074136955291454,69.56706281833617
"NA,2,2,NA,NA,0,2,NA,NA",3,0.007074136955291454,69.57413695529145
"1,2,2,1,2,1,2,2,2",3,0.007074136955291454,69.58121109224675
"2,2,2,NA,NA,NA,2,NA,1",3,0.007074136955291454,69.58828522920204
"0,0,NA,2,1,NA,NA,NA,NA",3,0.007074136955291454,69.59535936615733
"0,NA,NA,1,2,2,NA,NA,NA",3,0.007074136955291454,69.60243350311262
"2,2,1,2,2,NA,1,2,NA",3,0.007074136955291454,69.60950764006792
"2,2,1,NA,NA,NA,NA,NA,2",3,0.007074136955291454,69.6165817770232
"1,1,NA,2,2,2,0,NA,NA",3,0.007074136955291454,69.6236559139785
"2,2,1,2,1,NA,2,NA,1",3,0.007074136955291454,69.63073005093379
"2,NA,NA,1,2,NA,1,NA,NA",3,0.007074136955291454,69.63780418788907
"2,0,NA,2,2,1,2,NA,NA",3,0.007074136955291454,69.64487832484437
"2,NA,NA,NA,NA,2,NA,1,NA",3,0.007074136955291454,69.65195246179967
"0,2,2,2,1,2,2,2,1",3,0.007074136955291454,69.65902659875495
"2,1,0,2,2,2,2,2,NA",3,0.007074136955291454,69.66610073571024
"NA,NA,0,2,2,NA,0,NA,NA",3,0.007074136955291454,69.67317487266553
"NA,NA,NA,1,0,2,2,NA,NA",3,0.007074136955291454,69.68024900962084
"2,2,2,NA,0,NA,2,2,NA",3,0.007074136955291454,69.68732314657612
"1,2,2,0,0,2,0,2,NA",3,0.007074136955291454,69.6943972835314
"NA,0,2,NA,NA,NA,2,NA,NA",3,0.007074136955291454,69.70147142048671
"2,2,2,2,1,NA,1,2,1",3,0.007074136955291454,69.708545557442
"2,2,0,2,2,1,0,NA,2",3,0.007074136955291454,69.71561969439728
"2,2,1,NA,NA,NA,2,NA,2",3,0.007074136955291454,69.72269383135257
"NA,2,2,2,1,NA,2,2,NA",3,0.007074136955291454,69.72976796830787
"2,NA,NA,1,1,2,2,NA,2",3,0.007074136955291454,69.73684210526315
"1,1,NA,0,2,NA,2,2,NA",3,0.007074136955291454,69.74391624221845
"1,2,2,2,0,2,2,1,0",3,0.007074136955291454,69.75099037917374
"NA,NA,NA,2,NA,2,NA,NA,0",3,0.007074136955291454,69.75806451612904
"1,NA,NA,0,0,0,NA,NA,NA",3,0.007074136955291454,69.76513865308432
"NA,2,NA,0,2,NA,NA,2,NA",3,0.007074136955291454,69.77221279003962
"NA,NA,1,NA,NA,NA,0,NA,NA",3,0.007074136955291454,69.77928692699491
"0,0,1,NA,NA,NA,NA,NA,NA",3,0.007074136955291454,69.7863610639502
"2,2,0,0,0,2,2,2,NA",3,0.007074136955291454,69.79343520090549
"2,2,0,2,0,2,2,0,NA",3,0.007074136955291454,69.80050933786079
"2,2,2,NA,1,NA,NA,NA,NA",3,0.007074136955291454,69.80758347481607
"2,1,0,0,0,2,2,0,NA",3,0.007074136955291454,69.81465761177137
"0,2,2,2,2,2,2,1,NA",3,0.007074136955291454,69.82173174872666
"2,1,1,2,2,2,2,2,NA",3,0.007074136955291454,69.82880588568194
"2,NA,NA,2,0,2,NA,NA,NA",3,0.007074136955291454,69.83588002263724
"NA,NA,NA,NA,0,1,NA,NA,NA",3,0.007074136955291454,69.84295415959252
"2,NA,NA,2,2,2,NA,NA,1",3,0.007074136955291454,69.85002829654782
"0,2,NA,NA,NA,NA,NA,NA,1",3,0.007074136955291454,69.85710243350312
"0,NA,NA,0,2,2,2,NA,NA",3,0.007074136955291454,69.8641765704584
"2,2,2,2,0,2,0,NA,0",3,0.007074136955291454,69.8712507074137
"2,2,2,1,1,1,2,1,1",3,0.007074136955291454,69.87832484436899
"NA,NA,NA,0,0,2,0,NA,2",3,0.007074136955291454,69.88539898132427
"2,2,2,2,1,0,1,2,NA",3,0.007074136955291454,69.89247311827957
"NA,2,NA,2,2,NA,2,NA,1",3,0.007074136955291454,69.89954725523486
"NA,0,NA,0,0,0,NA,NA,NA",3,0.007074136955291454,69.90662139219015
"0,2,NA,2,2,2,1,NA,2",3,0.007074136955291454,69.91369552914544
"0,0,NA,2,2,NA,2,2,0",3,0.007074136955291454,69.92076966610074
"NA,2,1,NA,NA,2,NA,NA,NA",3,0.007074136955291454,69.92784380305602
"1,2,2,2,0,2,2,NA,0",3,0.007074136955291454,69.93491794001132
"2,0,2,0,2,2,2,2,2",3,0.007074136955291454,69.94199207696661
"NA,NA,NA,NA,NA,NA,0,1,NA",3,0.007074136955291454,69.94906621392191
"NA,NA,2,NA,0,NA,NA,0,NA",3,0.007074136955291454,69.95614035087719
"NA,2,2,2,2,0,NA,2,NA",3,0.007074136955291454,69.96321448783249
"NA,1,2,2,2,2,NA,NA,NA",3,0.007074136955291454,69.97028862478778
"1,1,0,0,0,2,2,NA,2",3,0.007074136955291454,69.97736276174307
"2,NA,0,2,1,2,2,NA,2",3,0.007074136955291454,69.98443689869835
"1,2,2,NA,NA,NA,2,2,NA",3,0.007074136955291454,69.99151103565366
"NA,2,2,1,2,2,NA,2,NA",3,0.007074136955291454,69.99858517260894
"2,1,2,NA,NA,NA,2,NA,NA",3,0.007074136955291454,70.00565930956422
"NA,NA,NA,2,2,0,NA,NA,1",3,0.007074136955291454,70.01273344651952
"NA,NA,NA,NA,1,0,2,NA,2",3,0.007074136955291454,70.01980758347482
"NA,1,NA,NA,NA,2,0,NA,NA",3,0.007074136955291454,70.02688172043011
"0,NA,NA,2,2,1,0,NA,2",3,0.007074136955291454,70.0339558573854
"1,1,NA,2,0,NA,2,NA,NA",3,0.007074136955291454,70.04102999434069
"NA,2,0,0,2,2,0,0,NA",3,0.007074136955291454,70.04810413129599
"2,2,1,1,2,NA,2,2,2",3,0.007074136955291454,70.05517826825127
"1,2,NA,2,0,NA,2,2,2",3,0.007074136955291454,70.06225240520656
"NA,2,2,2,2,2,1,NA,NA",3,0.007074136955291454,70.06932654216186
"NA,1,2,2,1,2,2,2,NA",3,0.007074136955291454,70.07640067911714
"2,2,2,2,2,0,2,1,1",3,0.007074136955291454,70.08347481607244
"1,2,2,2,2,NA,2,2,1",3,0.007074136955291454,70.09054895302774
"NA,NA,1,0,NA,NA,NA,NA,NA",3,0.007074136955291454,70.09762308998302
"2,2,NA,2,1,2,2,NA,0",3,0.007074136955291454,70.10469722693831
"2,NA,NA,0,2,0,NA,NA,NA",3,0.007074136955291454,70.11177136389361
"0,2,2,2,0,2,2,2,NA",3,0.007074136955291454,70.11884550084889
"2,NA,1,1,2,2,2,2,2",3,0.007074136955291454,70.12591963780419
"2,2,0,2,2,0,NA,NA,NA",3,0.007074136955291454,70.13299377475948
"2,0,2,2,2,0,2,2,0",3,0.007074136955291454,70.14006791171478
"NA,NA,NA,2,1,NA,2,2,NA",3,0.007074136955291454,70.14714204867006
"0,NA,NA,0,0,NA,0,NA,NA",3,0.007074136955291454,70.15421618562534
"2,2,NA,2,0,2,2,2,2",3,0.007074136955291454,70.16129032258065
"1,NA,NA,2,NA,NA,2,NA,NA",3,0.007074136955291454,70.16836445953594
"NA,2,NA,2,NA,0,NA,NA,NA",3,0.007074136955291454,70.17543859649122
"NA,NA,NA,0,2,0,NA,NA,1",3,0.007074136955291454,70.18251273344653
"NA,NA,NA,NA,NA,2,NA,NA,0",3,0.007074136955291454,70.18958687040181
"NA,NA,1,NA,NA,NA,NA,2,1",3,0.007074136955291454,70.1966610073571
"2,NA,NA,NA,0,NA,2,NA,NA",3,0.007074136955291454,70.20373514431239
"NA,0,0,2,2,2,2,NA,2",3,0.007074136955291454,70.21080928126769
"NA,NA,NA,2,2,2,0,NA,1",3,0.007074136955291454,70.21788341822298
"2,1,0,0,0,2,0,2,2",3,0.007074136955291454,70.22495755517826
"1,2,NA,0,2,2,NA,NA,NA",3,0.007074136955291454,70.23203169213356
"1,2,2,0,2,2,0,NA,NA",3,0.007074136955291454,70.23910582908886
"1,2,2,2,2,2,2,0,NA",3,0.007074136955291454,70.24617996604414
"1,1,0,0,0,2,2,2,0",3,0.007074136955291454,70.25325410299943
"NA,2,2,NA,NA,0,2,2,NA",3,0.007074136955291454,70.26032823995473
"2,2,NA,NA,NA,1,NA,NA,NA",3,0.007074136955291454,70.26740237691001
"2,NA,2,2,2,2,2,1,1",3,0.007074136955291454,70.27447651386531
"2,0,2,1,2,2,2,2,1",3,0.007074136955291454,70.2815506508206
"NA,2,NA,0,NA,NA,NA,2,NA",3,0.007074136955291454,70.28862478777589
"2,2,2,1,2,2,NA,2,NA",3,0.007074136955291454,70.29569892473118
"2,2,2,1,2,NA,2,NA,NA",3,0.007074136955291454,70.30277306168648
"2,2,NA,NA,NA,NA,2,2,1",3,0.007074136955291454,70.30984719864176
"NA,2,NA,2,NA,2,2,NA,1",3,0.007074136955291454,70.31692133559706
"NA,2,0,2,2,2,2,0,2",3,0.007074136955291454,70.32399547255235
"2,2,2,2,2,0,1,NA,2",3,0.007074136955291454,70.33106960950764
"2,1,NA,2,2,2,1,NA,NA",3,0.007074136955291454,70.33814374646293
"2,2,2,1,2,1,1,1,2",3,0.007074136955291454,70.34521788341821
"2,0,NA,2,1,2,2,NA,NA",3,0.007074136955291454,70.35229202037353
"2,NA,NA,0,2,2,2,NA,0",3,0.007074136955291454,70.35936615732881
"1,0,NA,0,0,NA,NA,NA,NA",3,0.007074136955291454,70.36644029428409
"2,2,2,2,1,1,1,2,2",3,0.007074136955291454,70.37351443123939
"0,0,NA,2,2,2,0,NA,2",3,0.007074136955291454,70.38058856819468
"2,2,NA,2,1,0,NA,NA,2",3,0.007074136955291454,70.38766270514996
"NA,NA,2,NA,0,NA,NA,2,NA",3,0.007074136955291454,70.39473684210526
"NA,2,NA,1,0,NA,NA,NA,NA",3,0.007074136955291454,70.40181097906056
"2,1,2,2,1,0,2,NA,2",3,0.007074136955291454,70.40888511601585
"2,2,0,1,1,2,2,2,2",3,0.007074136955291454,70.41595925297113
"0,1,NA,0,0,2,0,NA,NA",3,0.007074136955291454,70.42303338992643
"1,NA,NA,2,0,NA,2,NA,NA",3,0.007074136955291454,70.43010752688173
"NA,NA,NA,1,NA,NA,2,NA,1",3,0.007074136955291454,70.43718166383701
"2,2,NA,2,1,NA,1,NA,NA",3,0.007074136955291454,70.4442558007923
"2,NA,NA,0,0,NA,2,NA,NA",3,0.007074136955291454,70.4513299377476
"1,1,NA,0,0,2,2,NA,2",3,0.007074136955291454,70.45840407470288
"2,2,2,0,2,0,2,2,2",3,0.007074136955291454,70.46547821165817
"2,2,2,1,2,0,2,NA,NA",3,0.007074136955291454,70.47255234861348
"2,2,2,2,2,2,0,1,NA",3,0.007074136955291454,70.47962648556876
"2,2,2,0,0,0,2,2,2",3,0.007074136955291454,70.48670062252405
"NA,NA,NA,2,2,0,1,NA,2",3,0.007074136955291454,70.49377475947935
"2,2,0,2,2,0,2,NA,NA",3,0.007074136955291454,70.50084889643463
"2,NA,2,0,2,2,2,2,NA",3,0.007074136955291454,70.50792303338993
"0,0,NA,2,1,2,2,NA,NA",3,0.007074136955291454,70.51499717034521
"2,2,0,NA,NA,2,2,NA,NA",3,0.007074136955291454,70.52207130730051
"2,1,1,NA,NA,NA,NA,NA,NA",3,0.007074136955291454,70.5291454442558
"NA,NA,NA,2,1,2,2,NA,1",3,0.007074136955291454,70.53621958121109
"NA,1,1,NA,NA,NA,NA,1,NA",3,0.007074136955291454,70.54329371816638
"2,1,NA,2,2,NA,2,NA,0",3,0.007074136955291454,70.55036785512168
"2,2,NA,2,2,2,2,0,1",3,0.007074136955291454,70.55744199207696
"2,2,1,2,NA,NA,NA,NA,NA",3,0.007074136955291454,70.56451612903226
"NA,2,NA,2,1,2,0,NA,NA",3,0.007074136955291454,70.57159026598755
"2,0,NA,2,2,NA,1,2,2",3,0.007074136955291454,70.57866440294283
"2,NA,2,NA,0,NA,NA,2,NA",3,0.007074136955291454,70.58573853989813
"0,NA,NA,NA,NA,2,0,NA,NA",3,0.007074136955291454,70.59281267685343
"2,2,NA,0,0,NA,2,2,NA",3,0.007074136955291454,70.59988681380871
"1,2,0,2,2,2,2,2,NA",3,0.007074136955291454,70.606960950764
"2,1,2,0,0,2,0,NA,NA",3,0.007074136955291454,70.6140350877193
"2,NA,NA,NA,1,NA,NA,2,NA",3,0.007074136955291454,70.6211092246746
"NA,2,NA,2,2,NA,1,NA,2",3,0.007074136955291454,70.62818336162988
"0,NA,NA,1,2,NA,2,NA,NA",3,0.007074136955291454,70.63525749858516
"2,1,NA,NA,NA,0,NA,NA,NA",3,0.007074136955291454,70.64233163554047
"2,NA,NA,0,2,NA,1,NA,NA",3,0.007074136955291454,70.64940577249575
"0,2,2,2,2,2,1,0,2",3,0.007074136955291454,70.65647990945104
"NA,NA,NA,2,2,0,2,NA,0",3,0.007074136955291454,70.66355404640635
"NA,2,2,2,2,0,2,2,0",3,0.007074136955291454,70.67062818336163
"NA,NA,NA,0,0,2,1,NA,NA",3,0.007074136955291454,70.67770232031693
"1,2,1,0,0,2,2,NA,2",3,0.007074136955291454,70.6847764572722
"NA,NA,0,NA,NA,2,NA,NA,NA",3,0.007074136955291454,70.6918505942275
"2,2,2,NA,2,2,2,NA,1",3,0.007074136955291454,70.6989247311828
"NA,NA,NA,0,2,2,0,NA,2",3,0.007074136955291454,70.70599886813808
"NA,NA,NA,NA,NA,2,0,NA,2",3,0.007074136955291454,70.71307300509338
"2,1,NA,2,2,1,2,NA,NA",3,0.007074136955291454,70.72014714204867
"1,NA,NA,NA,NA,NA,NA,NA,0",3,0.007074136955291454,70.72722127900396
"2,1,NA,2,2,2,NA,NA,2",3,0.007074136955291454,70.73429541595925
"NA,2,0,NA,NA,NA,NA,0,NA",3,0.007074136955291454,70.74136955291455
"2,0,1,NA,NA,NA,NA,NA,NA",3,0.007074136955291454,70.74844368986983
"2,0,2,2,2,1,2,2,NA",3,0.007074136955291454,70.75551782682513
"1,2,2,0,0,2,2,2,NA",3,0.007074136955291454,70.76259196378042
"2,2,2,2,2,2,NA,NA,1",3,0.007074136955291454,70.7696661007357
"2,2,2,NA,2,2,2,1,2",3,0.007074136955291454,70.776740237691
"1,NA,NA,NA,2,2,NA,NA,NA",3,0.007074136955291454,70.7838143746463
"2,1,2,2,1,NA,NA,NA,NA",3,0.007074136955291454,70.79088851160158
"NA,NA,0,NA,NA,NA,2,NA,NA",3,0.007074136955291454,70.79796264855688
"0,2,2,1,2,2,1,2,2",3,0.007074136955291454,70.80503678551217
"NA,NA,NA,1,2,2,1,NA,2",3,0.007074136955291454,70.81211092246747
"0,NA,NA,2,2,NA,2,0,NA",3,0.007074136955291454,70.81918505942275
"1,1,NA,0,0,NA,0,NA,NA",3,0.007074136955291454,70.82625919637803
"1,2,2,NA,NA,2,2,2,NA",3,0.007074136955291454,70.83333333333334
"2,2,2,NA,NA,1,1,2,2",3,0.007074136955291454,70.84040747028862
"NA,0,NA,2,NA,NA,2,NA,NA",3,0.007074136955291454,70.8474816072439
"NA,1,NA,0,2,2,NA,NA,NA",3,0.007074136955291454,70.85455574419922
"NA,NA,NA,NA,NA,NA,2,2,1",3,0.007074136955291454,70.8616298811545
"2,2,1,2,NA,2,2,2,2",3,0.007074136955291454,70.8687040181098
"NA,NA,NA,NA,0,2,0,NA,NA",3,0.007074136955291454,70.87577815506508
"2,NA,NA,2,NA,NA,1,NA,NA",3,0.007074136955291454,70.88285229202037
"2,2,NA,2,2,NA,2,1,NA",3,0.007074136955291454,70.88992642897567
"1,NA,2,2,2,NA,2,NA,2",3,0.007074136955291454,70.89700056593095
"2,2,2,2,2,NA,1,NA,2",3,0.007074136955291454,70.90407470288625
"1,2,1,2,2,2,2,1,0",3,0.007074136955291454,70.91114883984154
"2,1,NA,0,0,2,2,2,0",3,0.007074136955291454,70.91822297679683
"0,1,NA,0,0,NA,0,0,NA",3,0.007074136955291454,70.92529711375212
"0,2,2,2,2,2,2,1,1",3,0.007074136955291454,70.93237125070742
"NA,NA,NA,2,0,NA,NA,NA,1",3,0.007074136955291454,70.9394453876627
"1,2,2,2,2,1,2,2,NA",3,0.007074136955291454,70.946519524618
"0,NA,NA,NA,2,1,NA,NA,NA",3,0.007074136955291454,70.9535936615733
"NA,2,2,2,2,1,2,2,NA",3,0.007074136955291454,70.96066779852858
"NA,0,NA,2,2,0,2,NA,NA",3,0.007074136955291454,70.96774193548387
"1,0,NA,NA,NA,NA,2,NA,NA",3,0.007074136955291454,70.97481607243917
"2,2,0,1,2,2,2,NA,2",3,0.007074136955291454,70.98189020939445
"2,1,NA,NA,NA,NA,NA,NA,1",3,0.007074136955291454,70.98896434634975
"NA,NA,NA,NA,1,NA,1,NA,NA",3,0.007074136955291454,70.99603848330503
"0,2,2,2,2,2,0,0,2",3,0.007074136955291454,71.00311262026034
"2,0,NA,2,2,2,2,1,2",3,0.007074136955291454,71.01018675721562
"0,2,NA,0,0,NA,NA,NA,NA",3,0.007074136955291454,71.0172608941709
"NA,2,NA,2,0,2,2,NA,2",3,0.007074136955291454,71.02433503112621
"NA,2,NA,2,2,1,NA,NA,NA",3,0.007074136955291454,71.0314091680815
"1,2,0,2,1,2,2,2,2",3,0.007074136955291454,71.03848330503678
"2,2,1,NA,NA,NA,1,NA,NA",3,0.007074136955291454,71.04555744199207
"0,2,2,2,2,2,0,NA,0",3,0.007074136955291454,71.05263157894737
"0,1,2,2,2,2,2,NA,NA",3,0.007074136955291454,71.05970571590265
"2,1,NA,0,0,2,0,NA,2",3,0.007074136955291454,71.06677985285795
"2,2,NA,2,0,NA,2,2,2",3,0.007074136955291454,71.07385398981324
"1,1,0,2,0,2,2,2,0",3,0.007074136955291454,71.08092812676854
"2,NA,NA,2,NA,NA,NA,NA,0",3,0.007074136955291454,71.08800226372382
"2,2,2,2,2,2,0,1,1",3,0.007074136955291454,71.09507640067912
"0,2,2,2,0,2,2,0,2",3,0.007074136955291454,71.10215053763442
"NA,1,2,2,2,2,0,2,NA",3,0.007074136955291454,71.1092246745897
"0,NA,2,2,2,2,2,NA,2",3,0.007074136955291454,71.116298811545
"0,2,NA,NA,2,0,NA,NA,NA",3,0.007074136955291454,71.12337294850029
"NA,NA,NA,2,0,NA,NA,NA,0",3,0.007074136955291454,71.13044708545557
"2,2,2,2,1,2,2,0,NA",3,0.007074136955291454,71.13752122241087
"NA,0,NA,2,1,1,NA,NA,NA",3,0.007074136955291454,71.14459535936616
"NA,NA,0,2,2,2,2,NA,NA",3,0.007074136955291454,71.15166949632145
"2,2,2,2,0,NA,2,2,NA",3,0.007074136955291454,71.15874363327674
"2,2,NA,2,1,2,NA,NA,2",3,0.007074136955291454,71.16581777023202
"NA,2,NA,1,2,2,2,NA,2",3,0.007074136955291454,71.17289190718732
"2,0,NA,0,1,NA,NA,NA,NA",3,0.007074136955291454,71.17996604414262
"2,2,1,NA,NA,2,2,NA,2",3,0.007074136955291454,71.1870401810979
"0,NA,2,0,2,NA,NA,NA,NA",3,0.007074136955291454,71.1941143180532
"2,2,1,NA,NA,NA,1,1,2",3,0.007074136955291454,71.20118845500849
"0,2,2,2,2,0,2,0,2",3,0.007074136955291454,71.20826259196377
"NA,1,NA,2,2,0,NA,NA,NA",3,0.007074136955291454,71.21533672891907
"NA,NA,1,NA,NA,NA,1,NA,NA",3,0.007074136955291454,71.22241086587437
"1,NA,NA,2,2,0,NA,NA,NA",3,0.007074136955291454,71.22948500282965
"2,2,2,NA,1,NA,1,2,NA",3,0.007074136955291454,71.23655913978494
"0,0,2,2,2,0,2,2,2",3,0.007074136955291454,71.24363327674024
"NA,1,NA,0,0,0,NA,NA,NA",3,0.007074136955291454,71.25070741369552
"2,2,1,1,1,1,2,2,NA",3,0.007074136955291454,71.25778155065082
"0,NA,2,2,2,NA,2,NA,NA",3,0.007074136955291454,71.26485568760611
"2,NA,NA,2,1,2,2,NA,NA",3,0.007074136955291454,71.27192982456141
"1,1,NA,2,2,NA,2,2,2",3,0.007074136955291454,71.2790039615167
"2,2,2,0,0,2,0,2,NA",3,0.007074136955291454,71.28607809847199
"2,2,0,2,1,0,2,NA,NA",3,0.007074136955291454,71.29315223542729
"2,2,2,NA,NA,1,2,2,NA",3,0.007074136955291454,71.30022637238257
"2,NA,NA,NA,NA,2,NA,NA,1",3,0.007074136955291454,71.30730050933785
"2,2,1,1,1,1,2,1,2",3,0.007074136955291454,71.31437464629316
"2,2,1,2,0,NA,2,NA,NA",3,0.007074136955291454,71.32144878324844
"2,2,2,0,NA,NA,1,2,NA",3,0.007074136955291454,71.32852292020372
"2,2,NA,0,0,NA,2,NA,NA",3,0.007074136955291454,71.33559705715903
"0,1,2,2,2,2,2,2,1",3,0.007074136955291454,71.34267119411432
"2,2,2,1,2,2,2,1,NA",3,0.007074136955291454,71.34974533106961
"0,2,2,2,2,2,2,1,0",3,0.007074136955291454,71.3568194680249
"NA,NA,NA,NA,NA,0,NA,0,NA",3,0.007074136955291454,71.36389360498019
"2,NA,2,NA,NA,NA,2,2,1",3,0.007074136955291454,71.37096774193549
"NA,NA,2,NA,NA,NA,0,1,NA",3,0.007074136955291454,71.37804187889077
"0,1,NA,0,0,2,NA,NA,NA",3,0.007074136955291454,71.38511601584607
"2,2,NA,0,2,NA,0,NA,0",3,0.007074136955291454,71.39219015280136
"2,1,NA,1,1,NA,NA,NA,NA",3,0.007074136955291454,71.39926428975664
"2,2,NA,0,0,2,1,NA,NA",3,0.007074136955291454,71.40633842671194
"1,NA,NA,1,NA,NA,NA,NA,NA",3,0.007074136955291454,71.41341256366724
"2,1,NA,1,2,NA,NA,NA,NA",3,0.007074136955291454,71.42048670062252
"NA,2,NA,0,0,NA,0,NA,2",3,0.007074136955291454,71.42756083757781
"2,2,NA,NA,2,NA,2,NA,1",3,0.007074136955291454,71.43463497453311
"2,NA,1,NA,NA,NA,2,NA,NA",3,0.007074136955291454,71.4417091114884
"NA,2,2,NA,1,2,2,2,NA",3,0.007074136955291454,71.44878324844369
"NA,1,2,2,2,2,2,2,2",3,0.007074136955291454,71.45585738539899
"NA,2,NA,2,2,NA,2,NA,0",3,0.007074136955291454,71.46293152235428
"NA,2,NA,NA,NA,NA,NA,1,NA",3,0.007074136955291454,71.47000565930956
"0,1,NA,2,2,2,NA,NA,NA",3,0.007074136955291454,71.47707979626486
"0,NA,NA,NA,2,2,NA,NA,NA",3,0.007074136955291454,71.48415393322016
"2,2,2,NA,1,NA,2,2,2",3,0.007074136955291454,71.49122807017544
"2,2,1,2,2,2,0,2,2",3,0.007074136955291454,71.49830220713072
"2,NA,NA,0,0,2,NA,NA,NA",3,0.007074136955291454,71.50537634408603
"2,2,0,2,2,NA,2,NA,NA",3,0.007074136955291454,71.51245048104131
"2,2,0,2,0,2,0,0,2",3,0.007074136955291454,71.5195246179966
"NA,1,2,NA,NA,NA,NA,NA,NA",3,0.007074136955291454,71.52659875495189
"NA,2,2,0,2,2,NA,2,NA",3,0.007074136955291454,71.53367289190719
"2,0,NA,2,2,2,2,0,2",3,0.007074136955291454,71.54074702886248
"2,1,NA,0,0,NA,0,0,NA",3,0.007074136955291454,71.54782116581777
"2,2,2,1,1,NA,NA,2,1",3,0.007074136955291454,71.55489530277306
"2,NA,NA,NA,NA,0,1,NA,NA",3,0.007074136955291454,71.56196943972836
"2,2,2,2,2,NA,0,0,2",3,0.007074136955291454,71.56904357668364
"2,2,2,2,0,2,2,0,NA",3,0.007074136955291454,71.57611771363894
"2,2,NA,2,0,NA,0,NA,2",3,0.007074136955291454,71.58319185059423
"0,2,2,0,2,2,2,2,0",3,0.007074136955291454,71.59026598754951
"2,2,2,2,0,2,2,1,0",3,0.007074136955291454,71.59734012450481
"1,2,2,0,0,2,2,0,0",3,0.007074136955291454,71.60441426146011
"0,NA,2,2,2,NA,0,NA,NA",3,0.007074136955291454,71.61148839841539
"1,1,2,2,0,NA,2,2,2",3,0.007074136955291454,71.61856253537069
"NA,NA,NA,1,1,2,NA,NA,1",3,0.007074136955291454,71.62563667232598
"2,1,0,2,2,2,0,2,2",3,0.007074136955291454,71.63271080928126
"1,2,2,2,0,1,2,2,2",3,0.007074136955291454,71.63978494623656
"NA,2,2,NA,NA,0,NA,NA,2",3,0.007074136955291454,71.64685908319186
"0,2,NA,2,0,2,2,NA,2",3,0.007074136955291454,71.65393322014714
"2,1,2,2,2,2,1,NA,2",3,0.007074136955291454,71.66100735710243
"1,2,0,2,0,2,0,0,0",3,0.007074136955291454,71.66808149405772
"2,0,2,NA,2,NA,NA,NA,NA",3,0.007074136955291454,71.67515563101303
"NA,2,NA,NA,NA,2,0,NA,NA",3,0.007074136955291454,71.68222976796831
"2,2,0,2,NA,2,2,2,2",3,0.007074136955291454,71.68930390492359
"2,2,NA,NA,NA,NA,1,NA,2",3,0.007074136955291454,71.69637804187889
"NA,0,0,NA,NA,NA,NA,NA,NA",3,0.007074136955291454,71.70345217883418
"2,0,NA,2,1,NA,2,NA,NA",3,0.007074136955291454,71.71052631578947
"1,NA,2,2,2,2,2,2,2",3,0.007074136955291454,71.71760045274476
"0,NA,NA,0,NA,2,2,NA,NA",3,0.007074136955291454,71.72467458970006
"2,2,1,NA,2,NA,NA,2,NA",3,0.007074136955291454,71.73174872665535
"NA,NA,NA,1,0,0,NA,NA,NA",3,0.007074136955291454,71.73882286361064
"1,2,0,2,2,2,2,NA,0",3,0.007074136955291454,71.74589700056593
"1,2,0,2,2,0,2,NA,2",3,0.007074136955291454,71.75297113752123
"2,2,2,1,2,NA,2,NA,2",3,0.007074136955291454,71.76004527447651
"NA,0,NA,NA,2,1,NA,NA,NA",3,0.007074136955291454,71.7671194114318
"2,2,NA,NA,NA,2,1,NA,2",3,0.007074136955291454,71.7741935483871
"0,2,NA,2,2,NA,NA,NA,0",3,0.007074136955291454,71.78126768534239
"2,2,2,0,NA,NA,2,2,NA",3,0.007074136955291454,71.78834182229767
"NA,2,2,1,2,2,2,NA,NA",3,0.007074136955291454,71.79541595925298
"NA,1,NA,0,0,NA,NA,NA,2",3,0.007074136955291454,71.80249009620826
"2,NA,2,NA,NA,0,NA,0,NA",3,0.007074136955291454,71.80956423316356
"2,1,NA,NA,2,NA,NA,NA,NA",3,0.007074136955291454,71.81663837011885
"NA,NA,NA,1,NA,NA,0,NA,NA",3,0.007074136955291454,71.82371250707413
"1,1,2,1,2,2,2,2,2",3,0.007074136955291454,71.83078664402943
"0,2,NA,0,0,2,0,NA,NA",3,0.007074136955291454,71.83786078098471
"2,2,2,2,2,2,1,0,2",3,0.007074136955291454,71.84493491794001
"2,1,NA,0,2,NA,2,2,2",3,0.007074136955291454,71.8520090548953
"NA,NA,NA,NA,2,2,NA,NA,0",3,0.007074136955291454,71.85908319185059
"NA,NA,NA,NA,2,NA,NA,NA,0",3,0.007074136955291454,71.8661573288059
"2,0,NA,NA,NA,2,2,NA,2",3,0.007074136955291454,71.87323146576118
"NA,2,0,2,2,2,NA,NA,NA",3,0.007074136955291454,71.88030560271646
"2,2,0,2,2,1,2,2,NA",3,0.007074136955291454,71.88737973967176
"2,0,NA,2,2,NA,2,2,NA",3,0.007074136955291454,71.89445387662705
"NA,1,1,NA,NA,NA,NA,NA,NA",3,0.007074136955291454,71.90152801358234
"2,2,2,NA,NA,1,2,2,1",3,0.007074136955291454,71.90860215053763
"2,2,1,2,2,0,2,1,2",3,0.007074136955291454,71.91567628749293
"2,1,2,2,0,2,0,0,2",3,0.007074136955291454,71.92275042444821
"NA,NA,1,NA,NA,2,1,NA,NA",3,0.007074136955291454,71.9298245614035
"2,2,1,2,2,2,0,NA,2",3,0.007074136955291454,71.9368986983588
"0,2,NA,2,2,0,0,NA,NA",3,0.007074136955291454,71.9439728353141
"2,1,NA,NA,NA,2,2,NA,NA",3,0.007074136955291454,71.95104697226938
"2,2,0,2,0,NA,2,NA,2",3,0.007074136955291454,71.95812110922468
"NA,NA,0,NA,NA,NA,2,0,NA",3,0.007074136955291454,71.96519524617997
"NA,2,NA,NA,NA,NA,NA,NA,0",3,0.007074136955291454,71.97226938313526
"0,0,NA,2,2,0,2,NA,NA",3,0.007074136955291454,71.97934352009054
"0,NA,NA,NA,NA,0,NA,2,NA",3,0.007074136955291454,71.98641765704585
"2,0,0,2,2,1,2,2,2",3,0.007074136955291454,71.99349179400113
"2,NA,1,NA,NA,NA,2,2,2",3,0.007074136955291454,72.00056593095643
"0,0,NA,NA,NA,NA,NA,NA,2",3,0.007074136955291454,72.00764006791172
"2,2,2,1,2,2,1,0,2",3,0.007074136955291454,72.014714204867
"2,2,NA,2,1,2,2,1,2",3,0.007074136955291454,72.0217883418223
"1,1,0,2,2,2,2,0,2",3,0.007074136955291454,72.02886247877758
"0,0,NA,2,2,2,2,NA,0",3,0.007074136955291454,72.03593661573288
"NA,NA,NA,2,NA,0,NA,NA,2",3,0.007074136955291454,72.04301075268818
"2,2,2,NA,NA,0,2,2,0",3,0.007074136955291454,72.05008488964346
"2,2,2,NA,NA,NA,0,NA,2",3,0.007074136955291454,72.05715902659875
"0,2,2,NA,NA,0,2,2,2",3,0.007074136955291454,72.06423316355405
"2,1,0,0,0,2,0,NA,2",3,0.007074136955291454,72.07130730050933
"0,NA,NA,2,2,NA,NA,NA,1",3,0.007074136955291454,72.07838143746463
"2,2,NA,NA,NA,NA,0,NA,2",3,0.007074136955291454,72.08545557441992
"2,0,NA,2,2,1,0,NA,NA",3,0.007074136955291454,72.0925297113752
"0,2,2,2,2,2,0,0,0",3,0.007074136955291454,72.0996038483305
"2,1,0,0,2,2,2,2,NA",3,0.007074136955291454,72.1066779852858
"1,2,NA,0,0,NA,NA,NA,NA",3,0.007074136955291454,72.11375212224108
"2,2,NA,2,1,2,1,NA,NA",3,0.007074136955291454,72.12082625919638
"2,1,2,0,0,NA,2,0,NA",3,0.007074136955291454,72.12790039615167
"1,1,0,0,0,2,0,0,2",3,0.007074136955291454,72.13497453310697
"2,2,2,NA,NA,2,1,2,2",3,0.007074136955291454,72.14204867006225
"2,2,NA,0,2,NA,NA,NA,2",3,0.007074136955291454,72.14912280701753
"2,2,2,NA,0,NA,2,2,2",3,0.007074136955291454,72.15619694397284
"2,2,1,2,2,NA,2,1,2",3,0.007074136955291454,72.16327108092813
"NA,NA,NA,NA,2,NA,2,NA,1",3,0.007074136955291454,72.17034521788341
"NA,2,2,2,1,NA,2,2,2",3,0.007074136955291454,72.17741935483872
"NA,NA,2,NA,NA,NA,0,NA,NA",3,0.007074136955291454,72.184493491794
"2,2,0,0,0,2,2,NA,NA",3,0.007074136955291454,72.1915676287493
"NA,NA,NA,2,2,0,NA,2,NA",3,0.007074136955291454,72.19864176570458
"1,2,NA,2,2,0,2,NA,NA",3,0.007074136955291454,72.20571590265988
"1,1,2,2,2,NA,2,0,2",3,0.007074136955291454,72.21279003961517
"0,2,NA,NA,NA,NA,2,NA,1",3,0.007074136955291454,72.21986417657045
"2,NA,NA,2,2,NA,NA,0,NA",3,0.007074136955291454,72.22693831352575
"0,NA,NA,NA,NA,NA,2,2,NA",3,0.007074136955291454,72.23401245048105
"0,0,NA,2,2,NA,2,0,NA",3,0.007074136955291454,72.24108658743633
"0,1,NA,NA,1,NA,NA,NA,NA",3,0.007074136955291454,72.24816072439162
"2,2,2,2,2,NA,NA,1,NA",3,0.007074136955291454,72.25523486134692
"2,0,NA,2,2,0,1,NA,NA",3,0.007074136955291454,72.2623089983022
"1,0,NA,2,2,NA,2,NA,2",3,0.007074136955291454,72.2693831352575
"2,1,NA,0,0,2,0,NA,NA",3,0.007074136955291454,72.2764572722128
"NA,NA,1,2,2,2,2,NA,2",3,0.007074136955291454,72.28353140916808
"NA,2,2,0,0,2,0,0,NA",3,0.007074136955291454,72.29060554612337
"0,0,0,NA,NA,NA,NA,NA,NA",3,0.007074136955291454,72.29767968307867
"2,2,NA,1,1,1,NA,NA,NA",3,0.007074136955291454,72.30475382003395
"NA,NA,NA,0,2,NA,NA,NA,0",3,0.007074136955291454,72.31182795698925
"NA,NA,NA,1,NA,2,2,NA,2",3,0.007074136955291454,72.31890209394453
"NA,NA,NA,0,NA,2,2,NA,2",3,0.007074136955291454,72.32597623089984
"2,NA,2,2,2,2,2,2,1",3,0.007074136955291454,72.33305036785512
"0,NA,NA,0,2,NA,0,NA,NA",3,0.007074136955291454,72.3401245048104
"2,2,NA,1,2,NA,1,NA,1",3,0.007074136955291454,72.34719864176571
"2,2,2,0,2,1,2,2,2",3,0.007074136955291454,72.354272778721
"2,2,NA,2,2,1,2,0,2",3,0.007074136955291454,72.36134691567628
"1,2,2,1,1,2,2,2,2",3,0.007074136955291454,72.36842105263158
"0,NA,NA,NA,NA,2,2,NA,2",3,0.007074136955291454,72.37549518958687
"2,2,2,2,0,1,2,2,2",3,0.007074136955291454,72.38256932654215
"2,2,NA,2,2,NA,0,0,NA",3,0.007074136955291454,72.38964346349745
"NA,NA,NA,1,NA,NA,NA,NA,2",3,0.007074136955291454,72.39671760045275
"NA,NA,NA,0,2,NA,0,NA,2",3,0.007074136955291454,72.40379173740804
"2,2,0,2,2,NA,NA,NA,NA",3,0.007074136955291454,72.41086587436332
"0,NA,NA,2,2,2,2,NA,1",3,0.007074136955291454,72.41794001131862
"0,NA,NA,2,1,2,NA,NA,NA",3,0.007074136955291454,72.42501414827392
"2,NA,NA,NA,NA,NA,1,NA,1",3,0.007074136955291454,72.4320882852292
"2,1,2,2,2,2,2,1,NA",3,0.007074136955291454,72.4391624221845
"2,2,2,NA,NA,0,2,NA,NA",3,0.007074136955291454,72.44623655913979
"NA,0,NA,2,2,2,NA,NA,2",3,0.007074136955291454,72.45331069609507
"NA,NA,NA,NA,2,0,1,NA,NA",3,0.007074136955291454,72.46038483305037
"1,NA,NA,0,NA,1,NA,NA,NA",3,0.007074136955291454,72.46745897000567
"NA,0,NA,2,2,NA,NA,2,NA",3,0.007074136955291454,72.47453310696095
"2,1,NA,0,0,NA,2,2,2",3,0.007074136955291454,72.48160724391624
"0,2,NA,NA,2,0,2,NA,NA",3,0.007074136955291454,72.48868138087154
"NA,NA,2,0,2,2,0,NA,NA",3,0.007074136955291454,72.49575551782682
"2,2,2,2,2,NA,2,1,1",3,0.007074136955291454,72.50282965478212
"NA,2,NA,NA,NA,NA,0,2,NA",3,0.007074136955291454,72.5099037917374
"NA,2,0,2,2,2,2,2,0",3,0.007074136955291454,72.5169779286927
"NA,1,2,2,1,NA,2,2,NA",3,0.007074136955291454,72.524052065648
"NA,NA,NA,1,1,NA,0,NA,NA",3,0.007074136955291454,72.53112620260328
"0,2,2,2,2,0,2,NA,2",3,0.007074136955291454,72.53820033955859
"NA,1,NA,NA,0,NA,NA,NA,NA",3,0.007074136955291454,72.54527447651387
"NA,NA,2,0,NA,NA,NA,2,NA",3,0.007074136955291454,72.55234861346915
"2,2,1,2,2,NA,2,2,1",3,0.007074136955291454,72.55942275042445
"2,NA,NA,0,2,2,0,NA,NA",3,0.007074136955291454,72.56649688737974
"0,2,NA,1,2,NA,2,NA,NA",3,0.007074136955291454,72.57357102433502
"2,2,NA,2,2,NA,0,0,1",3,0.007074136955291454,72.58064516129032
"2,1,NA,2,0,2,2,NA,2",3,0.007074136955291454,72.58771929824562
"1,2,0,2,2,2,0,NA,2",3,0.007074136955291454,72.59479343520091
"2,2,2,NA,2,NA,NA,1,NA",3,0.007074136955291454,72.6018675721562
"0,NA,NA,NA,NA,NA,2,2,2",3,0.007074136955291454,72.60894170911149
"1,1,0,2,2,2,2,NA,NA",3,0.007074136955291454,72.61601584606679
"2,2,NA,0,2,0,2,NA,NA",3,0.007074136955291454,72.62308998302207
"2,2,2,1,2,1,2,1,1",3,0.007074136955291454,72.63016411997737
"NA,2,NA,2,2,2,2,1,1",3,0.007074136955291454,72.63723825693266
"2,0,NA,1,2,0,2,NA,NA",3,0.007074136955291454,72.64431239388794
"2,2,NA,0,0,NA,2,NA,0",3,0.007074136955291454,72.65138653084323
"0,NA,NA,2,2,NA,NA,NA,2",3,0.007074136955291454,72.65846066779854
"2,2,2,2,1,2,2,0,2",3,0.007074136955291454,72.66553480475382
"NA,NA,NA,NA,NA,NA,0,2,2",3,0.007074136955291454,72.67260894170911
"NA,1,2,0,0,NA,0,NA,NA",3,0.007074136955291454,72.6796830786644
"2,2,NA,0,2,NA,NA,NA,0",3,0.007074136955291454,72.68675721561969
"2,2,2,2,1,1,2,1,1",3,0.007074136955291454,72.69383135257499
"1,2,NA,NA,2,NA,NA,NA,NA",3,0.007074136955291454,72.70090548953027
"0,NA,NA,0,2,2,NA,NA,NA",3,0.007074136955291454,72.70797962648557
"2,2,NA,1,2,NA,NA,2,NA",3,0.007074136955291454,72.71505376344086
"2,NA,NA,NA,NA,NA,1,2,NA",3,0.007074136955291454,72.72212790039615
"2,2,NA,1,2,0,2,NA,2",3,0.007074136955291454,72.72920203735144
"1,2,1,2,2,2,2,2,0",3,0.007074136955291454,72.73627617430674
"NA,2,NA,NA,NA,NA,1,NA,1",3,0.007074136955291454,72.74335031126202
"NA,NA,NA,1,2,NA,NA,NA,2",3,0.007074136955291454,72.75042444821732
"2,2,NA,1,2,NA,1,NA,2",3,0.007074136955291454,72.75749858517261
"1,2,2,2,2,NA,1,2,0",3,0.007074136955291454,72.7645727221279
"2,NA,NA,2,1,2,NA,NA,NA",3,0.007074136955291454,72.77164685908319
"NA,2,NA,NA,NA,0,NA,NA,2",3,0.007074136955291454,72.77872099603849
"NA,2,1,1,1,2,2,2,1",3,0.007074136955291454,72.78579513299378
"NA,NA,NA,2,NA,0,2,NA,2",3,0.007074136955291454,72.79286926994907
"0,2,0,2,1,2,2,NA,2",3,0.007074136955291454,72.79994340690436
"2,2,2,2,2,0,0,NA,NA",3,0.007074136955291454,72.80701754385966
"2,2,0,2,2,1,NA,NA,NA",3,0.007074136955291454,72.81409168081494
"1,0,2,2,2,2,2,NA,0",3,0.007074136955291454,72.82116581777022
"0,NA,NA,NA,NA,NA,2,2,1",3,0.007074136955291454,72.82823995472553
"2,NA,NA,1,NA,NA,2,NA,NA",3,0.007074136955291454,72.83531409168081
"NA,0,NA,NA,2,2,2,NA,NA",3,0.007074136955291454,72.8423882286361
"1,2,2,2,0,2,0,0,0",3,0.007074136955291454,72.84946236559139
"0,NA,NA,1,1,NA,NA,NA,NA",3,0.007074136955291454,72.85653650254669
"2,1,NA,0,0,NA,NA,NA,NA",3,0.007074136955291454,72.86361063950199
"2,2,NA,1,2,NA,2,1,1",3,0.007074136955291454,72.87068477645727
"NA,NA,NA,1,1,NA,2,NA,2",3,0.007074136955291454,72.87775891341256
"2,0,2,1,2,2,2,2,NA",3,0.007074136955291454,72.88483305036786
"NA,0,NA,2,1,2,2,NA,NA",3,0.007074136955291454,72.89190718732314
"2,2,NA,2,0,2,NA,NA,NA",3,0.007074136955291454,72.89898132427844
"NA,NA,2,NA,NA,1,2,2,2",3,0.007074136955291454,72.90605546123373
"2,2,NA,1,1,NA,1,2,NA",3,0.007074136955291454,72.91312959818902
"2,0,2,2,2,1,2,2,1",3,0.007074136955291454,72.92020373514431
"2,2,NA,NA,2,NA,1,NA,1",3,0.007074136955291454,72.92727787209961
"2,0,2,2,2,2,NA,2,NA",3,0.007074136955291454,72.93435200905489
"2,2,1,NA,2,2,2,2,2",3,0.007074136955291454,72.94142614601019
"2,2,NA,1,2,NA,1,NA,NA",3,0.007074136955291454,72.94850028296548
"1,2,NA,0,0,2,0,NA,2",3,0.007074136955291454,72.95557441992077
"NA,NA,0,2,2,2,0,NA,NA",3,0.007074136955291454,72.96264855687606
"1,2,0,2,2,1,2,NA,NA",3,0.007074136955291454,72.96972269383136
"2,0,0,2,2,2,2,2,NA",3,0.007074136955291454,72.97679683078664
"2,1,NA,1,2,2,1,NA,1",3,0.007074136955291454,72.98387096774194
"2,2,1,1,2,2,1,1,2",3,0.007074136955291454,72.99094510469722
"1,1,2,2,0,NA,2,NA,NA",3,0.007074136955291454,72.99801924165253
"NA,0,NA,1,2,NA,2,NA,NA",3,0.007074136955291454,73.00509337860781
"2,2,0,0,0,2,0,NA,NA",3,0.007074136955291454,73.01216751556309
"2,1,NA,NA,NA,NA,NA,NA,2",3,0.007074136955291454,73.0192416525184
"NA,2,NA,2,2,2,NA,NA,1",3,0.007074136955291454,73.02631578947368
"2,2,NA,2,1,2,1,NA,2",3,0.007074136955291454,73.03338992642897
"0,NA,NA,2,1,1,NA,NA,NA",3,0.007074136955291454,73.04046406338426
"0,0,2,1,2,2,2,2,2",3,0.007074136955291454,73.04753820033956
"NA,0,NA,NA,NA,1,NA,NA,NA",3,0.007074136955291454,73.05461233729486
"2,0,2,1,2,1,2,2,2",3,0.007074136955291454,73.06168647425014
"NA,2,2,2,2,1,2,2,2",3,0.007074136955291454,73.06876061120543
"2,2,NA,1,1,NA,1,2,1",3,0.007074136955291454,73.07583474816073
"2,0,2,2,2,2,2,1,0",3,0.007074136955291454,73.08290888511601
"1,1,0,0,0,2,0,0,0",3,0.007074136955291454,73.08998302207131
"NA,NA,2,0,0,NA,NA,NA,NA",3,0.007074136955291454,73.0970571590266
"2,1,0,0,0,2,2,2,0",3,0.007074136955291454,73.10413129598189
"2,NA,NA,0,1,NA,NA,NA,NA",3,0.007074136955291454,73.11120543293718
"1,2,0,0,0,2,2,0,2",3,0.007074136955291454,73.11827956989248
"NA,2,2,2,2,NA,2,2,1",3,0.007074136955291454,73.12535370684776
"NA,NA,2,NA,1,NA,NA,NA,NA",3,0.007074136955291454,73.13242784380306
"0,NA,NA,2,0,2,NA,NA,NA",3,0.007074136955291454,73.13950198075835
"2,2,0,2,2,1,2,2,0",3,0.007074136955291454,73.14657611771364
"2,0,1,2,2,2,2,2,1",3,0.007074136955291454,73.15365025466893
"2,1,NA,0,2,NA,0,0,2",3,0.007074136955291454,73.16072439162423
"2,2,0,2,2,1,2,NA,0",3,0.007074136955291454,73.16779852857951
"2,1,2,0,2,2,2,2,NA",3,0.007074136955291454,73.1748726655348
"2,2,NA,2,1,NA,2,1,1",3,0.007074136955291454,73.18194680249009
"NA,NA,2,1,2,2,NA,NA,NA",3,0.007074136955291454,73.1890209394454
"0,2,NA,2,0,NA,0,NA,NA",3,0.007074136955291454,73.19609507640068
"2,1,0,2,2,2,0,NA,2",3,0.007074136955291454,73.20316921335596
"2,NA,NA,2,2,0,2,NA,0",3,0.007074136955291454,73.21024335031126
"2,1,NA,2,1,NA,2,2,NA",3,0.007074136955291454,73.21731748726656
"2,2,2,2,2,NA,2,0,1",3,0.007074136955291454,73.22439162422184
"2,1,2,2,2,2,0,2,NA",3,0.007074136955291454,73.23146576117713
"NA,0,NA,1,1,NA,NA,NA,NA",3,0.007074136955291454,73.23853989813243
"NA,NA,NA,1,2,1,1,NA,NA",3,0.007074136955291454,73.24561403508771
"2,2,1,NA,1,NA,NA,NA,NA",3,0.007074136955291454,73.25268817204301
"1,2,NA,NA,NA,2,NA,NA,NA",3,0.007074136955291454,73.2597623089983
"0,2,1,2,2,2,2,2,0",3,0.007074136955291454,73.2668364459536
"2,2,NA,2,2,NA,1,2,0",3,0.007074136955291454,73.27391058290888
"2,NA,NA,1,2,0,2,NA,NA",3,0.007074136955291454,73.28098471986418
"2,2,0,2,2,2,0,2,1",3,0.007074136955291454,73.28805885681948
"2,NA,NA,1,2,2,2,NA,1",3,0.007074136955291454,73.29513299377476
"NA,NA,NA,2,2,1,NA,NA,0",3,0.007074136955291454,73.30220713073004
"2,2,1,2,1,2,2,NA,1",3,0.007074136955291454,73.30928126768535
"2,0,2,1,1,2,2,2,2",3,0.007074136955291454,73.31635540464063
"NA,1,2,2,2,2,2,2,NA",3,0.007074136955291454,73.32342954159593
"2,1,NA,0,0,NA,0,0,2",3,0.007074136955291454,73.33050367855122
"2,2,NA,2,1,NA,2,0,2",3,0.007074136955291454,73.3375778155065
"1,0,2,NA,NA,NA,NA,2,NA",3,0.007074136955291454,73.3446519524618
"2,2,1,1,2,2,1,NA,1",3,0.007074136955291454,73.35172608941708
"NA,NA,NA,2,2,1,0,NA,2",3,0.007074136955291454,73.35880022637238
"2,1,NA,2,2,NA,0,NA,NA",3,0.007074136955291454,73.36587436332768
"NA,NA,NA,NA,NA,2,2,0,NA",3,0.007074136955291454,73.37294850028296
"2,2,1,2,2,NA,2,NA,NA",3,0.007074136955291454,73.38002263723826
"2,NA,NA,0,0,2,2,NA,2",3,0.007074136955291454,73.38709677419355
"NA,NA,NA,2,NA,1,NA,NA,2",3,0.007074136955291454,73.39417091114883
"2,NA,NA,0,NA,2,NA,NA,NA",3,0.007074136955291454,73.40124504810413
"2,1,0,2,0,2,2,2,2",3,0.007074136955291454,73.40831918505943
"0,1,NA,2,0,NA,2,NA,NA",3,0.007074136955291454,73.41539332201471
"0,0,NA,2,1,NA,2,NA,2",3,0.007074136955291454,73.42246745897
"0,0,NA,2,2,NA,2,2,NA",3,0.007074136955291454,73.4295415959253
"2,2,1,2,1,1,2,2,1",3,0.007074136955291454,73.43661573288058
"2,0,NA,NA,NA,2,2,NA,NA",3,0.007074136955291454,73.44368986983588
"0,NA,2,1,2,2,2,NA,2",3,0.007074136955291454,73.45076400679118
"2,2,NA,2,2,NA,0,NA,0",3,0.007074136955291454,73.45783814374647
"NA,1,NA,0,2,NA,2,NA,NA",3,0.007074136955291454,73.46491228070175
"2,2,1,NA,NA,NA,2,1,2",3,0.007074136955291454,73.47198641765704
"0,2,2,2,1,2,2,2,NA",3,0.007074136955291454,73.47906055461235
"1,1,2,2,0,2,2,2,NA",3,0.007074136955291454,73.48613469156763
"NA,2,NA,2,2,2,2,0,0",3,0.007074136955291454,73.49320882852291
"2,0,NA,NA,NA,NA,NA,2,0",3,0.007074136955291454,73.50028296547822
"2,NA,NA,1,NA,2,2,NA,NA",3,0.007074136955291454,73.5073571024335
"2,2,NA,0,0,0,2,NA,NA",3,0.007074136955291454,73.5144312393888
"2,NA,2,2,2,0,2,NA,NA",3,0.007074136955291454,73.52150537634408
"2,0,NA,2,2,NA,1,NA,NA",3,0.007074136955291454,73.52857951329938
"2,1,NA,0,0,2,NA,NA,NA",3,0.007074136955291454,73.53565365025467
"2,NA,NA,0,2,0,2,NA,NA",3,0.007074136955291454,73.54272778720996
"0,2,2,2,2,2,2,0,0",3,0.007074136955291454,73.54980192416525
"NA,NA,NA,1,NA,0,2,NA,NA",3,0.007074136955291454,73.55687606112055
"1,2,NA,2,1,2,NA,NA,NA",3,0.007074136955291454,73.56395019807583
"0,2,1,2,2,0,2,2,2",3,0.007074136955291454,73.57102433503113
"NA,0,NA,0,0,2,2,NA,NA",3,0.007074136955291454,73.57809847198642
"2,2,NA,2,1,NA,NA,NA,2",3,0.007074136955291454,73.5851726089417
"2,NA,2,NA,NA,NA,0,2,NA",3,0.007074136955291454,73.592246745897
"2,2,NA,2,2,2,0,2,0",3,0.007074136955291454,73.5993208828523
"2,1,NA,0,0,0,0,NA,NA",3,0.007074136955291454,73.60639501980758
"2,NA,NA,1,2,1,2,NA,NA",3,0.007074136955291454,73.61346915676287
"2,NA,NA,0,NA,NA,2,NA,NA",3,0.007074136955291454,73.62054329371817
"NA,0,NA,1,2,2,NA,NA,NA",3,0.007074136955291454,73.62761743067345
"1,1,NA,NA,NA,NA,1,NA,NA",3,0.007074136955291454,73.63469156762875
"2,2,1,1,1,2,2,NA,2",3,0.007074136955291454,73.64176570458405
"2,NA,NA,NA,0,NA,0,NA,NA",3,0.007074136955291454,73.64883984153934
"2,1,1,2,2,2,2,NA,NA",3,0.007074136955291454,73.65591397849462
"NA,2,0,2,2,2,1,NA,NA",3,0.007074136955291454,73.6629881154499
"2,NA,NA,2,1,0,NA,NA,NA",3,0.007074136955291454,73.67006225240522
"2,NA,1,2,2,2,2,2,2",3,0.007074136955291454,73.6771363893605
"NA,NA,0,NA,NA,NA,NA,NA,2",3,0.007074136955291454,73.68421052631578
"2,1,NA,NA,NA,NA,NA,0,NA",3,0.007074136955291454,73.69128466327109
"0,2,2,NA,NA,2,2,2,2",3,0.007074136955291454,73.69835880022637
"2,2,2,2,1,NA,2,2,0",3,0.007074136955291454,73.70543293718166
"2,2,1,1,1,1,2,2,2",3,0.007074136955291454,73.71250707413695
"0,2,2,2,2,2,1,2,1",3,0.007074136955291454,73.71958121109225
"NA,1,NA,1,1,NA,NA,NA,NA",3,0.007074136955291454,73.72665534804754
"1,2,1,1,2,2,2,2,1",3,0.007074136955291454,73.73372948500283
"NA,0,1,NA,NA,NA,NA,2,NA",3,0.007074136955291454,73.74080362195812
"NA,NA,1,2,1,NA,NA,NA,NA",3,0.007074136955291454,73.74787775891342
"0,2,2,0,2,0,2,2,2",3,0.007074136955291454,73.7549518958687
"2,NA,2,1,2,2,2,2,2",3,0.007074136955291454,73.762026032824
"2,2,NA,2,1,1,NA,NA,NA",3,0.007074136955291454,73.76910016977929
"NA,2,0,NA,2,NA,NA,NA,NA",3,0.007074136955291454,73.77617430673457
"NA,2,2,2,2,NA,0,NA,NA",3,0.007074136955291454,73.78324844368987
"NA,NA,NA,NA,1,2,NA,NA,2",3,0.007074136955291454,73.79032258064517
"2,0,1,2,2,0,2,1,2",3,0.007074136955291454,73.79739671760045
"NA,NA,NA,NA,NA,2,NA,NA,1",3,0.007074136955291454,73.80447085455575
"NA,1,NA,NA,NA,NA,0,NA,NA",3,0.007074136955291454,73.81154499151104
"2,2,NA,2,0,NA,2,NA,NA",3,0.007074136955291454,73.81861912846632
"NA,NA,NA,1,2,NA,0,NA,NA",3,0.007074136955291454,73.82569326542162
"2,NA,NA,0,2,NA,2,NA,NA",3,0.007074136955291454,73.8327674023769
"2,2,NA,NA,1,NA,2,NA,NA",3,0.007074136955291454,73.8398415393322
"2,2,NA,0,2,NA,2,NA,2",3,0.007074136955291454,73.8469156762875
"2,2,2,NA,0,NA,NA,NA,NA",3,0.007074136955291454,73.85398981324278
"2,NA,2,2,2,2,2,NA,0",3,0.007074136955291454,73.86106395019809
"2,0,NA,1,2,NA,2,NA,NA",3,0.007074136955291454,73.86813808715337
"2,2,2,NA,NA,NA,2,2,0",3,0.007074136955291454,73.87521222410865
"2,2,2,0,0,NA,2,2,2",3,0.007074136955291454,73.88228636106395
"NA,2,2,1,2,2,2,2,0",3,0.007074136955291454,73.88936049801924
"2,1,2,2,2,NA,2,2,1",3,0.007074136955291454,73.89643463497453
"2,0,2,2,2,NA,2,NA,2",3,0.007074136955291454,73.90350877192982
"1,2,NA,NA,NA,NA,NA,0,NA",3,0.007074136955291454,73.91058290888512
"1,2,1,2,2,1,2,2,2",3,0.007074136955291454,73.91765704584041
"NA,2,NA,1,1,2,2,NA,NA",3,0.007074136955291454,73.9247311827957
"0,2,2,2,2,NA,2,2,1",3,0.007074136955291454,73.93180531975099
"NA,NA,NA,1,1,1,NA,NA,NA",3,0.007074136955291454,73.93887945670629
"1,2,0,2,0,2,0,NA,2",3,0.007074136955291454,73.94595359366157
"2,1,NA,0,NA,NA,NA,NA,NA",3,0.007074136955291454,73.95302773061687
"NA,1,2,NA,NA,NA,2,2,NA",3,0.007074136955291454,73.96010186757216
"0,1,NA,2,0,2,2,NA,NA",3,0.007074136955291454,73.96717600452745
"0,1,2,2,2,0,NA,NA,NA",3,0.007074136955291454,73.97425014148273
"2,2,NA,2,2,2,1,2,NA",3,0.007074136955291454,73.98132427843804
"0,NA,NA,0,2,2,2,NA,2",3,0.007074136955291454,73.98839841539332
"NA,2,2,1,1,2,1,2,1",3,0.007074136955291454,73.99547255234862
"0,2,0,2,2,0,2,2,2",3,0.007074136955291454,74.0025466893039
"2,1,NA,0,0,2,0,NA,0",3,0.007074136955291454,74.0096208262592
"0,NA,NA,2,0,NA,2,NA,NA",3,0.007074136955291454,74.01669496321449
"0,NA,NA,0,0,2,NA,NA,NA",3,0.007074136955291454,74.02376910016977
"NA,NA,NA,NA,1,1,2,NA,NA",3,0.007074136955291454,74.03084323712507
"0,2,NA,2,2,2,2,2,0",3,0.007074136955291454,74.03791737408037
"2,2,0,2,0,2,0,2,NA",3,0.007074136955291454,74.04499151103565
"2,2,1,2,1,2,2,2,NA",3,0.007074136955291454,74.05206564799094
"NA,0,NA,NA,NA,2,0,NA,NA",3,0.007074136955291454,74.05913978494624
"2,2,2,2,2,0,NA,2,2",3,0.007074136955291454,74.06621392190152
"2,1,1,NA,NA,NA,NA,2,NA",3,0.007074136955291454,74.07328805885682
"2,1,NA,2,2,NA,1,2,2",3,0.007074136955291454,74.08036219581211
"0,0,0,2,2,NA,2,2,2",3,0.007074136955291454,74.0874363327674
"NA,1,2,2,2,0,NA,NA,NA",3,0.007074136955291454,74.09451046972269
"NA,1,NA,NA,1,NA,NA,NA,NA",3,0.007074136955291454,74.10158460667799
"NA,NA,NA,1,2,2,2,NA,1",3,0.007074136955291454,74.10865874363328
"NA,2,NA,2,2,NA,NA,NA,0",3,0.007074136955291454,74.11573288058857
"1,1,NA,2,0,NA,2,NA,2",3,0.007074136955291454,74.12280701754386
"1,1,2,0,2,2,2,2,2",3,0.007074136955291454,74.12988115449916
"2,2,2,1,2,2,2,0,1",3,0.007074136955291454,74.13695529145444
"1,2,2,NA,NA,NA,NA,2,NA",3,0.007074136955291454,74.14402942840972
"2,1,NA,2,2,2,2,NA,0",3,0.007074136955291454,74.15110356536503
"2,1,NA,2,0,NA,0,NA,NA",3,0.007074136955291454,74.15817770232032
"0,2,2,1,2,1,2,2,2",3,0.007074136955291454,74.1652518392756
"NA,2,2,2,0,2,2,2,0",3,0.007074136955291454,74.17232597623091
"2,NA,NA,NA,NA,1,NA,NA,2",3,0.007074136955291454,74.17940011318619
"1,NA,NA,2,0,NA,0,NA,NA",3,0.007074136955291454,74.18647425014149
"2,NA,2,2,2,2,2,2,0",3,0.007074136955291454,74.19354838709677
"1,2,0,2,2,2,2,2,1",3,0.007074136955291454,74.20062252405206
"1,NA,NA,0,2,NA,2,0,NA",3,0.007074136955291454,74.20769666100736
"NA,2,NA,0,NA,2,NA,NA,NA",3,0.007074136955291454,74.21477079796264
"NA,NA,NA,NA,1,0,1,NA,NA",3,0.007074136955291454,74.22184493491794
"NA,1,NA,2,2,2,2,NA,2",3,0.007074136955291454,74.22891907187324
"1,1,NA,0,0,NA,0,0,2",3,0.007074136955291454,74.23599320882852
"2,0,2,2,1,2,2,NA,NA",3,0.007074136955291454,74.24306734578381
"NA,2,2,2,2,0,NA,NA,NA",3,0.007074136955291454,74.25014148273911
"NA,0,NA,0,2,2,0,NA,NA",3,0.007074136955291454,74.25721561969439
"2,2,1,NA,NA,2,1,2,2",2,0.004716091303527636,74.26193171099793
"2,2,2,1,2,2,1,2,NA",2,0.004716091303527636,74.26664780230145
"2,1,2,0,0,2,2,0,NA",2,0.004716091303527636,74.27136389360498
"2,2,2,2,NA,2,2,NA,1",2,0.004716091303527636,74.2760799849085
"0,2,NA,0,0,2,2,NA,0",2,0.004716091303527636,74.28079607621203
"0,2,0,1,2,1,2,NA,NA",2,0.004716091303527636,74.28551216751556
"2,2,1,2,2,1,2,0,2",2,0.004716091303527636,74.29022825881908
"2,NA,1,NA,NA,NA,NA,0,NA",2,0.004716091303527636,74.29494435012262
"2,2,2,2,2,0,2,NA,1",2,0.004716091303527636,74.29966044142614
"0,NA,NA,NA,2,NA,NA,2,NA",2,0.004716091303527636,74.30437653272968
"1,1,2,0,0,2,2,NA,0",2,0.004716091303527636,74.3090926240332
"2,0,NA,2,1,NA,2,2,2",2,0.004716091303527636,74.31380871533673
"1,2,2,0,2,NA,0,NA,NA",2,0.004716091303527636,74.31852480664026
"2,2,1,2,2,NA,NA,2,NA",2,0.004716091303527636,74.32324089794379
"NA,NA,1,NA,NA,0,NA,NA,NA",2,0.004716091303527636,74.32795698924731
"2,2,2,2,1,1,2,1,2",2,0.004716091303527636,74.33267308055083
"NA,0,NA,0,1,2,NA,NA,NA",2,0.004716091303527636,74.33738917185437
"NA,NA,NA,NA,NA,2,0,0,2",2,0.004716091303527636,74.3421052631579
"NA,NA,NA,0,2,0,0,NA,NA",2,0.004716091303527636,74.34682135446143
"2,2,2,NA,2,1,NA,2,2",2,0.004716091303527636,74.35153744576495
"NA,NA,NA,0,0,0,2,2,NA",2,0.004716091303527636,74.35625353706847
"2,2,1,1,2,NA,1,2,1",2,0.004716091303527636,74.360969628372
"NA,NA,NA,0,2,NA,2,NA,2",2,0.004716091303527636,74.36568571967554
"0,2,2,2,2,NA,2,2,0",2,0.004716091303527636,74.37040181097906
"0,2,NA,1,2,NA,NA,NA,1",2,0.004716091303527636,74.37511790228258
"2,2,0,NA,NA,NA,2,2,2",2,0.004716091303527636,74.37983399358612
"2,2,1,1,2,2,2,NA,0",2,0.004716091303527636,74.38455008488964
"2,2,0,0,2,2,0,2,NA",2,0.004716091303527636,74.38926617619317
"2,NA,NA,0,NA,0,NA,NA,NA",2,0.004716091303527636,74.3939822674967
"1,1,1,2,2,2,2,2,2",2,0.004716091303527636,74.39869835880023
"1,1,2,1,2,2,1,2,1",2,0.004716091303527636,74.40341445010375
"NA,2,2,2,1,0,2,2,NA",2,0.004716091303527636,74.40813054140727
"NA,0,NA,1,1,1,NA,NA,NA",2,0.004716091303527636,74.41284663271081
"NA,NA,NA,1,1,NA,1,NA,NA",2,0.004716091303527636,74.41756272401435
"1,2,0,0,2,2,2,2,2",2,0.004716091303527636,74.42227881531787
"NA,NA,NA,2,2,2,0,0,NA",2,0.004716091303527636,74.42699490662139
"2,2,1,1,2,0,2,2,2",2,0.004716091303527636,74.43171099792491
"NA,NA,NA,2,1,2,NA,NA,0",2,0.004716091303527636,74.43642708922845
"1,2,2,2,1,2,NA,2,NA",2,0.004716091303527636,74.44114318053198
"0,NA,0,0,NA,NA,NA,2,NA",2,0.004716091303527636,74.4458592718355
"0,NA,1,2,2,2,1,NA,NA",2,0.004716091303527636,74.45057536313902
"0,2,0,0,2,2,2,2,0",2,0.004716091303527636,74.45529145444256
"2,NA,NA,NA,0,NA,NA,2,NA",2,0.004716091303527636,74.4600075457461
"NA,0,NA,2,0,1,0,NA,2",2,0.004716091303527636,74.46472363704962
"2,2,1,NA,0,NA,NA,0,NA",2,0.004716091303527636,74.46943972835314
"2,1,NA,1,2,2,NA,NA,NA",2,0.004716091303527636,74.47415581965667
"NA,0,0,2,2,2,0,NA,NA",2,0.004716091303527636,74.4788719109602
"2,2,1,1,1,2,2,2,NA",2,0.004716091303527636,74.48358800226373
"NA,2,NA,2,0,NA,1,NA,NA",2,0.004716091303527636,74.48830409356725
"2,2,0,1,2,2,2,2,1",2,0.004716091303527636,74.49302018487079
"2,0,1,2,2,2,2,0,2",2,0.004716091303527636,74.49773627617431
"NA,2,1,2,2,NA,2,NA,NA",2,0.004716091303527636,74.50245236747783
"0,2,2,2,2,0,0,NA,2",2,0.004716091303527636,74.50716845878136
"NA,NA,NA,1,1,NA,NA,2,NA",2,0.004716091303527636,74.5118845500849
"1,0,NA,2,2,NA,0,NA,NA",2,0.004716091303527636,74.51660064138842
"2,NA,NA,2,0,2,0,NA,2",2,0.004716091303527636,74.52131673269194
"2,1,2,2,2,2,1,0,0",2,0.004716091303527636,74.52603282399546
"2,1,2,NA,NA,NA,1,NA,NA",2,0.004716091303527636,74.530748915299
"2,2,2,2,0,2,NA,NA,NA",2,0.004716091303527636,74.53546500660254
"1,NA,NA,1,2,2,NA,NA,2",2,0.004716091303527636,74.54018109790606
"2,2,NA,2,2,2,2,1,0",2,0.004716091303527636,74.54489718920958
"2,2,NA,0,0,NA,2,0,2",2,0.004716091303527636,74.54961328051311
"NA,2,NA,0,2,2,1,NA,NA",2,0.004716091303527636,74.55432937181664
"2,2,NA,2,1,NA,1,2,2",2,0.004716091303527636,74.55904546312017
"0,NA,2,2,2,0,2,2,2",2,0.004716091303527636,74.56376155442369
"2,NA,NA,2,0,NA,2,NA,NA",2,0.004716091303527636,74.56847764572721
"0,2,0,2,2,0,2,NA,NA",2,0.004716091303527636,74.57319373703075
"NA,2,1,2,1,NA,0,2,NA",2,0.004716091303527636,74.57790982833427
"2,2,2,0,2,NA,2,0,1",2,0.004716091303527636,74.5826259196378
"2,NA,1,2,2,NA,2,2,1",2,0.004716091303527636,74.58734201094133
"NA,0,NA,0,NA,NA,2,NA,2",2,0.004716091303527636,74.59205810224486
"1,1,2,NA,NA,NA,NA,NA,NA",2,0.004716091303527636,74.59677419354838
"0,2,0,2,2,2,1,NA,2",2,0.004716091303527636,74.6014902848519
"2,0,0,2,2,2,2,NA,1",2,0.004716091303527636,74.60620637615544
"1,2,2,1,2,2,2,1,1",2,0.004716091303527636,74.61092246745898
"NA,2,NA,0,NA,NA,2,NA,NA",2,0.004716091303527636,74.6156385587625
"2,NA,NA,2,0,2,2,NA,2",2,0.004716091303527636,74.62035465006602
"1,2,NA,0,2,NA,0,NA,2",2,0.004716091303527636,74.62507074136954
"2,2,NA,2,2,0,1,NA,0",2,0.004716091303527636,74.62978683267309
"NA,NA,NA,2,1,2,0,NA,2",2,0.004716091303527636,74.63450292397661
"1,2,0,2,0,1,2,NA,NA",2,0.004716091303527636,74.63921901528013
"1,1,1,2,2,2,2,NA,2",2,0.004716091303527636,74.64393510658365
"1,2,NA,NA,NA,2,2,NA,2",2,0.004716091303527636,74.64865119788719
"2,0,NA,NA,NA,NA,2,2,NA",2,0.004716091303527636,74.65336728919073
"2,1,1,2,2,1,2,NA,2",2,0.004716091303527636,74.65808338049425
"2,NA,NA,1,2,NA,2,2,NA",2,0.004716091303527636,74.66279947179777
"0,2,2,2,1,NA,2,2,NA",2,0.004716091303527636,74.6675155631013
"NA,0,NA,2,0,1,2,NA,NA",2,0.004716091303527636,74.67223165440483
"2,2,1,1,1,NA,2,NA,2",2,0.004716091303527636,74.67694774570836
"2,0,NA,2,2,0,2,2,2",2,0.004716091303527636,74.68166383701188
"2,2,2,NA,1,NA,2,NA,2",2,0.004716091303527636,74.68637992831542
"2,2,NA,0,0,2,2,2,0",2,0.004716091303527636,74.69109601961894
"0,2,0,2,2,2,NA,2,NA",2,0.004716091303527636,74.69581211092246
"2,2,1,NA,2,0,2,NA,NA",2,0.004716091303527636,74.700528202226
"NA,1,NA,2,0,NA,0,NA,NA",2,0.004716091303527636,74.70524429352953
"1,1,2,2,0,2,0,2,0",2,0.004716091303527636,74.70996038483305
"0,NA,NA,NA,NA,NA,2,NA,0",2,0.004716091303527636,74.71467647613657
"2,NA,NA,0,1,NA,2,NA,NA",2,0.004716091303527636,74.7193925674401
"1,2,1,1,1,2,2,2,1",2,0.004716091303527636,74.72410865874363
"NA,0,2,2,2,NA,2,NA,NA",2,0.004716091303527636,74.72882475004717
"NA,2,0,2,2,2,0,NA,2",2,0.004716091303527636,74.73354084135069
"NA,2,2,2,2,0,2,0,NA",2,0.004716091303527636,74.73825693265421
"2,0,2,2,2,NA,0,2,2",2,0.004716091303527636,74.74297302395775
"2,2,NA,1,1,1,1,NA,2",2,0.004716091303527636,74.74768911526127
"2,2,1,0,2,2,2,2,2",2,0.004716091303527636,74.7524052065648
"1,2,2,0,2,2,0,2,2",2,0.004716091303527636,74.75712129786832
"2,1,1,1,2,2,2,NA,2",2,0.004716091303527636,74.76183738917186
"2,2,2,2,2,1,NA,2,2",2,0.004716091303527636,74.76655348047538
"NA,NA,1,NA,NA,2,NA,1,NA",2,0.004716091303527636,74.7712695717789
"NA,2,2,0,0,2,2,2,2",2,0.004716091303527636,74.77598566308244
"NA,0,NA,1,1,NA,2,NA,NA",2,0.004716091303527636,74.78070175438597
"1,1,2,2,2,NA,2,2,2",2,0.004716091303527636,74.7854178456895
"NA,0,NA,NA,NA,NA,1,2,NA",2,0.004716091303527636,74.79013393699302
"2,2,NA,1,2,2,1,NA,NA",2,0.004716091303527636,74.79485002829655
"2,1,2,2,0,2,NA,2,NA",2,0.004716091303527636,74.79956611960009
"NA,NA,NA,2,2,2,1,2,2",2,0.004716091303527636,74.80428221090361
"NA,NA,NA,0,0,2,NA,2,NA",2,0.004716091303527636,74.80899830220713
"2,2,2,0,2,NA,0,2,2",2,0.004716091303527636,74.81371439351065
"NA,2,1,2,1,0,NA,2,NA",2,0.004716091303527636,74.81843048481419
"2,2,NA,NA,1,2,2,2,2",2,0.004716091303527636,74.82314657611772
"1,2,NA,2,0,2,2,0,NA",2,0.004716091303527636,74.82786266742124
"0,NA,NA,NA,1,NA,NA,2,NA",2,0.004716091303527636,74.83257875872476
"NA,1,1,NA,NA,1,NA,2,NA",2,0.004716091303527636,74.8372948500283
"NA,2,2,0,0,2,0,2,NA",2,0.004716091303527636,74.84201094133182
"1,2,0,2,2,2,2,1,NA",2,0.004716091303527636,74.84672703263536
"NA,2,1,NA,NA,NA,2,1,NA",2,0.004716091303527636,74.85144312393888
"NA,NA,NA,2,2,2,2,0,2",2,0.004716091303527636,74.8561592152424
"NA,NA,NA,NA,2,2,2,NA,1",2,0.004716091303527636,74.86087530654594
"2,1,2,2,0,NA,2,2,2",2,0.004716091303527636,74.86559139784946
"0,NA,NA,0,2,NA,0,NA,2",2,0.004716091303527636,74.87030748915299
"1,NA,2,2,2,NA,1,NA,0",2,0.004716091303527636,74.87502358045651
"2,1,1,2,2,2,1,2,1",2,0.004716091303527636,74.87973967176005
"NA,2,NA,NA,NA,NA,1,1,NA",2,0.004716091303527636,74.88445576306357
"NA,2,NA,2,1,NA,2,NA,1",2,0.004716091303527636,74.88917185436709
"0,NA,NA,2,2,NA,2,2,1",2,0.004716091303527636,74.89388794567063
"1,2,2,2,2,2,1,NA,NA",2,0.004716091303527636,74.89860403697416
"NA,2,2,2,2,0,2,2,1",2,0.004716091303527636,74.90332012827768
"NA,2,0,2,2,0,NA,NA,2",2,0.004716091303527636,74.9080362195812
"2,0,2,2,1,1,2,NA,2",2,0.004716091303527636,74.91275231088473
"2,2,NA,0,0,NA,0,2,NA",2,0.004716091303527636,74.91746840218826
"2,NA,NA,1,2,NA,2,NA,NA",2,0.004716091303527636,74.9221844934918
"NA,NA,NA,1,2,2,NA,NA,2",2,0.004716091303527636,74.92690058479532
"0,2,NA,2,1,2,2,NA,2",2,0.004716091303527636,74.93161667609884
"0,1,2,2,2,NA,2,2,2",2,0.004716091303527636,74.93633276740238
"0,1,NA,0,2,2,0,NA,2",2,0.004716091303527636,74.94104885870591
"0,2,0,2,2,1,0,NA,2",2,0.004716091303527636,74.94576495000943
"0,2,NA,NA,NA,1,NA,NA,NA",2,0.004716091303527636,74.95048104131295
"2,0,NA,2,1,2,2,NA,1",2,0.004716091303527636,74.95519713261649
"2,2,1,2,1,1,2,2,2",2,0.004716091303527636,74.95991322392001
"2,0,2,NA,2,2,2,2,1",2,0.004716091303527636,74.96462931522355
"0,0,2,2,2,2,2,2,NA",2,0.004716091303527636,74.96934540652707
"NA,NA,0,2,0,2,NA,NA,NA",2,0.004716091303527636,74.9740614978306
"1,2,0,2,0,2,0,0,2",2,0.004716091303527636,74.97877758913413
"0,NA,1,2,2,2,2,2,2",2,0.004716091303527636,74.98349368043765
"2,2,0,NA,NA,0,2,2,NA",2,0.004716091303527636,74.98820977174118
"2,1,2,2,2,1,2,2,0",2,0.004716091303527636,74.99292586304472
"1,1,0,2,2,2,NA,NA,NA",2,0.004716091303527636,74.99764195434824
"2,1,0,2,0,2,0,0,0",2,0.004716091303527636,75.00235804565176
"0,NA,NA,2,2,2,NA,0,NA",2,0.004716091303527636,75.00707413695528
"1,0,NA,1,2,1,2,NA,2",2,0.004716091303527636,75.01179022825882
"NA,2,2,NA,2,NA,NA,1,NA",2,0.004716091303527636,75.01650631956235
"2,2,2,NA,1,0,1,2,2",2,0.004716091303527636,75.02122241086587
"2,2,2,1,2,NA,2,1,2",2,0.004716091303527636,75.0259385021694
"NA,1,NA,0,0,NA,NA,NA,0",2,0.004716091303527636,75.03065459347293
"1,2,0,2,2,NA,2,NA,NA",2,0.004716091303527636,75.03537068477645
"NA,2,NA,0,0,NA,2,NA,NA",2,0.004716091303527636,75.04008677607999
"0,2,1,2,2,2,2,NA,1",2,0.004716091303527636,75.04480286738351
"2,1,NA,2,0,NA,0,0,NA",2,0.004716091303527636,75.04951895868705
"0,NA,0,2,2,NA,0,0,NA",2,0.004716091303527636,75.05423504999057
"1,2,2,2,2,0,2,2,0",2,0.004716091303527636,75.05895114129409
"NA,NA,1,NA,2,1,NA,NA,NA",2,0.004716091303527636,75.06366723259762
"2,2,2,2,2,NA,0,NA,2",2,0.004716091303527636,75.06838332390116
"2,2,0,NA,NA,NA,2,2,NA",2,0.004716091303527636,75.07309941520468
"NA,NA,2,2,2,2,1,NA,2",2,0.004716091303527636,75.0778155065082
"NA,2,2,NA,NA,NA,1,2,2",2,0.004716091303527636,75.08253159781174
"0,2,NA,0,2,NA,0,0,2",2,0.004716091303527636,75.08724768911527
"NA,0,NA,NA,NA,1,2,NA,2",2,0.004716091303527636,75.0919637804188
"1,1,NA,0,0,NA,2,NA,2",2,0.004716091303527636,75.09667987172232
"2,NA,0,2,2,2,2,NA,2",2,0.004716091303527636,75.10139596302584
"0,NA,0,0,2,NA,2,NA,NA",2,0.004716091303527636,75.10611205432937
"2,0,2,NA,NA,NA,NA,2,2",2,0.004716091303527636,75.11082814563291
"2,1,2,1,1,1,2,2,1",2,0.004716091303527636,75.11554423693643
"2,2,NA,1,2,0,1,NA,NA",2,0.004716091303527636,75.12026032823995
"2,0,2,0,0,2,2,NA,2",2,0.004716091303527636,75.12497641954349
"NA,2,NA,1,2,2,2,NA,1",2,0.004716091303527636,75.12969251084701
"2,2,1,NA,NA,1,2,2,2",2,0.004716091303527636,75.13440860215054
"0,1,NA,2,2,NA,NA,0,NA",2,0.004716091303527636,75.13912469345406
"1,1,2,2,2,0,0,0,2",2,0.004716091303527636,75.1438407847576
"NA,2,NA,0,NA,NA,0,NA,NA",2,0.004716091303527636,75.14855687606112
"1,NA,NA,2,NA,1,0,NA,NA",2,0.004716091303527636,75.15327296736464
"1,1,NA,2,0,NA,0,NA,NA",2,0.004716091303527636,75.15798905866818
"2,2,1,NA,2,0,2,1,1",2,0.004716091303527636,75.1627051499717
"0,2,2,0,2,2,2,2,1",2,0.004716091303527636,75.16742124127524
"NA,NA,NA,NA,NA,0,NA,NA,1",2,0.004716091303527636,75.17213733257876
"1,2,2,0,2,2,2,NA,0",2,0.004716091303527636,75.17685342388228
"2,NA,NA,0,0,2,0,0,NA",2,0.004716091303527636,75.18156951518581
"2,2,2,0,2,0,2,2,1",2,0.004716091303527636,75.18628560648935
"0,2,2,2,1,NA,NA,2,NA",2,0.004716091303527636,75.19100169779287
"1,1,2,0,0,1,2,2,NA",2,0.004716091303527636,75.19571778909639
"1,2,2,2,1,1,2,0,2",2,0.004716091303527636,75.20043388039991
"2,2,NA,2,2,NA,1,0,2",2,0.004716091303527636,75.20514997170345
"1,1,0,0,0,2,2,0,NA",2,0.004716091303527636,75.20986606300698
"NA,2,NA,2,1,1,2,NA,NA",2,0.004716091303527636,75.2145821543105
"0,0,NA,1,1,NA,NA,2,NA",2,0.004716091303527636,75.21929824561403
"NA,2,2,2,0,1,0,2,NA",2,0.004716091303527636,75.22401433691756
"1,1,2,0,2,2,2,NA,NA",2,0.004716091303527636,75.2287304282211
"1,NA,0,2,2,0,2,NA,1",2,0.004716091303527636,75.23344651952462
"2,2,0,0,2,0,2,NA,NA",2,0.004716091303527636,75.23816261082814
"NA,2,NA,NA,2,NA,1,NA,1",2,0.004716091303527636,75.24287870213168
"2,2,1,NA,2,NA,2,2,2",2,0.004716091303527636,75.2475947934352
"0,2,NA,2,1,1,NA,NA,NA",2,0.004716091303527636,75.25231088473873
"2,NA,2,NA,1,NA,NA,NA,NA",2,0.004716091303527636,75.25702697604225
"2,2,1,2,1,NA,2,NA,2",2,0.004716091303527636,75.26174306734579
"2,2,2,2,0,0,0,NA,2",2,0.004716091303527636,75.26645915864931
"NA,1,NA,1,2,NA,NA,NA,NA",2,0.004716091303527636,75.27117524995283
"2,2,2,2,0,1,0,2,2",2,0.004716091303527636,75.27589134125637
"NA,1,NA,0,0,0,0,NA,NA",2,0.004716091303527636,75.2806074325599
"NA,0,0,2,2,NA,NA,NA,2",2,0.004716091303527636,75.28532352386343
"1,2,2,1,0,2,2,2,0",2,0.004716091303527636,75.29003961516695
"2,2,NA,2,0,0,2,NA,NA",2,0.004716091303527636,75.29475570647047
"1,1,2,0,0,2,2,1,2",2,0.004716091303527636,75.299471797774
"NA,NA,2,2,NA,NA,1,NA,NA",2,0.004716091303527636,75.30418788907754
"2,2,2,2,2,2,0,0,1",2,0.004716091303527636,75.30890398038106
"1,NA,NA,NA,NA,NA,2,2,NA",2,0.004716091303527636,75.31362007168458
"2,NA,NA,0,2,NA,NA,NA,1",2,0.004716091303527636,75.31833616298812
"1,1,NA,2,2,2,NA,NA,NA",2,0.004716091303527636,75.32305225429164
"2,2,1,NA,NA,NA,NA,2,1",2,0.004716091303527636,75.32776834559517
"NA,NA,NA,0,2,NA,2,NA,0",2,0.004716091303527636,75.3324844368987
"NA,1,NA,NA,NA,NA,2,2,NA",2,0.004716091303527636,75.33720052820223
"0,NA,2,NA,NA,NA,0,2,NA",2,0.004716091303527636,75.34191661950575
"0,2,2,0,2,2,0,2,NA",2,0.004716091303527636,75.34663271080927
"0,2,1,2,1,2,2,NA,1",2,0.004716091303527636,75.35134880211281
"NA,NA,NA,1,NA,2,1,NA,2",2,0.004716091303527636,75.35606489341635
"2,2,0,2,2,NA,2,2,1",2,0.004716091303527636,75.36078098471987
"NA,1,2,2,0,2,0,0,NA",2,0.004716091303527636,75.36549707602339
"2,0,0,1,2,2,2,2,2",2,0.004716091303527636,75.37021316732691
"2,0,2,2,2,NA,2,2,0",2,0.004716091303527636,75.37492925863046
"2,NA,NA,1,1,2,2,NA,1",2,0.004716091303527636,75.37964534993398
"1,2,NA,2,2,0,2,NA,2",2,0.004716091303527636,75.3843614412375
"2,2,2,2,0,0,2,0,2",2,0.004716091303527636,75.38907753254102
"1,1,2,2,0,2,2,1,2",2,0.004716091303527636,75.39379362384456
"2,2,2,2,2,0,2,0,0",2,0.004716091303527636,75.3985097151481
"2,2,2,0,0,NA,2,0,NA",2,0.004716091303527636,75.40322580645162
"2,2,2,NA,NA,NA,NA,2,0",2,0.004716091303527636,75.40794189775514
"2,1,NA,NA,2,NA,2,NA,NA",2,0.004716091303527636,75.41265798905867
"NA,2,1,2,2,NA,NA,NA,NA",2,0.004716091303527636,75.4173740803622
"1,2,NA,2,1,2,2,NA,2",2,0.004716091303527636,75.42209017166573
"0,2,2,2,2,2,1,NA,0",2,0.004716091303527636,75.42680626296925
"0,2,2,2,2,NA,NA,NA,NA",2,0.004716091303527636,75.43152235427279
"0,1,NA,2,2,NA,2,0,0",2,0.004716091303527636,75.43623844557631
"NA,NA,0,NA,NA,NA,1,NA,NA",2,0.004716091303527636,75.44095453687983
"2,2,2,2,0,2,2,2,1",2,0.004716091303527636,75.44567062818336
"2,2,NA,2,2,2,0,1,0",2,0.004716091303527636,75.45038671948689
"NA,0,NA,0,0,NA,NA,0,2",2,0.004716091303527636,75.45510281079042
"NA,NA,NA,1,1,1,1,NA,NA",2,0.004716091303527636,75.45981890209394
"0,2,NA,NA,NA,2,2,NA,2",2,0.004716091303527636,75.46453499339746
"0,2,0,0,0,2,2,NA,NA",2,0.004716091303527636,75.469251084701
"0,0,NA,2,2,2,2,2,NA",2,0.004716091303527636,75.47396717600454
"2,2,2,1,1,2,2,2,0",2,0.004716091303527636,75.47868326730806
"0,0,2,2,2,2,1,NA,NA",2,0.004716091303527636,75.48339935861158
"0,2,2,2,2,2,NA,2,2",2,0.004716091303527636,75.4881154499151
"0,NA,NA,2,2,1,NA,2,NA",2,0.004716091303527636,75.49283154121864
"2,2,0,NA,NA,NA,2,1,NA",2,0.004716091303527636,75.49754763252217
"0,NA,NA,NA,1,1,2,NA,NA",2,0.004716091303527636,75.50226372382569
"1,2,NA,2,2,2,2,2,NA",2,0.004716091303527636,75.50697981512921
"NA,2,0,2,1,NA,NA,2,NA",2,0.004716091303527636,75.51169590643275
"2,NA,2,2,2,2,0,2,2",2,0.004716091303527636,75.51641199773627
"1,1,NA,1,0,NA,NA,NA,NA",2,0.004716091303527636,75.5211280890398
"NA,NA,NA,0,0,NA,1,NA,NA",2,0.004716091303527636,75.52584418034333
"2,0,2,NA,2,0,2,2,2",2,0.004716091303527636,75.53056027164686
"2,2,NA,NA,NA,1,NA,NA,2",2,0.004716091303527636,75.53527636295038
"2,1,NA,2,2,2,2,0,2",2,0.004716091303527636,75.5399924542539
"2,2,2,NA,2,NA,0,2,2",2,0.004716091303527636,75.54470854555744
"NA,2,1,2,2,2,2,1,2",2,0.004716091303527636,75.54942463686098
"0,NA,NA,0,NA,NA,0,NA,NA",2,0.004716091303527636,75.5541407281645
"NA,NA,NA,2,NA,NA,NA,NA,1",2,0.004716091303527636,75.55885681946802
"0,2,NA,2,0,0,0,NA,NA",2,0.004716091303527636,75.56357291077155
"NA,2,NA,2,2,1,2,NA,NA",2,0.004716091303527636,75.56828900207509
"NA,2,2,2,0,NA,2,2,NA",2,0.004716091303527636,75.57300509337861
"1,2,NA,NA,NA,NA,1,NA,2",2,0.004716091303527636,75.57772118468213
"NA,2,0,NA,NA,0,NA,2,NA",2,0.004716091303527636,75.58243727598565
"NA,2,NA,1,1,2,2,2,1",2,0.004716091303527636,75.58715336728919
"2,1,NA,2,0,2,2,2,NA",2,0.004716091303527636,75.59186945859273
"0,0,NA,1,1,NA,NA,NA,NA",2,0.004716091303527636,75.59658554989625
"0,2,1,2,1,2,2,2,NA",2,0.004716091303527636,75.60130164119977
"2,2,NA,0,2,NA,2,2,1",2,0.004716091303527636,75.6060177325033
"2,2,0,NA,0,NA,2,2,NA",2,0.004716091303527636,75.61073382380683
"2,0,1,2,2,NA,0,NA,NA",2,0.004716091303527636,75.61544991511036
"2,1,2,2,2,2,NA,NA,NA",2,0.004716091303527636,75.62016600641388
"2,2,NA,2,2,NA,0,2,1",2,0.004716091303527636,75.62488209771742
"NA,NA,0,1,2,NA,NA,NA,NA",2,0.004716091303527636,75.62959818902094
"NA,0,NA,2,NA,1,0,NA,NA",2,0.004716091303527636,75.63431428032446
"2,2,NA,1,NA,1,NA,NA,NA",2,0.004716091303527636,75.639030371628
"1,1,0,0,0,2,2,NA,0",2,0.004716091303527636,75.64374646293153
"2,2,NA,2,1,1,2,NA,2",2,0.004716091303527636,75.64846255423505
"NA,NA,2,0,1,2,1,NA,NA",2,0.004716091303527636,75.65317864553857
"1,NA,NA,NA,NA,1,2,NA,NA",2,0.004716091303527636,75.6578947368421
"2,2,0,2,0,2,0,1,0",2,0.004716091303527636,75.66261082814563
"2,NA,NA,1,2,2,2,2,NA",2,0.004716091303527636,75.66732691944917
"2,0,1,2,2,0,2,2,2",2,0.004716091303527636,75.67204301075269
"2,NA,2,NA,NA,NA,0,2,2",2,0.004716091303527636,75.67675910205621
"1,2,2,2,2,2,1,2,1",2,0.004716091303527636,75.68147519335974
"2,NA,NA,2,0,0,2,NA,NA",2,0.004716091303527636,75.68619128466327
"NA,NA,NA,1,2,1,0,NA,NA",2,0.004716091303527636,75.6909073759668
"2,1,NA,2,2,2,2,1,2",2,0.004716091303527636,75.69562346727032
"1,NA,NA,1,2,0,NA,NA,NA",2,0.004716091303527636,75.70033955857386
"2,2,2,0,2,2,0,2,NA",2,0.004716091303527636,75.70505564987738
"0,0,2,2,2,NA,0,2,1",2,0.004716091303527636,75.70977174118092
"NA,2,2,0,NA,NA,NA,NA,NA",2,0.004716091303527636,75.71448783248444
"NA,0,0,1,2,2,2,NA,2",2,0.004716091303527636,75.71920392378797
"2,2,0,0,2,2,2,0,0",2,0.004716091303527636,75.7239200150915
"2,1,2,NA,NA,NA,2,2,0",2,0.004716091303527636,75.72863610639502
"2,2,2,1,NA,NA,NA,2,NA",2,0.004716091303527636,75.73335219769855
"2,NA,1,NA,NA,2,NA,2,NA",2,0.004716091303527636,75.73806828900207
"NA,NA,NA,NA,NA,NA,2,2,0",2,0.004716091303527636,75.74278438030561
"2,NA,NA,NA,NA,NA,NA,1,2",2,0.004716091303527636,75.74750047160913
"2,1,0,2,2,NA,2,1,2",2,0.004716091303527636,75.75221656291265
"NA,NA,1,NA,NA,1,NA,NA,NA",2,0.004716091303527636,75.75693265421619
"NA,2,2,NA,NA,NA,NA,NA,1",2,0.004716091303527636,75.76164874551972
"NA,NA,2,NA,0,NA,2,NA,NA",2,0.004716091303527636,75.76636483682324
"NA,2,NA,2,0,0,0,NA,NA",2,0.004716091303527636,75.77108092812676
"2,0,2,1,2,2,2,1,1",2,0.004716091303527636,75.77579701943029
"NA,1,NA,0,2,2,2,NA,NA",2,0.004716091303527636,75.78051311073382
"NA,2,2,2,1,2,2,NA,1",2,0.004716091303527636,75.78522920203736
"NA,NA,NA,NA,1,NA,NA,NA,0",2,0.004716091303527636,75.78994529334088
"2,NA,2,2,2,2,2,1,NA",2,0.004716091303527636,75.7946613846444
"0,0,NA,2,2,NA,2,1,0",2,0.004716091303527636,75.79937747594794
"1,2,0,2,2,1,2,NA,2",2,0.004716091303527636,75.80409356725146
"2,2,1,NA,NA,2,2,1,2",2,0.004716091303527636,75.80880965855499
"NA,NA,NA,0,0,0,2,NA,NA",2,0.004716091303527636,75.81352574985851
"NA,2,0,2,0,NA,2,NA,NA",2,0.004716091303527636,75.81824184116205
"2,0,NA,1,1,2,1,NA,1",2,0.004716091303527636,75.82295793246557
"0,2,2,2,1,0,2,NA,1",2,0.004716091303527636,75.82767402376909
"0,2,0,2,2,2,2,2,NA",2,0.004716091303527636,75.83239011507263
"2,2,2,1,2,2,0,2,2",2,0.004716091303527636,75.83710620637616
"2,2,NA,NA,0,NA,NA,NA,2",2,0.004716091303527636,75.84182229767968
"NA,2,2,NA,0,2,2,2,0",2,0.004716091303527636,75.8465383889832
"0,1,NA,NA,NA,NA,0,NA,NA",2,0.004716091303527636,75.85125448028674
"2,2,2,NA,NA,0,2,NA,1",2,0.004716091303527636,75.85597057159028
"0,2,2,2,1,0,2,NA,NA",2,0.004716091303527636,75.8606866628938
"2,2,NA,2,2,2,1,0,NA",2,0.004716091303527636,75.86540275419732
"2,2,NA,2,2,0,1,NA,NA",2,0.004716091303527636,75.87011884550084
"0,2,NA,2,2,0,2,NA,1",2,0.004716091303527636,75.87483493680438
"1,NA,1,2,2,2,2,NA,NA",2,0.004716091303527636,75.87955102810791
"0,1,NA,2,0,NA,NA,NA,NA",2,0.004716091303527636,75.88426711941143
"NA,NA,NA,NA,1,1,1,NA,NA",2,0.004716091303527636,75.88898321071495
"2,NA,NA,1,1,1,2,NA,NA",2,0.004716091303527636,75.89369930201849
"2,2,NA,2,2,2,1,2,2",2,0.004716091303527636,75.89841539332201
"NA,NA,0,2,2,2,2,2,2",2,0.004716091303527636,75.90313148462555
"2,2,1,2,1,NA,NA,2,NA",2,0.004716091303527636,75.90784757592907
"NA,0,NA,2,2,2,1,NA,NA",2,0.004716091303527636,75.9125636672326
"2,1,0,0,0,NA,0,NA,NA",2,0.004716091303527636,75.91727975853613
"1,2,2,NA,NA,NA,NA,NA,2",2,0.004716091303527636,75.92199584983965
"2,1,0,2,0,2,0,0,2",2,0.004716091303527636,75.92671194114318
"1,2,NA,2,0,NA,0,NA,NA",2,0.004716091303527636,75.93142803244672
"1,2,2,0,0,2,0,0,0",2,0.004716091303527636,75.93614412375024
"0,NA,NA,0,0,1,NA,NA,NA",2,0.004716091303527636,75.94086021505376
"NA,1,1,2,NA,NA,NA,NA,NA",2,0.004716091303527636,75.94557630635728
"2,NA,NA,1,2,NA,NA,NA,1",2,0.004716091303527636,75.95029239766082
"2,2,0,0,0,2,0,0,1",2,0.004716091303527636,75.95500848896435
"NA,NA,NA,0,0,0,NA,2,NA",2,0.004716091303527636,75.95972458026787
"0,2,NA,NA,2,NA,2,2,2",2,0.004716091303527636,75.9644406715714
"2,0,1,2,2,2,2,NA,NA",2,0.004716091303527636,75.96915676287493
"2,0,2,0,0,2,2,2,2",2,0.004716091303527636,75.97387285417845
"2,0,2,1,2,2,1,2,2",2,0.004716091303527636,75.97858894548199
"2,2,2,1,2,1,2,NA,NA",2,0.004716091303527636,75.98330503678551
"2,2,0,0,2,2,0,0,NA",2,0.004716091303527636,75.98802112808904
"NA,1,NA,1,1,2,NA,NA,NA",2,0.004716091303527636,75.99273721939257
"1,NA,0,2,2,2,2,NA,2",2,0.004716091303527636,75.9974533106961
"2,2,0,0,0,NA,0,0,2",2,0.004716091303527636,76.00216940199962
"NA,2,2,NA,NA,NA,0,2,2",2,0.004716091303527636,76.00688549330316
"NA,0,2,NA,NA,1,NA,2,NA",2,0.004716091303527636,76.01160158460668
"NA,NA,NA,2,0,NA,2,NA,0",2,0.004716091303527636,76.0163176759102
"2,NA,NA,0,0,NA,0,NA,2",2,0.004716091303527636,76.02103376721374
"0,0,2,2,2,0,2,1,2",2,0.004716091303527636,76.02574985851727
"2,2,1,2,2,2,NA,NA,2",2,0.004716091303527636,76.0304659498208
"NA,1,NA,2,2,NA,2,0,NA",2,0.004716091303527636,76.03518204112432
"NA,2,NA,2,1,NA,0,NA,NA",2,0.004716091303527636,76.03989813242784
"NA,NA,NA,2,0,2,0,NA,0",2,0.004716091303527636,76.04461422373137
"2,0,1,2,0,2,2,NA,NA",2,0.004716091303527636,76.04933031503491
"1,2,0,2,2,NA,2,2,2",2,0.004716091303527636,76.05404640633843
"NA,1,NA,NA,NA,NA,2,0,NA",2,0.004716091303527636,76.05876249764195
"2,1,2,2,1,1,2,2,0",2,0.004716091303527636,76.06347858894547
"1,2,NA,NA,NA,NA,2,2,2",2,0.004716091303527636,76.06819468024901
"NA,NA,NA,2,2,1,2,NA,1",2,0.004716091303527636,76.07291077155254
"NA,NA,NA,2,1,NA,2,NA,1",2,0.004716091303527636,76.07762686285606
"2,NA,NA,1,2,2,1,NA,1",2,0.004716091303527636,76.08234295415959
"2,2,NA,2,1,2,NA,NA,1",2,0.004716091303527636,76.08705904546312
"NA,2,2,0,2,NA,NA,1,NA",2,0.004716091303527636,76.09177513676664
"2,2,NA,1,2,NA,1,2,1",2,0.004716091303527636,76.09649122807018
"NA,0,2,2,2,2,2,NA,NA",2,0.004716091303527636,76.1012073193737
"2,0,0,NA,NA,NA,NA,NA,NA",2,0.004716091303527636,76.10592341067724
"2,0,2,2,2,1,1,2,2",2,0.004716091303527636,76.11063950198076
"0,0,NA,NA,NA,2,2,NA,NA",2,0.004716091303527636,76.11535559328428
"NA,1,NA,2,2,NA,NA,NA,1",2,0.004716091303527636,76.12007168458781
"NA,NA,2,2,1,2,NA,2,NA",2,0.004716091303527636,76.12478777589135
"1,2,NA,0,2,2,2,NA,2",2,0.004716091303527636,76.12950386719487
"1,1,0,2,0,2,0,2,2",2,0.004716091303527636,76.13421995849839
"2,1,1,2,1,2,2,NA,1",2,0.004716091303527636,76.13893604980191
"2,NA,NA,NA,1,2,2,NA,NA",2,0.004716091303527636,76.14365214110546
"1,2,1,1,1,2,1,2,1",2,0.004716091303527636,76.14836823240898
"1,NA,NA,2,1,2,2,2,NA",2,0.004716091303527636,76.1530843237125
"2,2,NA,1,2,1,1,NA,1",2,0.004716091303527636,76.15780041501603
"NA,NA,2,0,NA,NA,NA,0,NA",2,0.004716091303527636,76.16251650631956
"0,NA,1,1,2,2,2,NA,NA",2,0.004716091303527636,76.1672325976231
"2,1,2,1,1,2,2,NA,2",2,0.004716091303527636,76.17194868892662
"0,2,NA,2,2,2,1,2,NA",2,0.004716091303527636,76.17666478023014
"0,NA,NA,1,1,0,NA,NA,NA",2,0.004716091303527636,76.18138087153368
"NA,2,2,2,2,1,2,1,NA",2,0.004716091303527636,76.1860969628372
"1,2,NA,2,2,NA,0,0,2",2,0.004716091303527636,76.19081305414073
"NA,2,2,2,2,0,1,2,NA",2,0.004716091303527636,76.19552914544425
"2,2,NA,1,1,1,NA,NA,1",2,0.004716091303527636,76.20024523674779
"2,1,0,0,2,2,0,NA,2",2,0.004716091303527636,76.20496132805131
"1,1,NA,1,1,NA,NA,NA,NA",2,0.004716091303527636,76.20967741935483
"NA,NA,0,2,2,NA,NA,NA,NA",2,0.004716091303527636,76.21439351065837
"0,2,1,2,2,2,2,2,NA",2,0.004716091303527636,76.2191096019619
"NA,1,NA,1,NA,NA,NA,NA,NA",2,0.004716091303527636,76.22382569326543
"NA,NA,NA,2,NA,NA,2,NA,0",2,0.004716091303527636,76.22854178456895
"2,2,2,1,2,0,2,2,NA",2,0.004716091303527636,76.23325787587247
"2,NA,1,2,2,2,2,NA,2",2,0.004716091303527636,76.237973967176
"2,0,2,NA,2,0,2,2,1",2,0.004716091303527636,76.24269005847954
"0,2,2,2,2,NA,1,2,2",2,0.004716091303527636,76.24740614978306
"0,0,2,1,2,2,2,NA,NA",2,0.004716091303527636,76.25212224108658
"NA,1,NA,NA,NA,2,2,NA,1",2,0.004716091303527636,76.25683833239012
"2,0,1,1,2,2,2,2,2",2,0.004716091303527636,76.26155442369364
"0,2,2,2,2,NA,NA,1,NA",2,0.004716091303527636,76.26627051499717
"2,2,NA,2,0,NA,0,2,NA",2,0.004716091303527636,76.2709866063007
"NA,NA,0,0,0,2,NA,NA,NA",2,0.004716091303527636,76.27570269760423
"NA,NA,2,NA,NA,0,NA,2,NA",2,0.004716091303527636,76.28041878890775
"2,NA,NA,NA,NA,2,2,2,1",2,0.004716091303527636,76.28513488021127
"2,2,2,2,1,NA,NA,2,NA",2,0.004716091303527636,76.28985097151481
"2,1,0,2,2,NA,0,NA,NA",2,0.004716091303527636,76.29456706281834
"NA,1,NA,2,2,1,2,NA,NA",2,0.004716091303527636,76.29928315412187
"NA,0,2,2,2,NA,1,NA,NA",2,0.004716091303527636,76.30399924542539
"NA,NA,NA,NA,NA,0,NA,NA,0",2,0.004716091303527636,76.30871533672891
"2,1,0,2,2,2,NA,NA,NA",2,0.004716091303527636,76.31343142803246
"2,0,NA,2,1,NA,2,2,NA",2,0.004716091303527636,76.31814751933598
"1,NA,NA,NA,0,NA,NA,2,NA",2,0.004716091303527636,76.3228636106395
"NA,2,2,NA,NA,0,NA,NA,NA",2,0.004716091303527636,76.32757970194302
"2,2,1,1,1,0,2,2,1",2,0.004716091303527636,76.33229579324656
"NA,0,NA,0,0,NA,0,NA,2",2,0.004716091303527636,76.3370118845501
"NA,2,2,2,2,2,0,NA,2",2,0.004716091303527636,76.34172797585362
"2,1,2,0,2,2,2,0,NA",2,0.004716091303527636,76.34644406715714
"2,2,NA,0,0,2,NA,NA,2",2,0.004716091303527636,76.35116015846066
"2,NA,NA,0,2,1,NA,NA,NA",2,0.004716091303527636,76.3558762497642
"NA,1,NA,0,0,2,NA,NA,2",2,0.004716091303527636,76.36059234106773
"NA,2,2,2,2,2,2,1,1",2,0.004716091303527636,76.36530843237125
"0,NA,NA,2,1,0,NA,NA,NA",2,0.004716091303527636,76.37002452367477
"2,2,2,2,NA,NA,0,2,NA",2,0.004716091303527636,76.37474061497831
"0,2,2,2,2,NA,2,0,NA",2,0.004716091303527636,76.37945670628183
"NA,2,2,2,1,2,NA,2,NA",2,0.004716091303527636,76.38417279758536
"0,2,NA,2,2,2,2,0,NA",2,0.004716091303527636,76.38888888888889
"1,1,NA,0,0,NA,2,NA,NA",2,0.004716091303527636,76.39360498019242
"1,2,2,2,2,2,NA,NA,NA",2,0.004716091303527636,76.39832107149594
"2,1,1,2,1,2,2,2,2",2,0.004716091303527636,76.40303716279946
"2,1,NA,2,2,NA,0,2,0",2,0.004716091303527636,76.407753254103
"2,2,0,NA,NA,NA,0,0,NA",2,0.004716091303527636,76.41246934540654
"1,NA,NA,0,0,1,NA,NA,NA",2,0.004716091303527636,76.41718543671006
"2,2,NA,NA,NA,2,2,2,1",2,0.004716091303527636,76.42190152801358
"2,2,NA,NA,2,NA,2,1,2",2,0.004716091303527636,76.4266176193171
"NA,NA,2,1,2,1,2,NA,NA",2,0.004716091303527636,76.43133371062063
"NA,NA,NA,NA,NA,1,NA,0,NA",2,0.004716091303527636,76.43604980192417
"0,2,1,NA,NA,NA,NA,2,NA",2,0.004716091303527636,76.44076589322769
"NA,NA,NA,NA,NA,2,NA,0,2",2,0.004716091303527636,76.44548198453121
"1,2,NA,2,2,0,NA,NA,NA",2,0.004716091303527636,76.45019807583475
"NA,2,NA,NA,2,NA,0,NA,NA",2,0.004716091303527636,76.45491416713827
"1,NA,NA,0,0,NA,NA,NA,2",2,0.004716091303527636,76.4596302584418
"2,1,2,2,2,NA,2,NA,2",2,0.004716091303527636,76.46434634974533
"2,2,NA,2,1,NA,0,2,NA",2,0.004716091303527636,76.46906244104886
"2,2,2,1,2,2,2,1,0",2,0.004716091303527636,76.47377853235238
"NA,NA,2,NA,NA,NA,NA,NA,1",2,0.004716091303527636,76.47849462365592
"2,1,2,1,1,2,2,1,1",2,0.004716091303527636,76.48321071495944
"NA,2,NA,2,2,0,1,NA,1",2,0.004716091303527636,76.48792680626298
"2,2,NA,2,0,2,NA,2,NA",2,0.004716091303527636,76.4926428975665
"0,NA,2,NA,NA,NA,2,2,NA",2,0.004716091303527636,76.49735898887002
"1,NA,NA,0,NA,2,2,NA,NA",2,0.004716091303527636,76.50207508017355
"2,1,NA,0,0,0,NA,NA,NA",2,0.004716091303527636,76.50679117147709
"2,2,2,NA,2,1,1,2,NA",2,0.004716091303527636,76.51150726278061
"2,2,NA,1,1,NA,1,1,1",2,0.004716091303527636,76.51622335408413
"2,0,2,1,2,NA,2,2,2",2,0.004716091303527636,76.52093944538765
"2,NA,1,2,2,NA,NA,NA,NA",2,0.004716091303527636,76.52565553669119
"NA,0,NA,2,0,2,NA,NA,0",2,0.004716091303527636,76.53037162799473
"2,0,NA,1,1,NA,NA,NA,NA",2,0.004716091303527636,76.53508771929825
"2,0,2,2,2,1,2,1,2",2,0.004716091303527636,76.53980381060177
"0,2,0,0,0,2,2,2,NA",2,0.004716091303527636,76.5445199019053
"2,2,0,1,2,NA,NA,NA,NA",2,0.004716091303527636,76.54923599320882
"NA,0,2,NA,NA,NA,NA,2,2",2,0.004716091303527636,76.55395208451236
"0,NA,NA,1,1,NA,1,NA,NA",2,0.004716091303527636,76.55866817581588
"NA,2,NA,2,2,1,1,NA,NA",2,0.004716091303527636,76.56338426711942
"1,2,2,1,2,2,1,2,1",2,0.004716091303527636,76.56810035842294
"2,2,2,2,NA,0,2,2,2",2,0.004716091303527636,76.57281644972646
"0,NA,NA,NA,NA,NA,NA,0,2",2,0.004716091303527636,76.57753254103
"0,2,NA,2,2,NA,0,2,2",2,0.004716091303527636,76.58224863233353
"NA,NA,2,NA,NA,NA,2,1,NA",2,0.004716091303527636,76.58696472363705
"2,2,NA,2,2,2,0,0,0",2,0.004716091303527636,76.59168081494057
"1,2,0,0,0,2,2,2,0",2,0.004716091303527636,76.5963969062441
"2,2,NA,NA,NA,NA,0,NA,0",2,0.004716091303527636,76.60111299754763
"NA,NA,NA,0,NA,2,1,NA,NA",2,0.004716091303527636,76.60582908885117
"2,2,NA,NA,1,NA,1,2,2",2,0.004716091303527636,76.61054518015469
"0,NA,NA,2,2,2,NA,NA,2",2,0.004716091303527636,76.61526127145821
"NA,2,NA,0,NA,NA,NA,0,NA",2,0.004716091303527636,76.61997736276174
"2,0,2,2,2,2,2,0,1",2,0.004716091303527636,76.62469345406528
"2,2,1,NA,NA,0,2,NA,NA",2,0.004716091303527636,76.6294095453688
"0,2,1,2,1,2,2,1,1",2,0.004716091303527636,76.63412563667232
"NA,2,2,2,2,2,2,0,0",2,0.004716091303527636,76.63884172797584
"2,2,NA,2,1,1,NA,NA,2",2,0.004716091303527636,76.64355781927938
"2,1,2,2,2,2,0,0,NA",2,0.004716091303527636,76.64827391058292
"0,NA,NA,2,2,NA,NA,2,2",2,0.004716091303527636,76.65299000188644
"0,NA,0,2,2,2,2,NA,2",2,0.004716091303527636,76.65770609318996
"2,2,0,0,2,2,2,NA,2",2,0.004716091303527636,76.6624221844935
"1,1,NA,0,0,NA,2,2,2",2,0.004716091303527636,76.66713827579702
"2,0,2,2,2,2,0,1,0",2,0.004716091303527636,76.67185436710055
"0,NA,2,2,0,NA,NA,NA,NA",2,0.004716091303527636,76.67657045840407
"0,2,2,2,2,NA,2,0,2",2,0.004716091303527636,76.68128654970761
"1,1,2,2,0,NA,2,NA,2",2,0.004716091303527636,76.68600264101113
"2,2,NA,NA,NA,NA,0,0,NA",2,0.004716091303527636,76.69071873231465
"2,2,1,2,1,1,1,2,2",2,0.004716091303527636,76.69543482361819
"NA,NA,NA,NA,1,NA,2,NA,1",2,0.004716091303527636,76.70015091492172
"0,NA,NA,2,2,NA,2,2,2",2,0.004716091303527636,76.70486700622524
"NA,2,2,1,1,2,NA,2,NA",2,0.004716091303527636,76.70958309752876
"NA,NA,NA,NA,1,0,NA,NA,2",2,0.004716091303527636,76.71429918883229
"2,2,1,1,2,2,2,1,NA",2,0.004716091303527636,76.71901528013582
"2,2,2,NA,2,2,2,1,NA",2,0.004716091303527636,76.72373137143936
"2,NA,0,2,1,2,NA,NA,NA",2,0.004716091303527636,76.72844746274288
"2,0,2,2,2,NA,2,2,NA",2,0.004716091303527636,76.7331635540464
"2,1,2,NA,2,NA,NA,2,NA",2,0.004716091303527636,76.73787964534993
"0,NA,0,1,2,2,2,NA,2",2,0.004716091303527636,76.74259573665346
"2,1,NA,2,1,NA,2,NA,2",2,0.004716091303527636,76.74731182795699
"2,1,1,1,1,2,2,2,2",2,0.004716091303527636,76.75202791926051
"0,NA,NA,NA,NA,2,1,0,NA",2,0.004716091303527636,76.75674401056405
"2,2,1,NA,2,2,2,1,1",2,0.004716091303527636,76.76146010186757
"1,2,0,2,2,2,2,1,0",2,0.004716091303527636,76.7661761931711
"0,NA,NA,2,1,1,2,NA,NA",2,0.004716091303527636,76.77089228447463
"2,NA,NA,1,1,0,2,NA,2",2,0.004716091303527636,76.77560837577816
"1,2,2,2,2,1,2,1,1",2,0.004716091303527636,76.78032446708168
"2,2,0,2,0,NA,0,2,2",2,0.004716091303527636,76.7850405583852
"2,2,NA,2,1,1,NA,NA,1",2,0.004716091303527636,76.78975664968874
"2,2,0,2,2,1,1,NA,2",2,0.004716091303527636,76.79447274099228
"1,2,0,0,0,NA,2,0,2",2,0.004716091303527636,76.7991888322958
"0,2,2,2,1,NA,1,2,2",2,0.004716091303527636,76.80390492359932
"1,2,NA,2,0,2,0,NA,NA",2,0.004716091303527636,76.80862101490284
"NA,2,0,2,0,2,2,0,NA",2,0.004716091303527636,76.81333710620638
"NA,2,0,1,2,2,2,NA,1",2,0.004716091303527636,76.81805319750991
"2,2,1,2,2,0,2,1,1",2,0.004716091303527636,76.82276928881343
"NA,NA,2,1,2,2,2,1,2",2,0.004716091303527636,76.82748538011695
"2,NA,NA,2,1,NA,0,NA,2",2,0.004716091303527636,76.83220147142049
"2,2,NA,2,2,2,1,2,1",2,0.004716091303527636,76.83691756272401
"2,0,NA,1,2,NA,NA,NA,2",2,0.004716091303527636,76.84163365402755
"NA,2,2,0,NA,NA,NA,2,NA",2,0.004716091303527636,76.84634974533107
"0,2,2,1,1,1,2,2,2",2,0.004716091303527636,76.8510658366346
"NA,NA,2,2,2,NA,1,NA,2",2,0.004716091303527636,76.85578192793812
"1,1,NA,0,0,2,2,NA,0",2,0.004716091303527636,76.86049801924165
"0,2,1,2,2,2,2,1,1",2,0.004716091303527636,76.86521411054518
"2,2,2,1,2,0,NA,2,2",2,0.004716091303527636,76.86993020184872
"0,NA,NA,0,NA,1,NA,NA,NA",2,0.004716091303527636,76.87464629315224
"0,2,2,0,2,2,2,NA,2",2,0.004716091303527636,76.87936238445576
"2,NA,NA,NA,NA,NA,1,1,NA",2,0.004716091303527636,76.88407847575928
"2,2,1,2,2,1,1,NA,2",2,0.004716091303527636,76.88879456706282
"2,NA,0,NA,NA,NA,0,2,NA",2,0.004716091303527636,76.89351065836635
"1,NA,NA,2,2,1,2,NA,2",2,0.004716091303527636,76.89822674966987
"0,2,NA,2,2,2,1,NA,1",2,0.004716091303527636,76.9029428409734
"2,0,NA,2,2,0,NA,NA,2",2,0.004716091303527636,76.90765893227693
"2,0,1,1,2,2,2,NA,0",2,0.004716091303527636,76.91237502358047
"2,2,NA,1,1,NA,NA,NA,1",2,0.004716091303527636,76.91709111488399
"2,NA,1,NA,NA,NA,NA,NA,2",2,0.004716091303527636,76.92180720618751
"1,2,2,1,2,2,2,NA,0",2,0.004716091303527636,76.92652329749103
"2,1,1,0,2,2,2,NA,NA",2,0.004716091303527636,76.93123938879457
"1,2,NA,2,2,NA,1,2,2",2,0.004716091303527636,76.9359554800981
"NA,NA,1,NA,2,NA,NA,NA,NA",2,0.004716091303527636,76.94067157140162
"0,2,2,2,2,2,0,NA,NA",2,0.004716091303527636,76.94538766270514
"0,0,NA,2,1,2,NA,NA,NA",2,0.004716091303527636,76.95010375400868
"2,2,NA,2,1,NA,2,1,2",2,0.004716091303527636,76.9548198453122
"NA,NA,NA,NA,0,NA,2,NA,2",2,0.004716091303527636,76.95953593661574
"2,NA,NA,2,0,NA,NA,NA,2",2,0.004716091303527636,76.96425202791926
"0,2,2,2,1,2,2,NA,2",2,0.004716091303527636,76.9689681192228
"2,1,2,2,2,NA,0,0,2",2,0.004716091303527636,76.97368421052632
"0,0,2,2,2,0,NA,NA,NA",2,0.004716091303527636,76.97840030182984
"NA,NA,NA,0,0,NA,0,2,NA",2,0.004716091303527636,76.98311639313337
"2,2,NA,2,0,2,2,2,NA",2,0.004716091303527636,76.98783248443691
"2,2,NA,NA,0,1,0,NA,NA",2,0.004716091303527636,76.99254857574043
"0,0,2,NA,NA,NA,2,2,2",2,0.004716091303527636,76.99726466704395
"1,NA,NA,2,2,2,1,NA,2",2,0.004716091303527636,77.00198075834747
"2,0,1,2,2,2,2,2,0",2,0.004716091303527636,77.00669684965101
"2,0,NA,2,1,0,NA,NA,NA",2,0.004716091303527636,77.01141294095454
"0,1,NA,0,0,NA,NA,NA,NA",2,0.004716091303527636,77.01612903225806
"2,2,NA,1,NA,NA,2,NA,2",2,0.004716091303527636,77.02084512356159
"NA,NA,NA,1,1,1,2,NA,NA",2,0.004716091303527636,77.02556121486512
"NA,2,2,1,2,2,0,1,NA",2,0.004716091303527636,77.03027730616864
"NA,0,NA,2,0,2,2,NA,2",2,0.004716091303527636,77.03499339747218
"2,2,2,NA,1,1,1,2,1",2,0.004716091303527636,77.0397094887757
"1,NA,NA,1,2,1,2,NA,NA",2,0.004716091303527636,77.04442558007923
"2,NA,NA,1,2,2,1,NA,NA",2,0.004716091303527636,77.04914167138276
"NA,2,2,NA,NA,0,2,2,1",2,0.004716091303527636,77.05385776268628
"NA,2,NA,NA,NA,1,2,NA,2",2,0.004716091303527636,77.05857385398981
"NA,2,NA,2,2,2,0,NA,0",2,0.004716091303527636,77.06328994529335
"NA,NA,NA,2,1,NA,NA,1,NA",2,0.004716091303527636,77.06800603659687
"0,2,1,2,2,0,2,2,NA",2,0.004716091303527636,77.07272212790039
"2,2,2,1,2,2,1,NA,1",2,0.004716091303527636,77.07743821920391
"NA,NA,NA,NA,NA,1,NA,NA,1",2,0.004716091303527636,77.08215431050746
"2,1,NA,2,0,NA,0,NA,0",2,0.004716091303527636,77.08687040181098
"2,2,0,2,0,2,0,NA,0",2,0.004716091303527636,77.0915864931145
"0,2,1,2,2,0,0,NA,2",2,0.004716091303527636,77.09630258441803
"NA,2,NA,1,2,2,2,2,1",2,0.004716091303527636,77.10101867572156
"0,1,NA,2,1,NA,NA,NA,NA",2,0.004716091303527636,77.1057347670251
"1,0,0,2,2,2,2,NA,NA",2,0.004716091303527636,77.11045085832862
"2,2,0,2,0,NA,0,NA,NA",2,0.004716091303527636,77.11516694963214
"0,NA,NA,0,NA,NA,2,NA,NA",2,0.004716091303527636,77.11988304093568
"2,2,0,2,2,NA,0,0,2",2,0.004716091303527636,77.1245991322392
"2,2,0,2,2,1,NA,2,2",2,0.004716091303527636,77.12931522354273
"NA,1,NA,2,2,1,NA,NA,NA",2,0.004716091303527636,77.13403131484625
"0,2,1,NA,NA,NA,2,2,NA",2,0.004716091303527636,77.13874740614979
"2,0,NA,0,0,2,0,NA,NA",2,0.004716091303527636,77.14346349745331
"2,2,2,2,2,1,2,NA,1",2,0.004716091303527636,77.14817958875683
"2,2,2,2,2,0,1,2,1",2,0.004716091303527636,77.15289568006037
"NA,0,NA,1,2,0,NA,NA,NA",2,0.004716091303527636,77.1576117713639
"2,1,NA,2,2,1,1,NA,NA",2,0.004716091303527636,77.16232786266742
"2,2,2,2,1,1,1,NA,2",2,0.004716091303527636,77.16704395397095
"2,1,1,1,1,2,2,2,1",2,0.004716091303527636,77.17176004527447
"2,0,2,2,1,2,2,NA,1",2,0.004716091303527636,77.176476136578
"2,2,2,0,NA,NA,1,2,2",2,0.004716091303527636,77.18119222788154
"NA,NA,0,NA,NA,NA,2,2,NA",2,0.004716091303527636,77.18590831918506
"2,2,0,2,0,2,2,1,0",2,0.004716091303527636,77.19062441048858
"NA,NA,NA,0,NA,NA,2,NA,2",2,0.004716091303527636,77.19534050179212
"2,2,2,2,0,NA,NA,NA,NA",2,0.004716091303527636,77.20005659309564
"2,1,NA,1,2,2,2,NA,1",2,0.004716091303527636,77.20477268439917
"2,2,NA,2,1,2,2,1,NA",2,0.004716091303527636,77.2094887757027
"2,0,2,NA,NA,NA,NA,0,NA",2,0.004716091303527636,77.21420486700622
"2,NA,1,NA,NA,NA,1,1,2",2,0.004716091303527636,77.21892095830975
"2,2,2,2,1,2,0,2,NA",2,0.004716091303527636,77.22363704961327
"0,1,NA,2,2,2,2,NA,0",2,0.004716091303527636,77.22835314091681
"2,2,NA,2,1,2,2,2,NA",2,0.004716091303527636,77.23306923222033
"NA,2,NA,2,NA,NA,0,NA,NA",2,0.004716091303527636,77.23778532352387
"NA,2,2,2,1,2,1,NA,NA",2,0.004716091303527636,77.24250141482739
"NA,2,NA,2,2,NA,0,2,NA",2,0.004716091303527636,77.24721750613092
"NA,2,0,2,2,NA,NA,0,NA",2,0.004716091303527636,77.25193359743444
"2,1,0,NA,NA,NA,NA,NA,NA",2,0.004716091303527636,77.25664968873798
"NA,0,NA,NA,2,0,NA,NA,NA",2,0.004716091303527636,77.2613657800415
"2,2,2,1,2,2,1,NA,NA",2,0.004716091303527636,77.26608187134502
"2,2,1,1,1,NA,1,1,2",2,0.004716091303527636,77.27079796264856
"2,NA,2,2,1,2,1,1,1",2,0.004716091303527636,77.2755140539521
"1,2,0,2,2,2,1,NA,NA",2,0.004716091303527636,77.28023014525562
"NA,NA,2,0,NA,NA,0,NA,NA",2,0.004716091303527636,77.28494623655914
"2,1,NA,1,1,2,2,NA,NA",2,0.004716091303527636,77.28966232786266
"1,2,2,1,2,2,1,1,1",2,0.004716091303527636,77.2943784191662
"NA,NA,NA,2,2,2,NA,NA,0",2,0.004716091303527636,77.29909451046973
"NA,NA,NA,0,0,NA,2,NA,0",2,0.004716091303527636,77.30381060177325
"2,2,NA,2,1,NA,1,2,1",2,0.004716091303527636,77.30852669307677
"2,2,NA,2,2,NA,NA,1,NA",2,0.004716091303527636,77.31324278438031
"2,NA,2,2,2,0,NA,0,NA",2,0.004716091303527636,77.31795887568383
"2,2,1,NA,NA,2,2,1,1",2,0.004716091303527636,77.32267496698736
"NA,0,NA,0,0,NA,0,NA,NA",2,0.004716091303527636,77.32739105829089
"2,2,NA,0,0,NA,2,0,0",2,0.004716091303527636,77.33210714959442
"0,2,0,2,2,NA,2,2,NA",2,0.004716091303527636,77.33682324089794
"2,2,2,2,0,2,NA,2,NA",2,0.004716091303527636,77.34153933220146
"2,1,NA,2,2,NA,NA,1,NA",2,0.004716091303527636,77.346255423505
"2,NA,0,2,2,NA,2,NA,NA",2,0.004716091303527636,77.35097151480853
"NA,2,NA,NA,1,NA,2,NA,NA",2,0.004716091303527636,77.35568760611206
"2,2,1,NA,1,NA,NA,2,NA",2,0.004716091303527636,77.36040369741558
"1,2,2,0,2,2,0,0,2",2,0.004716091303527636,77.3651197887191
"2,NA,NA,2,2,0,NA,NA,0",2,0.004716091303527636,77.36983588002263
"1,2,2,1,2,2,2,2,NA",2,0.004716091303527636,77.37455197132617
"2,0,2,NA,2,NA,NA,2,2",2,0.004716091303527636,77.37926806262969
"1,2,2,2,1,1,2,2,NA",2,0.004716091303527636,77.38398415393321
"2,NA,2,NA,NA,NA,2,NA,1",2,0.004716091303527636,77.38870024523675
"2,1,NA,2,NA,NA,2,NA,NA",2,0.004716091303527636,77.39341633654028
"NA,2,2,0,2,2,0,NA,NA",2,0.004716091303527636,77.3981324278438
"0,0,2,2,2,2,2,NA,0",2,0.004716091303527636,77.40284851914733
"NA,0,0,2,2,2,NA,NA,NA",2,0.004716091303527636,77.40756461045086
"2,0,NA,1,1,NA,NA,0,NA",2,0.004716091303527636,77.41228070175438
"NA,0,NA,2,2,NA,2,2,NA",2,0.004716091303527636,77.41699679305792
"1,2,NA,2,2,2,2,2,0",2,0.004716091303527636,77.42171288436144
"2,1,2,0,0,2,0,NA,2",2,0.004716091303527636,77.42642897566498
"NA,1,2,NA,NA,NA,2,2,2",2,0.004716091303527636,77.4311450669685
"2,0,2,1,1,2,2,NA,2",2,0.004716091303527636,77.43586115827202
"2,2,0,2,2,1,2,NA,1",2,0.004716091303527636,77.44057724957555
"0,0,NA,2,2,NA,0,NA,2",2,0.004716091303527636,77.44529334087909
"0,2,2,2,2,NA,2,0,1",2,0.004716091303527636,77.45000943218261
"1,NA,NA,2,2,0,2,NA,2",2,0.004716091303527636,77.45472552348613
"NA,0,2,NA,NA,1,NA,NA,NA",2,0.004716091303527636,77.45944161478965
"0,1,2,NA,NA,NA,NA,NA,NA",2,0.004716091303527636,77.46415770609319
"2,1,2,2,2,NA,0,NA,NA",2,0.004716091303527636,77.46887379739672
"NA,NA,NA,2,0,2,0,NA,2",2,0.004716091303527636,77.47358988870025
"NA,NA,NA,2,2,2,2,1,2",2,0.004716091303527636,77.47830598000377
"NA,2,NA,NA,2,NA,NA,NA,1",2,0.004716091303527636,77.4830220713073
"2,0,2,1,2,NA,0,2,NA",2,0.004716091303527636,77.48773816261082
"0,NA,NA,1,1,2,2,NA,2",2,0.004716091303527636,77.49245425391436
"2,NA,2,2,2,0,2,2,NA",2,0.004716091303527636,77.49717034521788
"NA,NA,NA,NA,0,2,2,NA,2",2,0.004716091303527636,77.5018864365214
"0,NA,NA,NA,NA,NA,1,2,NA",2,0.004716091303527636,77.50660252782494
"2,1,0,2,0,0,2,0,2",2,0.004716091303527636,77.51131861912846
"2,2,NA,NA,2,NA,0,NA,1",2,0.004716091303527636,77.516034710432
"2,NA,NA,NA,1,2,1,NA,NA",2,0.004716091303527636,77.52075080173552
"2,1,NA,0,NA,2,NA,NA,NA",2,0.004716091303527636,77.52546689303905
"0,2,2,2,2,2,NA,2,NA",2,0.004716091303527636,77.53018298434257
"2,NA,2,2,NA,2,0,NA,NA",2,0.004716091303527636,77.53489907564611
"NA,2,2,NA,1,0,1,2,NA",2,0.004716091303527636,77.53961516694963
"2,2,NA,NA,NA,NA,1,2,NA",2,0.004716091303527636,77.54433125825317
"2,1,2,2,2,NA,2,0,2",2,0.004716091303527636,77.54904734955669
"2,NA,NA,2,1,2,0,NA,1",2,0.004716091303527636,77.55376344086021
"2,2,2,1,1,0,1,2,2",2,0.004716091303527636,77.55847953216374
"0,NA,2,2,2,0,2,2,1",2,0.004716091303527636,77.56319562346728
"0,2,NA,2,1,2,2,NA,1",2,0.004716091303527636,77.5679117147708
"2,NA,2,NA,NA,NA,0,NA,NA",2,0.004716091303527636,77.57262780607432
"2,0,2,NA,2,NA,2,2,NA",2,0.004716091303527636,77.57734389737784
"2,0,2,2,0,NA,1,NA,NA",2,0.004716091303527636,77.58205998868138
"2,2,2,2,2,0,1,0,1",2,0.004716091303527636,77.58677607998492
"2,2,0,2,2,1,2,2,1",2,0.004716091303527636,77.59149217128844
"1,2,1,2,2,2,1,NA,1",2,0.004716091303527636,77.59620826259196
"2,2,0,2,2,1,2,1,0",2,0.004716091303527636,77.6009243538955
"NA,2,2,1,1,2,2,1,1",2,0.004716091303527636,77.60564044519901
"NA,2,2,2,0,2,NA,2,NA",2,0.004716091303527636,77.61035653650255
"1,NA,0,0,NA,NA,NA,NA,NA",2,0.004716091303527636,77.61507262780607
"0,2,NA,NA,1,NA,NA,NA,NA",2,0.004716091303527636,77.61978871910961
"NA,0,NA,NA,1,NA,2,NA,NA",2,0.004716091303527636,77.62450481041313
"2,2,2,2,2,1,0,2,NA",2,0.004716091303527636,77.62922090171665
"1,1,0,0,0,2,0,2,0",2,0.004716091303527636,77.63393699302019
"2,2,2,2,2,1,0,NA,2",2,0.004716091303527636,77.63865308432372
"2,1,1,2,2,2,2,1,2",2,0.004716091303527636,77.64336917562724
"NA,NA,0,NA,2,NA,NA,2,NA",2,0.004716091303527636,77.64808526693076
"NA,2,NA,2,2,NA,2,0,2",2,0.004716091303527636,77.65280135823429
"NA,NA,2,NA,NA,NA,2,NA,1",2,0.004716091303527636,77.65751744953782
"2,2,2,NA,2,2,2,2,0",2,0.004716091303527636,77.66223354084136
"2,1,2,NA,NA,0,NA,NA,NA",2,0.004716091303527636,77.66694963214488
"NA,2,NA,2,NA,NA,NA,0,NA",2,0.004716091303527636,77.6716657234484
"0,0,2,2,2,2,2,1,0",2,0.004716091303527636,77.67638181475193
"2,0,2,1,1,2,2,1,2",2,0.004716091303527636,77.68109790605547
"NA,0,NA,NA,NA,2,1,NA,NA",2,0.004716091303527636,77.68581399735899
"NA,NA,NA,0,NA,NA,NA,1,NA",2,0.004716091303527636,77.69053008866251
"NA,NA,2,NA,NA,2,1,NA,NA",2,0.004716091303527636,77.69524617996605
"1,1,NA,2,0,2,NA,NA,NA",2,0.004716091303527636,77.69996227126957
"2,1,NA,2,1,NA,NA,NA,NA",2,0.004716091303527636,77.7046783625731
"1,1,2,2,2,NA,2,1,2",2,0.004716091303527636,77.70939445387663
"0,2,NA,NA,NA,NA,0,NA,2",2,0.004716091303527636,77.71411054518016
"2,2,0,2,0,2,2,NA,0",2,0.004716091303527636,77.71882663648368
"1,NA,2,NA,NA,NA,2,1,NA",2,0.004716091303527636,77.7235427277872
"0,2,2,2,2,0,2,NA,1",2,0.004716091303527636,77.72825881909074
"NA,NA,NA,1,1,2,2,NA,1",2,0.004716091303527636,77.73297491039428
"1,2,2,NA,NA,NA,2,1,NA",2,0.004716091303527636,77.7376910016978
"NA,2,2,2,1,0,1,2,NA",2,0.004716091303527636,77.74240709300132
"NA,2,2,NA,NA,1,NA,2,NA",2,0.004716091303527636,77.74712318430484
"1,1,1,2,2,2,2,NA,NA",2,0.004716091303527636,77.75183927560838
"NA,NA,NA,NA,NA,0,NA,2,NA",2,0.004716091303527636,77.75655536691191
"2,1,NA,0,0,NA,2,0,NA",2,0.004716091303527636,77.76127145821543
"2,NA,NA,NA,2,0,1,NA,NA",2,0.004716091303527636,77.76598754951895
"2,2,1,1,1,2,2,1,NA",2,0.004716091303527636,77.77070364082249
"NA,2,0,0,0,NA,NA,NA,NA",2,0.004716091303527636,77.77541973212601
"0,2,NA,1,1,2,2,NA,1",2,0.004716091303527636,77.78013582342955
"NA,2,NA,1,2,NA,1,NA,NA",2,0.004716091303527636,77.78485191473307
"0,NA,NA,2,2,0,0,NA,NA",2,0.004716091303527636,77.7895680060366
"NA,0,NA,NA,NA,NA,0,2,NA",2,0.004716091303527636,77.79428409734012
"0,0,NA,2,2,2,0,NA,NA",2,0.004716091303527636,77.79900018864365
"NA,2,NA,2,0,2,2,NA,NA",2,0.004716091303527636,77.80371627994718
"2,0,2,2,2,1,2,2,0",2,0.004716091303527636,77.8084323712507
"2,2,1,1,1,1,2,NA,1",2,0.004716091303527636,77.81314846255424
"2,1,2,2,2,2,1,NA,NA",2,0.004716091303527636,77.81786455385776
"1,2,0,0,0,2,0,0,0",2,0.004716091303527636,77.82258064516128
"1,1,1,0,2,NA,2,NA,NA",2,0.004716091303527636,77.82729673646482
"2,0,NA,2,1,NA,2,NA,2",2,0.004716091303527636,77.83201282776835
"NA,2,0,2,2,2,NA,0,NA",2,0.004716091303527636,77.83672891907187
"2,NA,NA,NA,NA,NA,NA,0,2",2,0.004716091303527636,77.8414450103754
"0,NA,NA,0,1,NA,NA,NA,NA",2,0.004716091303527636,77.84616110167892
"2,2,2,0,2,NA,2,NA,2",2,0.004716091303527636,77.85087719298247
"1,1,0,2,0,2,2,NA,0",2,0.004716091303527636,77.85559328428599
"2,1,2,2,2,2,2,1,0",2,0.004716091303527636,77.86030937558951
"2,1,2,0,2,2,0,0,2",2,0.004716091303527636,77.86502546689303
"2,2,0,2,0,2,0,0,NA",2,0.004716091303527636,77.86974155819657
"1,2,NA,2,2,1,1,NA,0",2,0.004716091303527636,77.8744576495001
"0,2,1,2,1,2,2,1,2",2,0.004716091303527636,77.87917374080362
"2,1,2,2,2,NA,1,2,NA",2,0.004716091303527636,77.88388983210714
"1,2,2,2,2,0,2,2,NA",2,0.004716091303527636,77.88860592341068
"1,NA,NA,2,2,NA,2,NA,2",2,0.004716091303527636,77.8933220147142
"0,NA,NA,2,1,2,2,NA,2",2,0.004716091303527636,77.89803810601774
"2,2,NA,2,NA,0,2,2,2",2,0.004716091303527636,77.90275419732126
"NA,2,2,2,1,2,2,1,1",2,0.004716091303527636,77.9074702886248
"NA,2,NA,2,0,NA,NA,NA,2",2,0.004716091303527636,77.91218637992831
"2,NA,2,2,0,2,2,NA,0",2,0.004716091303527636,77.91690247123184
"NA,2,NA,1,1,1,NA,NA,NA",2,0.004716091303527636,77.92161856253537
"1,1,2,0,2,2,2,2,NA",2,0.004716091303527636,77.92633465383891
"0,NA,NA,2,2,2,2,2,2",2,0.004716091303527636,77.93105074514243
"2,NA,NA,NA,NA,0,2,2,NA",2,0.004716091303527636,77.93576683644595
"2,1,0,2,2,NA,NA,NA,NA",2,0.004716091303527636,77.94048292774947
"NA,NA,0,NA,NA,2,2,NA,2",2,0.004716091303527636,77.945199019053
"2,2,1,2,0,0,2,2,2",2,0.004716091303527636,77.94991511035654
"2,2,2,NA,2,1,2,2,NA",2,0.004716091303527636,77.95463120166006
"1,2,0,0,0,2,2,NA,0",2,0.004716091303527636,77.95934729296359
"NA,1,2,0,0,2,2,NA,NA",2,0.004716091303527636,77.96406338426712
"2,1,NA,2,1,1,NA,NA,2",2,0.004716091303527636,77.96877947557064
"NA,0,2,2,2,NA,NA,NA,NA",2,0.004716091303527636,77.97349556687418
"0,2,NA,2,1,0,NA,NA,NA",2,0.004716091303527636,77.9782116581777
"2,2,NA,2,0,2,0,2,NA",2,0.004716091303527636,77.98292774948123
"0,1,2,2,2,0,2,2,NA",2,0.004716091303527636,77.98764384078476
"2,2,0,2,2,2,NA,2,NA",2,0.004716091303527636,77.99235993208828
"NA,1,2,2,2,0,2,2,1",2,0.004716091303527636,77.99707602339181
"2,NA,NA,0,0,NA,2,NA,2",2,0.004716091303527636,78.00179211469535
"NA,NA,NA,NA,2,NA,NA,1,NA",2,0.004716091303527636,78.00650820599887
"1,NA,2,2,2,2,2,NA,0",2,0.004716091303527636,78.01122429730239
"2,2,NA,2,2,NA,NA,1,1",2,0.004716091303527636,78.01594038860593
"2,2,NA,2,2,2,NA,1,NA",2,0.004716091303527636,78.02065647990946
"2,0,0,2,2,1,2,NA,2",2,0.004716091303527636,78.02537257121298
"2,NA,NA,0,0,2,0,NA,2",2,0.004716091303527636,78.0300886625165
"2,2,NA,NA,NA,NA,1,2,2",2,0.004716091303527636,78.03480475382003
"2,2,2,2,1,2,2,0,0",2,0.004716091303527636,78.03952084512356
"0,2,2,NA,0,2,2,2,2",2,0.004716091303527636,78.0442369364271
"1,1,NA,2,0,2,2,NA,NA",2,0.004716091303527636,78.04895302773062
"1,2,2,1,2,2,2,NA,NA",2,0.004716091303527636,78.05366911903414
"2,2,0,1,2,2,2,1,1",2,0.004716091303527636,78.05838521033768
"2,0,NA,0,0,0,NA,NA,NA",2,0.004716091303527636,78.0631013016412
"2,0,2,0,0,NA,0,NA,NA",2,0.004716091303527636,78.06781739294473
"2,0,2,NA,NA,NA,NA,NA,2",2,0.004716091303527636,78.07253348424825
"2,NA,NA,2,1,0,1,NA,1",2,0.004716091303527636,78.07724957555179
"NA,NA,NA,0,1,0,NA,NA,NA",2,0.004716091303527636,78.08196566685531
"2,2,1,0,0,2,2,2,0",2,0.004716091303527636,78.08668175815883
"2,2,2,2,1,0,1,2,1",2,0.004716091303527636,78.09139784946237
"2,2,2,NA,2,2,2,1,1",2,0.004716091303527636,78.09611394076589
"2,2,2,1,1,2,1,2,NA",2,0.004716091303527636,78.10083003206942
"0,2,NA,2,2,2,1,NA,NA",2,0.004716091303527636,78.10554612337295
"NA,NA,2,NA,NA,0,NA,1,NA",2,0.004716091303527636,78.11026221467647
"1,2,2,NA,NA,NA,1,NA,NA",2,0.004716091303527636,78.11497830598
"2,0,1,2,2,NA,1,NA,NA",2,0.004716091303527636,78.11969439728354
"2,2,0,1,2,NA,NA,2,NA",2,0.004716091303527636,78.12441048858706
"NA,NA,NA,2,1,NA,0,NA,1",2,0.004716091303527636,78.12912657989058
"2,2,2,1,1,2,NA,2,NA",2,0.004716091303527636,78.1338426711941
"NA,2,0,2,1,0,NA,NA,NA",2,0.004716091303527636,78.13855876249764
"NA,2,2,0,0,NA,NA,NA,NA",2,0.004716091303527636,78.14327485380117
"NA,NA,NA,0,2,2,1,NA,NA",2,0.004716091303527636,78.1479909451047
"NA,2,2,2,2,0,2,1,NA",2,0.004716091303527636,78.15270703640822
"1,2,2,2,2,0,2,2,1",2,0.004716091303527636,78.15742312771175
"0,2,0,2,2,2,2,2,1",2,0.004716091303527636,78.16213921901529
"NA,2,1,2,2,2,2,2,1",2,0.004716091303527636,78.16685531031881
"2,1,2,NA,NA,0,NA,2,NA",2,0.004716091303527636,78.17157140162233
"NA,NA,NA,0,0,NA,0,NA,0",2,0.004716091303527636,78.17628749292587
"2,2,2,2,0,NA,NA,2,1",2,0.004716091303527636,78.18100358422939
"2,2,NA,NA,NA,0,2,NA,2",2,0.004716091303527636,78.18571967553292
"NA,2,2,0,2,2,2,2,0",2,0.004716091303527636,78.19043576683644
"0,0,NA,NA,NA,NA,2,NA,NA",2,0.004716091303527636,78.19515185813998
"2,1,NA,2,2,2,0,NA,NA",2,0.004716091303527636,78.1998679494435
"0,2,NA,NA,2,2,2,NA,2",2,0.004716091303527636,78.20458404074702
"2,2,1,1,2,NA,2,NA,1",2,0.004716091303527636,78.20930013205056
"1,2,0,2,2,2,0,0,0",2,0.004716091303527636,78.2140162233541
"NA,2,NA,0,2,NA,NA,1,NA",2,0.004716091303527636,78.21873231465761
"2,2,1,NA,NA,NA,0,NA,NA",2,0.004716091303527636,78.22344840596114
"1,2,0,2,0,2,2,NA,0",2,0.004716091303527636,78.22816449726466
"NA,2,2,2,2,2,1,NA,1",2,0.004716091303527636,78.2328805885682
"2,2,NA,0,2,2,2,NA,0",2,0.004716091303527636,78.23759667987173
"NA,NA,2,1,2,2,2,2,2",2,0.004716091303527636,78.24231277117525
"1,2,NA,1,2,NA,2,0,NA",2,0.004716091303527636,78.24702886247877
"0,NA,2,2,1,2,2,NA,2",2,0.004716091303527636,78.2517449537823
"1,0,NA,2,2,2,1,NA,NA",2,0.004716091303527636,78.25646104508583
"2,NA,0,NA,NA,NA,NA,0,NA",2,0.004716091303527636,78.26117713638936
"NA,1,NA,0,2,NA,NA,NA,2",2,0.004716091303527636,78.26589322769289
"0,2,NA,2,2,2,2,0,2",2,0.004716091303527636,78.27060931899642
"2,2,1,NA,2,NA,NA,NA,NA",2,0.004716091303527636,78.27532541029994
"2,0,2,1,2,2,2,2,0",2,0.004716091303527636,78.28004150160346
"NA,2,2,2,2,1,0,NA,NA",2,0.004716091303527636,78.284757592907
"1,1,1,0,0,2,0,0,2",2,0.004716091303527636,78.28947368421053
"0,2,NA,2,NA,NA,NA,NA,NA",2,0.004716091303527636,78.29418977551406
"NA,1,NA,NA,NA,NA,1,NA,1",2,0.004716091303527636,78.29890586681758
"2,2,0,1,1,2,2,NA,1",2,0.004716091303527636,78.30362195812111
"NA,NA,0,2,2,2,NA,NA,NA",2,0.004716091303527636,78.30833804942465
"NA,2,NA,2,1,NA,1,2,2",2,0.004716091303527636,78.31305414072817
"NA,0,NA,2,1,NA,NA,NA,2",2,0.004716091303527636,78.31777023203169
"0,2,NA,1,1,NA,2,2,1",2,0.004716091303527636,78.32248632333521
"0,2,2,2,2,2,1,2,0",2,0.004716091303527636,78.32720241463875
"0,2,NA,2,2,1,0,NA,NA",2,0.004716091303527636,78.33191850594228
"1,1,1,NA,NA,NA,1,1,NA",2,0.004716091303527636,78.3366345972458
"NA,1,NA,2,2,2,0,0,NA",2,0.004716091303527636,78.34135068854933
"0,2,NA,2,2,0,1,NA,2",2,0.004716091303527636,78.34606677985286
"2,2,2,1,2,2,1,1,1",2,0.004716091303527636,78.35078287115638
"0,2,NA,2,1,2,2,NA,NA",2,0.004716091303527636,78.35549896245992
"2,2,2,2,0,2,1,NA,2",2,0.004716091303527636,78.36021505376344
"2,1,2,1,1,0,1,NA,2",2,0.004716091303527636,78.36493114506698
"NA,2,0,2,2,NA,2,NA,2",2,0.004716091303527636,78.3696472363705
"2,2,NA,2,2,1,0,NA,NA",2,0.004716091303527636,78.37436332767402
"2,1,NA,2,1,2,1,NA,2",2,0.004716091303527636,78.37907941897755
"NA,0,0,2,2,2,2,NA,NA",2,0.004716091303527636,78.38379551028108
"2,NA,NA,2,2,NA,2,0,2",2,0.004716091303527636,78.38851160158461
"NA,2,NA,2,1,NA,NA,NA,1",2,0.004716091303527636,78.39322769288813
"0,2,2,2,0,NA,NA,NA,NA",2,0.004716091303527636,78.39794378419165
"2,NA,NA,NA,NA,2,0,NA,NA",2,0.004716091303527636,78.40265987549519
"2,2,0,1,2,2,1,NA,2",2,0.004716091303527636,78.40737596679872
"2,0,2,2,2,2,1,2,0",2,0.004716091303527636,78.41209205810225
"2,1,2,2,2,2,0,1,NA",2,0.004716091303527636,78.41680814940577
"2,NA,1,NA,NA,2,2,NA,NA",2,0.004716091303527636,78.42152424070929
"NA,NA,NA,NA,1,NA,NA,NA,2",2,0.004716091303527636,78.42624033201282
"2,NA,NA,2,NA,0,NA,NA,NA",2,0.004716091303527636,78.43095642331636
"NA,2,NA,NA,NA,2,2,NA,1",2,0.004716091303527636,78.43567251461988
"2,NA,NA,0,1,0,NA,NA,NA",2,0.004716091303527636,78.4403886059234
"0,0,NA,2,1,NA,0,NA,NA",2,0.004716091303527636,78.44510469722694
"NA,NA,NA,1,0,1,NA,NA,NA",2,0.004716091303527636,78.44982078853047
"NA,NA,NA,NA,1,NA,2,2,NA",2,0.004716091303527636,78.454536879834
"NA,NA,2,0,2,1,NA,NA,NA",2,0.004716091303527636,78.45925297113752
"2,1,1,2,2,2,2,NA,1",2,0.004716091303527636,78.46396906244105
"2,2,0,0,0,0,2,2,2",2,0.004716091303527636,78.46868515374457
"NA,2,2,2,2,2,0,1,NA",2,0.004716091303527636,78.47340124504811
"NA,2,2,NA,0,2,2,2,NA",2,0.004716091303527636,78.47811733635163
"2,2,0,2,2,0,2,2,0",2,0.004716091303527636,78.48283342765517
"NA,2,NA,NA,1,NA,1,NA,1",2,0.004716091303527636,78.48754951895869
"2,2,1,2,0,2,0,2,2",2,0.004716091303527636,78.49226561026221
"NA,2,NA,2,0,2,2,NA,0",2,0.004716091303527636,78.49698170156574
"1,1,NA,0,2,NA,2,2,1",2,0.004716091303527636,78.50169779286928
"2,2,NA,1,2,NA,0,NA,NA",2,0.004716091303527636,78.5064138841728
"2,1,NA,0,0,2,2,NA,0",2,0.004716091303527636,78.51112997547632
"1,NA,0,2,2,2,2,2,2",2,0.004716091303527636,78.51584606677984
"2,1,0,0,0,NA,0,0,NA",2,0.004716091303527636,78.52056215808338
"2,2,1,2,NA,NA,1,2,1",2,0.004716091303527636,78.52527824938691
"1,2,2,1,1,2,2,1,2",2,0.004716091303527636,78.52999434069044
"0,2,NA,2,1,2,2,2,2",2,0.004716091303527636,78.53471043199396
"2,NA,NA,0,2,NA,NA,2,NA",2,0.004716091303527636,78.5394265232975
"1,2,NA,2,2,2,1,NA,1",2,0.004716091303527636,78.54414261460101
"2,0,0,2,2,2,0,2,2",2,0.004716091303527636,78.54885870590455
"1,NA,NA,1,2,NA,2,NA,NA",2,0.004716091303527636,78.55357479720807
"NA,NA,NA,NA,1,2,0,NA,NA",2,0.004716091303527636,78.5582908885116
"2,2,1,2,1,NA,2,2,NA",2,0.004716091303527636,78.56300697981513
"2,0,NA,2,2,NA,NA,2,NA",2,0.004716091303527636,78.56772307111865
"2,2,2,0,2,2,0,0,NA",2,0.004716091303527636,78.57243916242219
"1,2,1,2,2,NA,2,2,1",2,0.004716091303527636,78.57715525372572
"0,NA,2,2,2,NA,NA,NA,NA",2,0.004716091303527636,78.58187134502924
"0,NA,NA,2,2,1,1,NA,2",2,0.004716091303527636,78.58658743633276
"2,2,2,0,0,2,2,NA,NA",2,0.004716091303527636,78.59130352763628
"NA,NA,NA,0,0,NA,2,0,NA",2,0.004716091303527636,78.59601961893983
"2,2,0,2,0,0,2,2,2",2,0.004716091303527636,78.60073571024336
"2,0,2,1,2,2,2,NA,2",2,0.004716091303527636,78.60545180154688
"2,2,1,1,2,2,NA,1,NA",2,0.004716091303527636,78.6101678928504
"2,2,2,2,2,NA,NA,NA,1",2,0.004716091303527636,78.61488398415393
"1,1,NA,2,2,2,2,0,2",2,0.004716091303527636,78.61960007545747
"NA,NA,NA,0,2,NA,NA,2,NA",2,0.004716091303527636,78.62431616676099
"0,0,NA,2,2,NA,2,NA,0",2,0.004716091303527636,78.62903225806451
"0,2,2,2,2,0,1,2,2",2,0.004716091303527636,78.63374834936805
"2,NA,NA,NA,NA,NA,0,NA,0",2,0.004716091303527636,78.63846444067157
"1,2,2,2,2,2,0,1,2",2,0.004716091303527636,78.6431805319751
"0,2,2,2,2,1,2,NA,2",2,0.004716091303527636,78.64789662327863
"NA,1,NA,2,2,NA,NA,0,NA",2,0.004716091303527636,78.65261271458216
"2,NA,NA,0,NA,NA,NA,2,1",2,0.004716091303527636,78.65732880588568
"NA,NA,2,NA,NA,NA,2,2,1",2,0.004716091303527636,78.6620448971892
"1,2,2,2,0,NA,2,0,2",2,0.004716091303527636,78.66676098849274
"2,NA,NA,0,2,2,0,NA,2",2,0.004716091303527636,78.67147707979628
"NA,NA,NA,2,0,2,0,NA,1",2,0.004716091303527636,78.6761931710998
"0,0,2,2,2,2,0,NA,2",2,0.004716091303527636,78.68090926240332
"2,0,NA,1,1,2,2,NA,1",2,0.004716091303527636,78.68562535370684
"NA,0,NA,2,2,2,2,2,2",2,0.004716091303527636,78.69034144501038
"2,NA,1,2,1,2,2,2,1",2,0.004716091303527636,78.69505753631391
"0,NA,NA,2,2,NA,2,NA,1",2,0.004716091303527636,78.69977362761743
"2,2,0,NA,NA,2,2,0,NA",2,0.004716091303527636,78.70448971892095
"0,NA,NA,NA,NA,0,2,NA,2",2,0.004716091303527636,78.70920581022447
"NA,NA,1,0,0,2,NA,NA,NA",2,0.004716091303527636,78.71392190152801
"NA,NA,NA,NA,NA,NA,1,1,NA",2,0.004716091303527636,78.71863799283155
"1,2,1,2,0,2,2,NA,NA",2,0.004716091303527636,78.72335408413507
"2,2,NA,2,2,2,0,0,2",2,0.004716091303527636,78.72807017543859
"0,NA,1,NA,NA,NA,NA,1,NA",2,0.004716091303527636,78.73278626674212
"2,2,2,1,NA,2,2,2,2",2,0.004716091303527636,78.73750235804565
"2,1,2,2,2,NA,NA,NA,2",2,0.004716091303527636,78.74221844934918
"0,0,NA,NA,NA,NA,2,NA,2",2,0.004716091303527636,78.7469345406527
"2,NA,NA,2,0,NA,2,NA,2",2,0.004716091303527636,78.75165063195624
"2,2,2,0,NA,NA,0,2,2",2,0.004716091303527636,78.75636672325976
"NA,0,NA,0,2,1,NA,NA,NA",2,0.004716091303527636,78.76108281456328
"NA,NA,NA,NA,0,NA,NA,0,NA",2,0.004716091303527636,78.76579890586682
"2,2,0,2,1,NA,2,NA,2",2,0.004716091303527636,78.77051499717035
"0,2,2,2,2,NA,0,2,NA",2,0.004716091303527636,78.77523108847387
"1,2,0,0,0,2,2,0,0",2,0.004716091303527636,78.7799471797774
"2,2,2,2,2,NA,1,2,0",2,0.004716091303527636,78.78466327108093
"0,1,2,2,2,2,2,0,0",2,0.004716091303527636,78.78937936238447
"0,0,2,2,2,0,2,NA,2",2,0.004716091303527636,78.79409545368799
"NA,NA,0,2,NA,NA,2,NA,NA",2,0.004716091303527636,78.79881154499151
"2,NA,1,2,2,2,NA,NA,NA",2,0.004716091303527636,78.80352763629503
"2,2,1,2,1,0,2,1,1",2,0.004716091303527636,78.80824372759857
"NA,2,NA,2,0,NA,2,NA,NA",2,0.004716091303527636,78.8129598189021
"2,NA,NA,2,1,2,1,NA,1",2,0.004716091303527636,78.81767591020562
"0,NA,2,2,2,2,0,NA,NA",2,0.004716091303527636,78.82239200150914
"2,2,NA,1,0,NA,NA,NA,NA",2,0.004716091303527636,78.82710809281268
"2,2,NA,1,1,NA,2,0,1",2,0.004716091303527636,78.8318241841162
"2,2,0,2,2,1,0,2,0",2,0.004716091303527636,78.83654027541974
"1,1,NA,2,0,NA,2,2,2",2,0.004716091303527636,78.84125636672326
"0,0,NA,2,2,2,1,NA,2",2,0.004716091303527636,78.8459724580268
"1,2,1,2,2,0,2,NA,NA",2,0.004716091303527636,78.85068854933031
"NA,2,0,2,2,NA,2,0,NA",2,0.004716091303527636,78.85540464063384
"0,2,2,0,2,NA,2,2,2",2,0.004716091303527636,78.86012073193737
"2,2,NA,0,2,NA,1,NA,2",2,0.004716091303527636,78.8648368232409
"NA,2,2,NA,1,NA,2,2,NA",2,0.004716091303527636,78.86955291454443
"1,2,NA,2,0,2,2,NA,0",2,0.004716091303527636,78.87426900584795
"NA,0,NA,2,2,2,0,NA,0",2,0.004716091303527636,78.87898509715147
"NA,0,NA,NA,NA,1,1,NA,1",2,0.004716091303527636,78.883701188455
"NA,2,2,2,0,2,NA,0,NA",2,0.004716091303527636,78.88841727975854
"2,NA,2,NA,NA,NA,NA,2,1",2,0.004716091303527636,78.89313337106206
"NA,0,2,0,0,2,NA,NA,NA",2,0.004716091303527636,78.89784946236558
"2,0,1,NA,NA,NA,0,2,NA",2,0.004716091303527636,78.90256555366912
"NA,0,2,NA,NA,NA,NA,0,NA",2,0.004716091303527636,78.90728164497264
"2,NA,2,2,2,0,NA,1,NA",2,0.004716091303527636,78.91199773627618
"NA,2,2,0,0,NA,2,NA,NA",2,0.004716091303527636,78.9167138275797
"2,0,2,NA,NA,NA,0,2,NA",2,0.004716091303527636,78.92142991888323
"2,1,NA,1,1,1,1,NA,1",2,0.004716091303527636,78.92614601018676
"NA,2,NA,1,2,1,NA,NA,2",2,0.004716091303527636,78.93086210149029
"2,2,2,2,0,1,2,NA,NA",2,0.004716091303527636,78.93557819279381
"0,2,2,1,2,2,2,2,1",2,0.004716091303527636,78.94029428409735
"2,NA,NA,1,2,1,NA,NA,NA",2,0.004716091303527636,78.94501037540087
"0,2,1,2,1,2,2,2,2",2,0.004716091303527636,78.94972646670439
"2,2,NA,1,2,2,0,NA,NA",2,0.004716091303527636,78.95444255800793
"2,2,1,1,1,2,2,0,2",2,0.004716091303527636,78.95915864931146
"NA,2,2,NA,2,2,2,2,1",2,0.004716091303527636,78.96387474061498
"2,0,NA,NA,NA,NA,NA,0,NA",2,0.004716091303527636,78.9685908319185
"2,2,1,0,0,2,2,2,2",2,0.004716091303527636,78.97330692322203
"2,2,NA,NA,NA,NA,0,2,NA",2,0.004716091303527636,78.97802301452556
"1,1,2,2,2,2,2,0,NA",2,0.004716091303527636,78.9827391058291
"0,2,NA,2,2,NA,1,2,NA",2,0.004716091303527636,78.98745519713262
"2,1,2,1,2,2,1,NA,NA",2,0.004716091303527636,78.99217128843614
"2,NA,1,NA,1,NA,NA,2,NA",2,0.004716091303527636,78.99688737973966
"0,2,NA,NA,NA,NA,NA,1,NA",2,0.004716091303527636,79.0016034710432
"2,2,1,2,0,2,2,NA,2",2,0.004716091303527636,79.00631956234673
"2,0,2,2,2,1,2,0,2",2,0.004716091303527636,79.01103565365025
"1,NA,0,2,2,2,2,NA,NA",2,0.004716091303527636,79.01575174495377
"NA,NA,NA,0,2,2,0,NA,0",2,0.004716091303527636,79.02046783625731
"2,2,2,2,NA,2,2,2,0",2,0.004716091303527636,79.02518392756083
"2,1,NA,2,0,NA,2,NA,NA",2,0.004716091303527636,79.02990001886437
"2,0,2,0,NA,0,1,2,2",2,0.004716091303527636,79.03461611016789
"1,0,0,2,2,2,2,0,1",2,0.004716091303527636,79.03933220147142
"2,0,2,NA,NA,NA,2,NA,NA",2,0.004716091303527636,79.04404829277495
"NA,2,1,2,2,NA,0,NA,NA",2,0.004716091303527636,79.04876438407847
"0,2,2,1,1,2,1,2,1",2,0.004716091303527636,79.053480475382
"1,NA,NA,2,2,1,1,NA,NA",2,0.004716091303527636,79.05819656668554
"NA,2,NA,1,2,2,0,NA,NA",2,0.004716091303527636,79.06291265798906
"NA,NA,NA,0,NA,1,2,NA,2",2,0.004716091303527636,79.06762874929258
"2,2,NA,2,2,2,2,1,NA",2,0.004716091303527636,79.07234484059612
"NA,2,2,2,0,NA,NA,NA,NA",2,0.004716091303527636,79.07706093189965
"0,0,2,NA,NA,2,2,2,2",2,0.004716091303527636,79.08177702320317
"NA,NA,2,0,NA,0,NA,2,NA",2,0.004716091303527636,79.0864931145067
"2,0,NA,2,2,0,2,NA,1",2,0.004716091303527636,79.09120920581022
"NA,NA,NA,NA,NA,0,NA,1,NA",2,0.004716091303527636,79.09592529711375
"2,2,1,2,2,2,2,1,0",2,0.004716091303527636,79.10064138841729
"2,0,NA,1,1,NA,NA,NA,1",2,0.004716091303527636,79.10535747972081
"NA,NA,NA,1,2,NA,NA,NA,1",2,0.004716091303527636,79.11007357102433
"0,NA,NA,2,2,NA,0,NA,2",2,0.004716091303527636,79.11478966232787
"0,NA,NA,2,2,NA,NA,NA,0",2,0.004716091303527636,79.11950575363139
"0,0,2,2,2,2,1,2,2",2,0.004716091303527636,79.12422184493492
"2,NA,NA,NA,2,0,2,NA,2",2,0.004716091303527636,79.12893793623844
"1,1,2,2,2,1,2,2,1",2,0.004716091303527636,79.13365402754198
"2,NA,NA,NA,NA,0,NA,0,NA",2,0.004716091303527636,79.1383701188455
"1,1,1,2,2,1,2,2,2",2,0.004716091303527636,79.14308621014902
"2,2,NA,2,0,NA,0,0,1",2,0.004716091303527636,79.14780230145256
"NA,2,NA,0,0,NA,2,0,NA",2,0.004716091303527636,79.1525183927561
"1,2,2,2,1,0,2,2,1",2,0.004716091303527636,79.15723448405961
"2,2,1,1,2,1,2,1,2",2,0.004716091303527636,79.16195057536314
"1,NA,NA,2,1,2,NA,NA,NA",2,0.004716091303527636,79.16666666666666
"NA,NA,NA,2,2,2,0,2,NA",2,0.004716091303527636,79.17138275797019
"NA,NA,1,2,1,2,2,2,2",2,0.004716091303527636,79.17609884927373
"2,2,NA,1,2,2,NA,NA,1",2,0.004716091303527636,79.18081494057725
"1,2,1,2,0,2,2,2,2",2,0.004716091303527636,79.18553103188077
"2,2,1,1,2,1,1,2,1",2,0.004716091303527636,79.1902471231843
"2,0,NA,2,2,NA,0,NA,0",2,0.004716091303527636,79.19496321448783
"0,0,NA,2,2,NA,1,2,2",2,0.004716091303527636,79.19967930579136
"2,NA,2,2,2,0,NA,2,0",2,0.004716091303527636,79.20439539709488
"1,2,2,2,0,1,2,2,NA",2,0.004716091303527636,79.20911148839842
"0,2,NA,2,2,1,1,NA,NA",2,0.004716091303527636,79.21382757970194
"1,1,NA,2,1,NA,NA,NA,NA",2,0.004716091303527636,79.21854367100548
"NA,NA,2,NA,NA,2,0,NA,NA",2,0.004716091303527636,79.223259762309
"2,2,1,2,2,1,2,2,1",2,0.004716091303527636,79.22797585361253
"NA,2,NA,NA,2,1,NA,NA,NA",2,0.004716091303527636,79.23269194491606
"2,2,NA,2,1,2,2,0,2",2,0.004716091303527636,79.23740803621958
"0,NA,NA,2,2,NA,2,NA,0",2,0.004716091303527636,79.24212412752311
"2,2,2,NA,1,2,1,NA,1",2,0.004716091303527636,79.24684021882665
"2,2,NA,2,NA,2,1,NA,1",2,0.004716091303527636,79.25155631013017
"1,0,2,2,2,2,1,2,NA",2,0.004716091303527636,79.25627240143369
"2,0,2,NA,NA,0,2,2,NA",2,0.004716091303527636,79.26098849273721
"2,1,NA,1,2,0,2,NA,2",2,0.004716091303527636,79.26570458404075
"2,2,2,1,1,0,2,NA,1",2,0.004716091303527636,79.27042067534428
"2,1,NA,1,2,NA,2,NA,2",2,0.004716091303527636,79.2751367666478
"2,NA,NA,2,2,NA,2,NA,1",2,0.004716091303527636,79.27985285795133
"NA,0,NA,2,2,2,NA,NA,1",2,0.004716091303527636,79.28456894925485
"NA,2,2,NA,NA,0,2,2,2",2,0.004716091303527636,79.28928504055838
"1,0,0,2,2,2,2,NA,2",2,0.004716091303527636,79.29400113186192
"NA,2,NA,1,1,2,1,NA,1",2,0.004716091303527636,79.29871722316544
"2,0,2,0,2,0,2,2,2",2,0.004716091303527636,79.30343331446896
"NA,0,2,2,2,2,NA,NA,NA",2,0.004716091303527636,79.3081494057725
"2,0,0,2,2,2,0,0,2",2,0.004716091303527636,79.31286549707602
"2,2,NA,1,1,2,NA,NA,2",2,0.004716091303527636,79.31758158837955
"2,0,NA,NA,2,NA,1,NA,NA",2,0.004716091303527636,79.32229767968307
"2,2,1,1,2,2,2,2,0",2,0.004716091303527636,79.32701377098661
"2,2,NA,1,1,0,2,NA,2",2,0.004716091303527636,79.33172986229013
"2,2,NA,0,0,2,2,0,2",2,0.004716091303527636,79.33644595359365
"NA,NA,NA,1,NA,2,2,NA,0",2,0.004716091303527636,79.34116204489719
"2,2,NA,2,2,0,NA,NA,0",2,0.004716091303527636,79.34587813620072
"1,2,NA,2,2,NA,2,2,0",2,0.004716091303527636,79.35059422750425
"2,0,NA,1,2,2,1,NA,NA",2,0.004716091303527636,79.35531031880777
"1,NA,NA,2,2,1,NA,2,NA",2,0.004716091303527636,79.36002641011129
"0,2,2,2,2,NA,2,NA,1",2,0.004716091303527636,79.36474250141484
"0,2,0,2,0,2,2,2,2",2,0.004716091303527636,79.36945859271836
"2,NA,NA,2,1,2,1,NA,2",2,0.004716091303527636,79.37417468402188
"1,NA,NA,NA,NA,NA,2,NA,1",2,0.004716091303527636,79.3788907753254
"0,2,2,NA,0,NA,NA,2,NA",2,0.004716091303527636,79.38360686662894
"2,2,1,2,NA,2,2,NA,1",2,0.004716091303527636,79.38832295793247
"2,2,0,2,1,2,2,2,1",2,0.004716091303527636,79.393039049236
"1,1,NA,2,0,NA,NA,NA,2",2,0.004716091303527636,79.39775514053952
"2,0,NA,1,1,0,NA,NA,NA",2,0.004716091303527636,79.40247123184305
"NA,2,NA,NA,NA,NA,0,NA,2",2,0.004716091303527636,79.40718732314657
"0,0,2,2,2,1,2,2,2",2,0.004716091303527636,79.41190341445011
"NA,1,1,NA,NA,NA,0,2,NA",2,0.004716091303527636,79.41661950575363
"2,2,1,2,2,0,2,NA,NA",2,0.004716091303527636,79.42133559705717
"2,NA,NA,NA,NA,NA,0,NA,1",2,0.004716091303527636,79.42605168836069
"NA,0,NA,0,2,NA,NA,NA,2",2,0.004716091303527636,79.43076777966421
"1,NA,2,NA,NA,NA,NA,2,NA",2,0.004716091303527636,79.43548387096774
"2,2,1,1,2,NA,2,NA,2",2,0.004716091303527636,79.44019996227128
"1,2,0,2,2,2,0,2,NA",2,0.004716091303527636,79.4449160535748
"2,2,2,2,2,0,0,2,1",2,0.004716091303527636,79.44963214487832
"NA,NA,NA,1,NA,NA,2,NA,2",2,0.004716091303527636,79.45434823618184
"NA,0,NA,NA,2,NA,2,NA,1",2,0.004716091303527636,79.45906432748538
"NA,NA,NA,2,0,1,NA,NA,0",2,0.004716091303527636,79.46378041878891
"2,2,2,0,0,NA,2,2,NA",2,0.004716091303527636,79.46849651009244
"0,0,NA,NA,2,0,NA,NA,NA",2,0.004716091303527636,79.47321260139596
"2,2,2,2,1,0,2,1,1",2,0.004716091303527636,79.47792869269949
"NA,NA,NA,0,0,2,NA,NA,1",2,0.004716091303527636,79.48264478400301
"2,NA,NA,NA,2,NA,0,2,NA",2,0.004716091303527636,79.48736087530655
"NA,1,NA,1,2,1,NA,NA,NA",2,0.004716091303527636,79.49207696661007
"1,1,2,NA,NA,2,2,2,NA",2,0.004716091303527636,79.4967930579136
"0,2,NA,0,2,NA,NA,NA,NA",2,0.004716091303527636,79.50150914921713
"NA,0,NA,2,NA,2,NA,NA,NA",2,0.004716091303527636,79.50622524052065
"2,1,NA,1,1,NA,2,2,2",2,0.004716091303527636,79.51094133182418
"2,NA,NA,2,1,NA,NA,0,NA",2,0.004716091303527636,79.51565742312772
"2,2,NA,1,1,2,NA,NA,1",2,0.004716091303527636,79.52037351443124
"2,2,1,1,1,NA,2,2,1",2,0.004716091303527636,79.52508960573476
"1,2,2,NA,NA,2,NA,2,NA",2,0.004716091303527636,79.52980569703828
"2,2,NA,1,2,2,NA,NA,2",2,0.004716091303527636,79.53452178834183
"1,2,NA,0,0,0,0,NA,2",2,0.004716091303527636,79.53923787964536
"NA,NA,NA,NA,0,NA,0,NA,2",2,0.004716091303527636,79.54395397094888
"1,1,2,2,2,1,2,0,2",2,0.004716091303527636,79.5486700622524
"2,0,NA,NA,NA,2,NA,NA,NA",2,0.004716091303527636,79.55338615355593
"0,1,NA,2,2,NA,0,0,NA",2,0.004716091303527636,79.55810224485947
"2,2,2,0,2,0,2,2,NA",2,0.004716091303527636,79.56281833616299
"NA,2,NA,2,0,2,1,NA,NA",2,0.004716091303527636,79.56753442746651
"NA,NA,NA,0,2,2,1,NA,2",2,0.004716091303527636,79.57225051877003
"2,NA,NA,1,2,2,1,NA,2",2,0.004716091303527636,79.57696661007357
"2,2,NA,1,1,NA,2,1,1",2,0.004716091303527636,79.5816827013771
"2,1,NA,2,1,2,2,NA,NA",2,0.004716091303527636,79.58639879268063
"2,2,2,2,2,0,0,2,0",2,0.004716091303527636,79.59111488398415
"0,2,NA,2,1,NA,2,NA,NA",2,0.004716091303527636,79.59583097528768
"NA,2,1,NA,NA,NA,2,NA,NA",2,0.004716091303527636,79.6005470665912
"NA,0,NA,2,0,NA,NA,NA,0",2,0.004716091303527636,79.60526315789474
"0,2,NA,1,1,2,1,NA,2",2,0.004716091303527636,79.60997924919826
"2,2,NA,2,2,1,2,1,2",2,0.004716091303527636,79.6146953405018
"2,NA,NA,NA,2,1,2,NA,NA",2,0.004716091303527636,79.61941143180532
"NA,NA,0,NA,NA,NA,0,NA,NA",2,0.004716091303527636,79.62412752310884
"1,1,2,2,0,1,2,0,2",2,0.004716091303527636,79.62884361441238
"0,2,0,2,2,2,1,2,2",2,0.004716091303527636,79.63355970571591
"2,0,NA,0,2,2,2,NA,2",2,0.004716091303527636,79.63827579701943
"0,2,NA,1,2,2,2,NA,NA",2,0.004716091303527636,79.64299188832295
"1,NA,NA,NA,NA,2,NA,NA,2",2,0.004716091303527636,79.64770797962647
"1,NA,2,NA,NA,NA,0,NA,NA",2,0.004716091303527636,79.65242407093001
"2,2,NA,2,1,0,1,NA,NA",2,0.004716091303527636,79.65714016223355
"2,2,2,2,1,0,2,NA,NA",2,0.004716091303527636,79.66185625353707
"2,2,NA,2,1,1,2,NA,0",2,0.004716091303527636,79.66657234484059
"2,0,NA,NA,NA,2,0,NA,2",2,0.004716091303527636,79.67128843614412
"NA,NA,NA,NA,0,NA,1,NA,NA",2,0.004716091303527636,79.67600452744765
"1,NA,NA,1,1,2,2,NA,2",2,0.004716091303527636,79.68072061875118
"2,1,NA,NA,NA,NA,NA,NA,0",2,0.004716091303527636,79.6854367100547
"NA,0,2,0,2,NA,2,2,NA",2,0.004716091303527636,79.69015280135824
"2,2,NA,0,2,NA,0,0,NA",2,0.004716091303527636,79.69486889266176
"2,2,NA,2,0,NA,2,0,NA",2,0.004716091303527636,79.6995849839653
"0,1,2,2,2,2,2,NA,2",2,0.004716091303527636,79.70430107526882
"1,2,0,NA,NA,NA,NA,2,NA",2,0.004716091303527636,79.70901716657235
"1,2,2,2,0,1,2,NA,2",2,0.004716091303527636,79.71373325787587
"2,1,NA,2,2,NA,0,0,2",2,0.004716091303527636,79.7184493491794
"NA,0,2,2,2,1,2,NA,2",2,0.004716091303527636,79.72316544048293
"2,2,NA,1,1,0,NA,NA,NA",2,0.004716091303527636,79.72788153178647
"0,NA,NA,1,1,1,1,NA,0",2,0.004716091303527636,79.73259762308999
"2,NA,2,NA,NA,NA,1,1,NA",2,0.004716091303527636,79.73731371439351
"NA,2,2,2,2,2,NA,0,NA",2,0.004716091303527636,79.74202980569703
"0,2,2,2,1,2,2,1,2",2,0.004716091303527636,79.74674589700057
"2,2,NA,NA,1,NA,2,2,NA",2,0.004716091303527636,79.7514619883041
"2,2,2,2,2,NA,0,2,1",2,0.004716091303527636,79.75617807960762
"NA,2,2,1,2,NA,NA,NA,NA",2,0.004716091303527636,79.76089417091114
"NA,NA,NA,1,0,2,2,NA,2",2,0.004716091303527636,79.76561026221468
"NA,NA,0,2,2,0,0,NA,NA",2,0.004716091303527636,79.7703263535182
"NA,0,NA,2,0,NA,0,NA,NA",2,0.004716091303527636,79.77504244482174
"NA,NA,NA,1,2,0,NA,NA,0",2,0.004716091303527636,79.77975853612526
"NA,1,2,0,0,2,NA,NA,NA",2,0.004716091303527636,79.78447462742879
"2,2,1,2,1,0,NA,2,NA",2,0.004716091303527636,79.78919071873231
"0,0,2,2,2,0,2,2,NA",2,0.004716091303527636,79.79390681003584
"2,1,2,0,0,NA,NA,NA,NA",2,0.004716091303527636,79.79862290133937
"1,1,2,2,2,NA,2,NA,NA",2,0.004716091303527636,79.8033389926429
"2,1,NA,2,2,NA,2,0,1",2,0.004716091303527636,79.80805508394643
"2,2,0,0,2,2,0,0,2",2,0.004716091303527636,79.81277117524995
"1,0,2,2,2,2,2,NA,NA",2,0.004716091303527636,79.81748726655347
"1,0,2,2,2,2,NA,2,NA",2,0.004716091303527636,79.822203357857
"0,2,NA,2,2,NA,0,0,NA",2,0.004716091303527636,79.82691944916054
"NA,2,NA,2,1,NA,1,NA,2",2,0.004716091303527636,79.83163554046406
"2,NA,NA,2,1,NA,NA,NA,2",2,0.004716091303527636,79.83635163176758
"2,0,1,1,1,1,1,1,2",2,0.004716091303527636,79.84106772307112
"1,2,NA,1,2,2,NA,NA,NA",2,0.004716091303527636,79.84578381437466
"2,2,NA,NA,1,NA,2,NA,2",2,0.004716091303527636,79.85049990567818
"2,2,2,1,2,1,2,2,NA",2,0.004716091303527636,79.8552159969817
"2,2,NA,0,1,NA,NA,NA,NA",2,0.004716091303527636,79.85993208828522
"0,NA,NA,0,2,1,NA,NA,NA",2,0.004716091303527636,79.86464817958876
"NA,1,NA,2,2,NA,NA,2,NA",2,0.004716091303527636,79.86936427089229
"2,NA,NA,2,2,0,NA,0,0",2,0.004716091303527636,79.87408036219581
"NA,NA,NA,2,0,0,2,NA,2",2,0.004716091303527636,79.87879645349933
"1,2,2,2,2,2,0,0,2",2,0.004716091303527636,79.88351254480287
"NA,0,2,NA,NA,NA,0,2,NA",2,0.004716091303527636,79.88822863610639
"NA,2,2,NA,NA,NA,2,1,1",2,0.004716091303527636,79.89294472740993
"0,0,0,NA,NA,2,2,2,NA",2,0.004716091303527636,79.89766081871345
"2,1,2,2,0,2,2,NA,NA",2,0.004716091303527636,79.90237691001698
"NA,NA,2,NA,NA,1,NA,NA,NA",2,0.004716091303527636,79.9070930013205
"0,0,2,2,2,NA,2,0,2",2,0.004716091303527636,79.91180909262403
"0,NA,NA,NA,NA,0,2,NA,NA",2,0.004716091303527636,79.91652518392756
"2,2,NA,1,NA,2,NA,NA,NA",2,0.004716091303527636,79.9212412752311
"0,NA,NA,2,0,NA,NA,NA,2",2,0.004716091303527636,79.92595736653462
"2,1,0,0,2,2,2,2,2",2,0.004716091303527636,79.93067345783814
"NA,NA,2,NA,2,NA,NA,1,NA",2,0.004716091303527636,79.93538954914166
"2,2,NA,1,2,2,0,NA,2",2,0.004716091303527636,79.9401056404452
"0,2,NA,1,2,NA,2,2,2",2,0.004716091303527636,79.94482173174873
"1,2,NA,0,2,NA,2,2,2",2,0.004716091303527636,79.94953782305225
"2,1,2,2,1,NA,2,2,1",2,0.004716091303527636,79.95425391435577
"NA,1,2,2,2,NA,2,2,2",2,0.004716091303527636,79.95897000565931
"0,2,NA,NA,NA,2,NA,NA,2",2,0.004716091303527636,79.96368609696283
"2,1,2,2,0,2,2,NA,2",2,0.004716091303527636,79.96840218826637
"NA,0,2,1,2,1,NA,NA,NA",2,0.004716091303527636,79.97311827956989
"2,NA,0,NA,NA,0,1,NA,NA",2,0.004716091303527636,79.97783437087342
"0,NA,NA,2,2,2,2,0,2",2,0.004716091303527636,79.98255046217695
"2,2,1,1,2,1,2,NA,2",2,0.004716091303527636,79.98726655348048
"2,2,0,2,2,1,2,0,2",2,0.004716091303527636,79.991982644784
"NA,NA,NA,NA,NA,0,1,2,NA",2,0.004716091303527636,79.99669873608754
"2,NA,2,2,2,0,NA,NA,NA",2,0.004716091303527636,80.00141482739106
"0,2,NA,0,0,NA,2,NA,NA",2,0.004716091303527636,80.00613091869458
"NA,NA,NA,NA,NA,2,NA,1,2",2,0.004716091303527636,80.01084700999812
"1,2,NA,0,0,NA,0,0,NA",2,0.004716091303527636,80.01556310130165
"2,2,1,NA,1,NA,2,2,1",2,0.004716091303527636,80.02027919260517
"NA,0,NA,2,2,2,0,NA,2",2,0.004716091303527636,80.0249952839087
"2,NA,2,NA,NA,NA,NA,1,2",2,0.004716091303527636,80.02971137521222
"0,NA,NA,2,0,0,0,NA,NA",2,0.004716091303527636,80.03442746651575
"2,0,1,2,2,0,2,2,1",2,0.004716091303527636,80.03914355781929
"2,NA,2,0,0,2,0,NA,NA",2,0.004716091303527636,80.04385964912281
"0,NA,NA,2,2,0,NA,NA,2",2,0.004716091303527636,80.04857574042633
"2,2,1,1,2,1,1,1,2",2,0.004716091303527636,80.05329183172987
"2,0,NA,2,2,NA,2,2,1",2,0.004716091303527636,80.05800792303339
"1,2,2,2,0,1,2,0,2",2,0.004716091303527636,80.06272401433692
"2,2,0,NA,NA,NA,NA,0,NA",2,0.004716091303527636,80.06744010564044
"2,NA,NA,2,2,0,2,2,1",2,0.004716091303527636,80.07215619694398
"NA,2,2,NA,NA,NA,0,NA,NA",2,0.004716091303527636,80.0768722882475
"1,2,0,2,0,2,2,0,0",2,0.004716091303527636,80.08158837955102
"2,2,2,1,0,0,2,2,NA",2,0.004716091303527636,80.08630447085456
"1,1,NA,2,0,2,2,NA,2",2,0.004716091303527636,80.09102056215809
"NA,NA,NA,NA,1,2,1,NA,NA",2,0.004716091303527636,80.09573665346161
"2,NA,2,2,1,2,1,NA,NA",2,0.004716091303527636,80.10045274476514
"2,0,0,NA,NA,NA,NA,2,NA",2,0.004716091303527636,80.10516883606866
"2,NA,NA,NA,NA,0,2,2,2",2,0.004716091303527636,80.10988492737219
"NA,NA,0,0,NA,2,NA,NA,NA",2,0.004716091303527636,80.11460101867573
"2,1,2,0,0,2,0,2,NA",2,0.004716091303527636,80.11931710997925
"1,2,NA,0,NA,1,NA,NA,NA",2,0.004716091303527636,80.12403320128277
"0,0,NA,2,2,2,2,2,2",2,0.004716091303527636,80.1287492925863
"1,2,1,2,2,2,2,NA,0",2,0.004716091303527636,80.13346538388984
"0,2,2,2,2,1,2,1,2",2,0.004716091303527636,80.13818147519336
"2,NA,NA,2,1,2,2,NA,1",2,0.004716091303527636,80.14289756649688
"1,NA,2,NA,NA,NA,NA,2,2",2,0.004716091303527636,80.1476136578004
"NA,1,NA,0,0,2,0,NA,NA",2,0.004716091303527636,80.15232974910394
"NA,NA,NA,2,0,2,0,0,NA",2,0.004716091303527636,80.15704584040748
"2,NA,0,0,0,2,NA,NA,NA",2,0.004716091303527636,80.161761931711
"2,NA,NA,1,2,1,2,NA,2",2,0.004716091303527636,80.16647802301452
"2,0,NA,NA,2,NA,2,NA,NA",2,0.004716091303527636,80.17119411431806
"NA,2,NA,2,2,NA,2,2,0",2,0.004716091303527636,80.17591020562158
"2,NA,NA,2,0,NA,0,NA,NA",2,0.004716091303527636,80.18062629692511
"2,1,NA,2,2,2,1,NA,1",2,0.004716091303527636,80.18534238822863
"2,1,1,2,2,NA,1,NA,2",2,0.004716091303527636,80.19005847953217
"NA,1,NA,NA,NA,NA,2,NA,NA",2,0.004716091303527636,80.19477457083569
"2,2,NA,NA,NA,1,0,NA,NA",2,0.004716091303527636,80.19949066213921
"2,2,NA,2,2,NA,0,1,2",2,0.004716091303527636,80.20420675344275
"NA,2,2,2,2,2,2,NA,0",2,0.004716091303527636,80.20892284474628
"NA,NA,NA,NA,NA,NA,0,2,1",2,0.004716091303527636,80.2136389360498
"1,1,2,2,0,2,2,NA,2",2,0.004716091303527636,80.21835502735333
"1,1,0,0,2,2,2,NA,NA",2,0.004716091303527636,80.22307111865685
"0,2,NA,2,2,NA,NA,0,NA",2,0.004716091303527636,80.22778720996038
"2,2,NA,1,1,2,0,NA,NA",2,0.004716091303527636,80.23250330126392
"2,2,NA,1,2,NA,2,NA,1",2,0.004716091303527636,80.23721939256744
"0,2,NA,2,1,NA,2,0,1",2,0.004716091303527636,80.24193548387096
"NA,0,NA,1,NA,NA,NA,NA,NA",2,0.004716091303527636,80.2466515751745
"2,2,NA,0,2,2,NA,NA,NA",2,0.004716091303527636,80.25136766647802
"2,2,0,2,2,2,1,NA,1",2,0.004716091303527636,80.25608375778155
"2,2,2,2,0,NA,2,2,2",2,0.004716091303527636,80.26079984908507
"0,2,NA,0,0,2,NA,NA,NA",2,0.004716091303527636,80.26551594038861
"2,2,2,2,2,0,2,0,NA",2,0.004716091303527636,80.27023203169213
"2,0,2,NA,NA,NA,2,2,NA",2,0.004716091303527636,80.27494812299565
"NA,2,NA,2,2,NA,NA,0,2",2,0.004716091303527636,80.27966421429919
"1,1,NA,0,0,2,NA,NA,NA",2,0.004716091303527636,80.28438030560272
"NA,2,NA,1,1,NA,2,NA,NA",2,0.004716091303527636,80.28909639690625
"0,2,2,2,0,2,0,2,NA",2,0.004716091303527636,80.29381248820977
"2,2,NA,0,2,NA,0,0,0",2,0.004716091303527636,80.29852857951329
"2,2,NA,1,2,1,NA,NA,NA",2,0.004716091303527636,80.30324467081684
"2,2,2,2,0,NA,2,2,0",2,0.004716091303527636,80.30796076212036
"0,2,2,2,0,2,0,2,2",2,0.004716091303527636,80.31267685342388
"0,0,NA,2,NA,NA,2,NA,NA",2,0.004716091303527636,80.3173929447274
"2,2,NA,2,0,2,0,NA,2",2,0.004716091303527636,80.32210903603094
"2,1,NA,2,0,2,0,NA,2",2,0.004716091303527636,80.32682512733447
"1,2,NA,1,2,NA,NA,NA,NA",2,0.004716091303527636,80.331541218638
"1,NA,NA,2,NA,0,NA,NA,NA",2,0.004716091303527636,80.33625730994152
"NA,NA,NA,0,NA,0,1,NA,NA",2,0.004716091303527636,80.34097340124505
"0,2,NA,2,2,2,NA,NA,0",2,0.004716091303527636,80.34568949254857
"2,2,2,2,NA,0,2,2,1",2,0.004716091303527636,80.35040558385211
"2,NA,NA,0,NA,1,NA,NA,NA",2,0.004716091303527636,80.35512167515563
"NA,NA,1,2,1,2,2,NA,2",2,0.004716091303527636,80.35983776645917
"NA,NA,NA,1,2,1,1,NA,2",2,0.004716091303527636,80.36455385776269
"0,2,NA,0,0,2,2,2,NA",2,0.004716091303527636,80.36926994906621
"2,2,2,2,2,1,2,1,1",2,0.004716091303527636,80.37398604036974
"NA,1,0,2,2,2,NA,NA,NA",2,0.004716091303527636,80.37870213167328
"0,NA,NA,2,0,0,NA,NA,NA",2,0.004716091303527636,80.3834182229768
"2,2,2,2,2,NA,NA,2,1",2,0.004716091303527636,80.38813431428032
"NA,NA,NA,0,NA,1,0,NA,NA",2,0.004716091303527636,80.39285040558384
"2,0,NA,2,0,0,2,NA,NA",2,0.004716091303527636,80.39756649688738
"2,0,NA,2,2,0,NA,NA,NA",2,0.004716091303527636,80.40228258819091
"2,NA,NA,2,2,2,2,1,2",2,0.004716091303527636,80.40699867949444
"0,NA,0,2,1,2,1,NA,NA",2,0.004716091303527636,80.41171477079796
"0,NA,NA,0,0,1,0,NA,NA",2,0.004716091303527636,80.41643086210149
"NA,NA,NA,0,1,NA,0,NA,NA",2,0.004716091303527636,80.42114695340501
"2,0,2,2,0,2,2,NA,0",2,0.004716091303527636,80.42586304470855
"2,0,2,2,2,0,1,2,2",2,0.004716091303527636,80.43057913601207
"1,0,2,2,2,2,NA,NA,NA",2,0.004716091303527636,80.4352952273156
"2,0,1,2,2,2,2,NA,1",2,0.004716091303527636,80.44001131861913
"2,2,0,NA,NA,NA,NA,2,2",2,0.004716091303527636,80.44472740992265
"2,NA,0,2,2,2,NA,NA,NA",2,0.004716091303527636,80.44944350122618
"NA,0,NA,NA,NA,NA,2,1,NA",2,0.004716091303527636,80.4541595925297
"NA,0,2,NA,NA,2,NA,NA,NA",2,0.004716091303527636,80.45887568383324
"2,2,2,1,1,NA,2,NA,NA",2,0.004716091303527636,80.46359177513676
"NA,NA,2,2,2,2,2,2,1",2,0.004716091303527636,80.4683078664403
"0,0,0,2,2,2,1,2,2",2,0.004716091303527636,80.47302395774382
"2,NA,1,NA,2,2,2,2,NA",2,0.004716091303527636,80.47774004904736
"1,2,2,2,2,2,NA,2,NA",2,0.004716091303527636,80.48245614035088
"2,2,1,2,1,NA,2,1,1",2,0.004716091303527636,80.4871722316544
"2,NA,NA,1,2,NA,NA,1,NA",2,0.004716091303527636,80.49188832295793
"2,2,2,NA,0,2,2,1,2",2,0.004716091303527636,80.49660441426147
"2,0,NA,NA,2,1,2,NA,NA",2,0.004716091303527636,80.50132050556499
"NA,NA,2,2,2,2,2,0,2",2,0.004716091303527636,80.50603659686851
"1,0,NA,1,1,NA,NA,NA,NA",2,0.004716091303527636,80.51075268817203
"2,1,2,2,0,NA,2,0,2",2,0.004716091303527636,80.51546877947557
"0,2,2,2,2,2,2,0,1",2,0.004716091303527636,80.5201848707791
"2,NA,NA,2,1,NA,0,NA,NA",2,0.004716091303527636,80.52490096208263
"NA,2,NA,1,1,NA,2,NA,2",2,0.004716091303527636,80.52961705338615
"2,2,2,0,0,2,2,1,0",2,0.004716091303527636,80.53433314468968
"NA,0,NA,0,2,2,NA,NA,NA",2,0.004716091303527636,80.5390492359932
"2,2,NA,1,2,NA,NA,NA,2",2,0.004716091303527636,80.54376532729674
"1,1,1,2,0,2,0,0,NA",2,0.004716091303527636,80.54848141860026
"2,1,NA,2,2,NA,0,0,NA",2,0.004716091303527636,80.5531975099038
"NA,NA,NA,0,0,NA,NA,2,NA",2,0.004716091303527636,80.55791360120732
"1,NA,NA,0,2,2,1,NA,NA",2,0.004716091303527636,80.56262969251084
"NA,2,2,1,2,1,2,2,NA",2,0.004716091303527636,80.56734578381437
"NA,0,NA,2,0,NA,0,NA,2",2,0.004716091303527636,80.57206187511791
"2,2,NA,2,2,1,1,NA,2",2,0.004716091303527636,80.57677796642143
"2,0,2,2,1,NA,2,2,2",2,0.004716091303527636,80.58149405772495
"0,NA,NA,NA,2,1,2,NA,2",2,0.004716091303527636,80.58621014902847
"2,0,NA,2,1,NA,0,NA,NA",2,0.004716091303527636,80.59092624033201
"0,NA,1,2,2,2,2,1,2",2,0.004716091303527636,80.59564233163555
"0,2,NA,2,2,2,1,1,0",2,0.004716091303527636,80.60035842293907
"NA,NA,0,2,2,1,2,2,NA",2,0.004716091303527636,80.60507451424259
"2,2,2,NA,1,0,2,2,2",2,0.004716091303527636,80.60979060554612
"0,0,2,2,0,2,2,NA,2",2,0.004716091303527636,80.61450669684966
"0,2,NA,0,0,2,2,NA,2",2,0.004716091303527636,80.61922278815318
"1,0,0,2,2,2,2,2,2",2,0.004716091303527636,80.6239388794567
"NA,2,2,2,1,0,2,2,0",2,0.004716091303527636,80.62865497076024
"0,2,NA,0,0,1,NA,NA,NA",2,0.004716091303527636,80.63337106206376
"0,NA,NA,2,1,2,1,NA,NA",2,0.004716091303527636,80.6380871533673
"0,NA,2,2,1,2,2,NA,NA",2,0.004716091303527636,80.64280324467082
"2,2,2,2,2,1,0,NA,0",2,0.004716091303527636,80.64751933597435
"2,0,1,2,2,2,0,NA,NA",2,0.004716091303527636,80.65223542727787
"NA,1,NA,0,NA,2,NA,NA,NA",2,0.004716091303527636,80.6569515185814
"2,1,NA,2,NA,NA,0,NA,NA",2,0.004716091303527636,80.66166760988493
"2,0,NA,0,2,2,NA,NA,NA",2,0.004716091303527636,80.66638370118847
"1,1,NA,0,0,NA,0,2,2",2,0.004716091303527636,80.67109979249199
"NA,2,NA,0,2,2,NA,NA,2",2,0.004716091303527636,80.67581588379551
"0,0,NA,2,NA,NA,0,NA,NA",2,0.004716091303527636,80.68053197509903
"1,1,0,0,0,2,2,0,0",2,0.004716091303527636,80.68524806640256
"1,2,NA,2,2,NA,2,0,0",2,0.004716091303527636,80.6899641577061
"0,NA,2,2,2,NA,NA,NA,2",2,0.004716091303527636,80.69468024900962
"2,2,NA,2,2,0,2,2,NA",2,0.004716091303527636,80.69939634031314
"0,NA,NA,NA,NA,0,0,NA,NA",2,0.004716091303527636,80.70411243161668
"0,2,NA,0,2,NA,2,2,NA",2,0.004716091303527636,80.7088285229202
"1,2,2,2,2,2,1,NA,0",2,0.004716091303527636,80.71354461422374
"2,2,2,1,2,1,2,0,1",2,0.004716091303527636,80.71826070552726
"2,1,1,1,1,2,2,NA,1",2,0.004716091303527636,80.72297679683079
"2,NA,NA,2,1,0,2,NA,NA",2,0.004716091303527636,80.72769288813431
"0,2,2,0,2,2,2,2,2",2,0.004716091303527636,80.73240897943784
"0,2,1,1,2,2,2,NA,NA",2,0.004716091303527636,80.73712507074137
"NA,0,NA,NA,2,NA,1,NA,NA",2,0.004716091303527636,80.74184116204489
"2,NA,NA,NA,1,NA,NA,NA,2",2,0.004716091303527636,80.74655725334843
"2,NA,2,2,2,0,NA,2,NA",2,0.004716091303527636,80.75127334465195
"2,1,0,NA,NA,NA,NA,0,NA",2,0.004716091303527636,80.75598943595548
"2,0,2,2,2,NA,2,2,1",2,0.004716091303527636,80.760705527259
"0,0,2,2,2,2,0,2,2",2,0.004716091303527636,80.76542161856254
"2,0,0,2,2,2,0,NA,2",2,0.004716091303527636,80.77013770986606
"2,0,2,2,2,2,0,NA,2",2,0.004716091303527636,80.77485380116958
"NA,2,2,2,0,2,1,2,2",2,0.004716091303527636,80.77956989247312
"NA,2,2,0,2,0,NA,NA,NA",2,0.004716091303527636,80.78428598377666
"NA,0,2,NA,NA,NA,2,2,2",2,0.004716091303527636,80.78900207508018
"1,NA,NA,NA,NA,NA,NA,1,NA",2,0.004716091303527636,80.7937181663837
"0,NA,NA,2,2,NA,0,0,NA",2,0.004716091303527636,80.79843425768722
"2,2,0,NA,NA,NA,1,2,NA",2,0.004716091303527636,80.80315034899075
"NA,2,2,2,1,2,2,2,0",2,0.004716091303527636,80.80786644029429
"NA,2,2,2,2,0,2,1,2",2,0.004716091303527636,80.81258253159781
"NA,NA,0,0,0,NA,NA,NA,NA",2,0.004716091303527636,80.81729862290133
"NA,1,NA,NA,2,NA,2,NA,NA",2,0.004716091303527636,80.82201471420487
"2,2,2,0,2,NA,0,NA,0",2,0.004716091303527636,80.82673080550839
"2,1,2,0,0,2,0,0,NA",2,0.004716091303527636,80.83144689681193
"2,2,NA,1,2,NA,2,2,0",2,0.004716091303527636,80.83616298811545
"NA,2,0,0,0,0,0,2,NA",2,0.004716091303527636,80.84087907941898
"1,NA,2,2,2,2,0,NA,NA",2,0.004716091303527636,80.8455951707225
"NA,NA,NA,NA,NA,NA,NA,2,0",2,0.004716091303527636,80.85031126202603
"0,2,2,2,2,NA,0,2,2",2,0.004716091303527636,80.85502735332956
"NA,NA,NA,NA,0,1,2,NA,NA",2,0.004716091303527636,80.8597434446331
"NA,2,NA,NA,NA,1,2,NA,NA",2,0.004716091303527636,80.86445953593662
"0,NA,NA,2,2,NA,2,1,0",2,0.004716091303527636,80.86917562724014
"2,2,1,1,1,NA,1,2,NA",2,0.004716091303527636,80.87389171854366
"NA,2,2,0,2,0,2,2,NA",2,0.004716091303527636,80.8786078098472
"NA,NA,NA,2,NA,2,2,NA,0",2,0.004716091303527636,80.88332390115073
"2,NA,NA,2,1,NA,NA,2,2",2,0.004716091303527636,80.88803999245425
"1,2,2,2,2,2,1,NA,2",2,0.004716091303527636,80.89275608375777
"0,NA,NA,0,0,2,2,NA,2",2,0.004716091303527636,80.89747217506131
"2,2,0,2,2,2,2,0,1",2,0.004716091303527636,80.90218826636485
"NA,1,2,2,2,2,0,NA,NA",2,0.004716091303527636,80.90690435766837
"2,NA,1,NA,NA,2,2,2,2",2,0.004716091303527636,80.91162044897189
"2,0,2,2,2,NA,2,NA,NA",2,0.004716091303527636,80.91633654027542
"0,NA,NA,NA,NA,1,2,2,NA",2,0.004716091303527636,80.92105263157895
"2,NA,NA,1,2,1,2,NA,1",2,0.004716091303527636,80.92576872288248
"1,0,2,NA,NA,NA,NA,NA,NA",2,0.004716091303527636,80.930484814186
"2,1,1,2,2,2,1,2,2",2,0.004716091303527636,80.93520090548954
"0,2,0,2,2,2,0,2,0",2,0.004716091303527636,80.93991699679306
"1,2,NA,NA,NA,NA,NA,NA,1",2,0.004716091303527636,80.94463308809658
"2,0,NA,2,2,NA,1,2,NA",2,0.004716091303527636,80.94934917940012
"2,2,2,1,2,0,2,NA,2",2,0.004716091303527636,80.95406527070365
"2,NA,NA,0,2,NA,NA,NA,2",2,0.004716091303527636,80.95878136200717
"2,0,NA,NA,NA,NA,2,2,2",2,0.004716091303527636,80.9634974533107
"2,NA,2,2,2,NA,0,2,2",2,0.004716091303527636,80.96821354461422
"2,2,2,2,2,2,1,1,0",2,0.004716091303527636,80.97292963591775
"2,2,2,1,1,1,2,NA,2",2,0.004716091303527636,80.97764572722129
"NA,NA,NA,2,1,NA,1,NA,2",2,0.004716091303527636,80.98236181852481
"2,2,2,0,2,2,2,1,2",2,0.004716091303527636,80.98707790982833
"NA,NA,NA,1,0,0,2,NA,NA",2,0.004716091303527636,80.99179400113186
"2,1,2,0,2,2,0,NA,0",2,0.004716091303527636,80.99651009243539
"1,1,NA,0,0,NA,0,0,NA",2,0.004716091303527636,81.00122618373892
"2,NA,2,0,0,2,2,0,NA",2,0.004716091303527636,81.00594227504244
"0,2,NA,NA,2,NA,NA,2,NA",2,0.004716091303527636,81.01065836634598
"NA,NA,NA,0,NA,2,NA,0,NA",2,0.004716091303527636,81.0153744576495
"2,2,2,2,1,2,2,0,1",2,0.004716091303527636,81.02009054895302
"NA,2,2,0,2,2,2,2,NA",2,0.004716091303527636,81.02480664025656
"1,2,NA,1,2,NA,2,2,2",2,0.004716091303527636,81.02952273156008
"2,2,NA,1,1,NA,1,NA,2",2,0.004716091303527636,81.03423882286361
"2,2,2,1,1,2,2,0,1",2,0.004716091303527636,81.03895491416714
"2,2,1,2,0,2,2,NA,NA",2,0.004716091303527636,81.04367100547066
"0,1,2,0,0,2,2,NA,NA",2,0.004716091303527636,81.04838709677419
"2,NA,NA,1,2,NA,2,2,1",2,0.004716091303527636,81.05310318807773
"2,NA,NA,0,0,2,NA,2,NA",2,0.004716091303527636,81.05781927938125
"NA,NA,2,1,2,NA,NA,NA,NA",2,0.004716091303527636,81.06253537068477
"2,2,2,2,2,0,1,NA,NA",2,0.004716091303527636,81.06725146198829
"2,2,2,2,2,1,1,1,2",2,0.004716091303527636,81.07196755329184
"2,2,2,0,NA,2,NA,2,NA",2,0.004716091303527636,81.07668364459536
"2,1,NA,1,1,NA,2,NA,1",2,0.004716091303527636,81.08139973589888
"2,NA,NA,0,NA,0,0,NA,NA",2,0.004716091303527636,81.0861158272024
"2,2,1,2,2,0,1,1,2",2,0.004716091303527636,81.09083191850594
"1,0,2,2,2,2,2,NA,2",2,0.004716091303527636,81.09554800980948
"2,2,1,NA,1,NA,1,2,1",2,0.004716091303527636,81.100264101113
"2,0,2,2,2,NA,NA,1,NA",2,0.004716091303527636,81.10498019241652
"1,NA,NA,0,NA,2,NA,NA,2",2,0.004716091303527636,81.10969628372006
"NA,NA,0,2,1,2,2,NA,NA",2,0.004716091303527636,81.11441237502358
"2,1,NA,2,0,NA,2,2,NA",2,0.004716091303527636,81.11912846632711
"NA,2,1,2,2,2,NA,NA,NA",2,0.004716091303527636,81.12384455763063
"2,0,2,2,0,2,2,2,2",2,0.004716091303527636,81.12856064893417
"NA,0,NA,0,0,1,NA,NA,2",2,0.004716091303527636,81.13327674023769
"2,1,NA,2,0,NA,2,NA,2",2,0.004716091303527636,81.13799283154121
"NA,0,NA,NA,2,2,NA,NA,NA",2,0.004716091303527636,81.14270892284475
"2,NA,NA,NA,1,NA,NA,NA,1",2,0.004716091303527636,81.14742501414828
"2,2,2,2,2,NA,1,2,NA",2,0.004716091303527636,81.1521411054518
"NA,NA,NA,0,1,1,0,NA,NA",2,0.004716091303527636,81.15685719675533
"NA,2,NA,2,2,2,1,NA,1",2,0.004716091303527636,81.16157328805885
"1,2,1,2,2,2,2,NA,NA",2,0.004716091303527636,81.16628937936238
"1,NA,NA,2,2,2,1,NA,NA",2,0.004716091303527636,81.17100547066592
"NA,1,2,0,0,NA,NA,0,NA",2,0.004716091303527636,81.17572156196944
"NA,2,NA,2,1,NA,2,1,2",2,0.004716091303527636,81.18043765327296
"NA,NA,NA,0,2,NA,NA,1,NA",2,0.004716091303527636,81.1851537445765
"NA,NA,NA,2,0,NA,2,NA,2",2,0.004716091303527636,81.18986983588002
"NA,0,2,2,2,0,1,NA,NA",2,0.004716091303527636,81.19458592718355
"2,1,0,2,0,2,2,0,0",2,0.004716091303527636,81.19930201848707
"2,2,2,0,0,NA,0,0,2",2,0.004716091303527636,81.20401810979061
"NA,1,NA,0,0,NA,0,NA,0",2,0.004716091303527636,81.20873420109413
"NA,NA,NA,2,2,0,NA,NA,0",2,0.004716091303527636,81.21345029239765
"0,0,NA,2,2,NA,2,1,2",2,0.004716091303527636,81.21816638370119
"2,1,2,2,2,0,2,NA,NA",2,0.004716091303527636,81.22288247500472
"NA,NA,NA,NA,0,0,0,NA,NA",2,0.004716091303527636,81.22759856630825
"NA,NA,2,NA,NA,NA,2,2,0",2,0.004716091303527636,81.23231465761177
"NA,0,NA,1,2,1,NA,NA,NA",2,0.004716091303527636,81.2370307489153
"1,NA,NA,2,2,2,2,1,2",2,0.004716091303527636,81.24174684021884
"2,2,0,NA,NA,NA,NA,1,NA",2,0.004716091303527636,81.24646293152236
"NA,2,NA,1,2,NA,2,2,NA",2,0.004716091303527636,81.25117902282588
"NA,1,NA,0,NA,0,2,NA,NA",2,0.004716091303527636,81.2558951141294
"2,0,NA,2,2,NA,2,NA,1",2,0.004716091303527636,81.26061120543294
"2,2,NA,1,2,1,1,NA,2",2,0.004716091303527636,81.26532729673647
"NA,2,2,0,2,0,2,2,1",2,0.004716091303527636,81.27004338804
"2,1,2,0,2,NA,2,NA,NA",2,0.004716091303527636,81.27475947934352
"NA,NA,2,NA,NA,NA,2,0,NA",2,0.004716091303527636,81.27947557064705
"2,2,2,2,2,0,2,NA,0",2,0.004716091303527636,81.28419166195057
"0,2,NA,2,2,2,2,1,1",2,0.004716091303527636,81.28890775325411
"2,1,0,0,0,2,2,NA,2",2,0.004716091303527636,81.29362384455763
"NA,0,0,NA,NA,NA,NA,2,NA",2,0.004716091303527636,81.29833993586116
"2,1,NA,2,2,NA,2,0,0",2,0.004716091303527636,81.30305602716469
"2,2,NA,1,2,NA,1,2,NA",2,0.004716091303527636,81.30777211846821
"2,2,2,NA,2,NA,2,2,0",2,0.004716091303527636,81.31248820977174
"2,2,1,0,0,2,2,NA,0",2,0.004716091303527636,81.31720430107528
"NA,NA,NA,NA,2,2,0,NA,NA",2,0.004716091303527636,81.3219203923788
"NA,NA,2,2,NA,2,1,NA,NA",2,0.004716091303527636,81.32663648368232
"2,1,NA,2,0,NA,NA,0,NA",2,0.004716091303527636,81.33135257498584
"2,2,0,2,2,2,1,2,1",2,0.004716091303527636,81.33606866628938
"2,2,NA,0,2,0,NA,NA,NA",2,0.004716091303527636,81.34078475759291
"2,2,NA,2,2,0,1,NA,1",2,0.004716091303527636,81.34550084889644
"NA,0,0,2,2,2,2,2,2",2,0.004716091303527636,81.35021694019996
"2,2,2,NA,1,0,2,2,1",2,0.004716091303527636,81.35493303150348
"NA,NA,NA,NA,0,1,0,NA,NA",2,0.004716091303527636,81.35964912280701
"2,0,2,0,NA,NA,NA,NA,NA",2,0.004716091303527636,81.36436521411055
"2,0,2,2,2,2,0,2,1",2,0.004716091303527636,81.36908130541407
"2,NA,NA,NA,1,NA,2,NA,NA",2,0.004716091303527636,81.37379739671759
"2,NA,NA,NA,NA,NA,NA,2,1",2,0.004716091303527636,81.37851348802113
"2,2,2,2,2,0,1,1,2",2,0.004716091303527636,81.38322957932466
"0,1,NA,2,2,0,NA,NA,NA",2,0.004716091303527636,81.38794567062818
"2,2,NA,NA,NA,NA,NA,1,1",2,0.004716091303527636,81.3926617619317
"0,NA,0,2,0,NA,NA,NA,NA",2,0.004716091303527636,81.39737785323524
"2,1,NA,2,0,2,NA,NA,NA",2,0.004716091303527636,81.40209394453876
"2,NA,2,0,0,NA,2,NA,NA",2,0.004716091303527636,81.4068100358423
"2,2,2,NA,NA,NA,1,NA,2",2,0.004716091303527636,81.41152612714582
"2,NA,NA,2,1,0,2,NA,1",2,0.004716091303527636,81.41624221844936
"2,0,1,1,1,1,2,2,2",2,0.004716091303527636,81.42095830975288
"2,0,1,2,1,2,2,2,1",2,0.004716091303527636,81.4256744010564
"NA,0,2,2,2,2,0,2,NA",2,0.004716091303527636,81.43039049235993
"2,1,2,2,2,1,2,NA,NA",2,0.004716091303527636,81.43510658366347
"2,2,1,NA,NA,NA,NA,0,NA",2,0.004716091303527636,81.43982267496699
"1,2,2,2,2,2,2,1,0",2,0.004716091303527636,81.44453876627051
"NA,NA,NA,2,NA,2,0,NA,2",2,0.004716091303527636,81.44925485757403
"1,1,0,0,0,NA,0,0,2",2,0.004716091303527636,81.45397094887757
"0,2,1,1,2,1,2,1,2",2,0.004716091303527636,81.4586870401811
"1,0,NA,1,1,2,2,NA,NA",2,0.004716091303527636,81.46340313148463
"2,0,0,2,2,2,2,2,1",2,0.004716091303527636,81.46811922278815
"2,2,NA,NA,2,2,0,NA,NA",2,0.004716091303527636,81.47283531409168
"NA,1,NA,2,NA,2,2,NA,2",2,0.004716091303527636,81.4775514053952
"1,NA,2,NA,NA,NA,NA,0,NA",2,0.004716091303527636,81.48226749669874
"1,2,1,NA,NA,NA,NA,NA,1",2,0.004716091303527636,81.48698358800226
"2,2,1,2,2,2,2,0,NA",2,0.004716091303527636,81.4916996793058
"NA,1,NA,2,2,2,1,NA,2",2,0.004716091303527636,81.49641577060932
"NA,NA,2,2,2,2,1,NA,NA",2,0.004716091303527636,81.50113186191284
"NA,NA,NA,2,1,1,1,NA,NA",2,0.004716091303527636,81.50584795321637
"NA,2,NA,0,2,NA,0,NA,NA",2,0.004716091303527636,81.51056404451991
"NA,NA,0,0,2,NA,NA,NA,NA",2,0.004716091303527636,81.51528013582343
"2,2,2,2,2,0,0,NA,2",2,0.004716091303527636,81.51999622712695
"1,1,NA,2,2,1,2,NA,2",2,0.004716091303527636,81.52471231843049
"2,0,NA,1,2,1,2,NA,2",2,0.004716091303527636,81.52942840973402
"NA,2,2,0,2,2,NA,NA,NA",2,0.004716091303527636,81.53414450103755
"2,0,2,2,2,2,2,1,1",2,0.004716091303527636,81.53886059234107
"0,2,0,2,0,2,NA,NA,NA",2,0.004716091303527636,81.54357668364459
"0,2,2,1,2,2,2,2,0",2,0.004716091303527636,81.54829277494812
"0,NA,NA,2,2,NA,2,2,NA",2,0.004716091303527636,81.55300886625166
"0,2,2,2,2,1,1,2,NA",2,0.004716091303527636,81.55772495755518
"2,2,2,NA,NA,NA,0,2,2",2,0.004716091303527636,81.5624410488587
"1,1,NA,2,0,2,0,NA,NA",2,0.004716091303527636,81.56715714016224
"0,NA,2,NA,NA,2,NA,NA,NA",2,0.004716091303527636,81.57187323146576
"2,2,NA,2,1,NA,1,1,2",2,0.004716091303527636,81.5765893227693
"0,1,NA,0,0,2,2,NA,NA",2,0.004716091303527636,81.58130541407282
"0,2,NA,2,1,2,1,NA,1",2,0.004716091303527636,81.58602150537635
"NA,2,1,2,2,2,2,NA,1",2,0.004716091303527636,81.59073759667987
"1,2,2,2,1,2,2,2,0",2,0.004716091303527636,81.5954536879834
"0,NA,2,2,2,NA,1,NA,NA",2,0.004716091303527636,81.60016977928693
"0,1,NA,2,2,0,1,NA,1",2,0.004716091303527636,81.60488587059046
"NA,2,NA,2,0,1,NA,NA,NA",2,0.004716091303527636,81.60960196189399
"2,1,2,2,0,2,2,2,1",2,0.004716091303527636,81.61431805319751
"2,2,0,2,2,0,NA,2,NA",2,0.004716091303527636,81.61903414450103
"NA,2,2,1,2,2,1,2,1",2,0.004716091303527636,81.62375023580456
"2,2,NA,0,0,NA,NA,NA,2",2,0.004716091303527636,81.6284663271081
"2,2,NA,2,0,NA,0,0,NA",2,0.004716091303527636,81.63318241841162
"2,2,2,NA,1,1,2,2,2",2,0.004716091303527636,81.63789850971514
"0,2,NA,2,0,2,NA,NA,NA",2,0.004716091303527636,81.64261460101866
"2,2,NA,2,0,2,2,0,NA",2,0.004716091303527636,81.6473306923222
"2,2,1,1,2,2,1,2,0",2,0.004716091303527636,81.65204678362574
"2,1,2,0,2,2,0,2,2",2,0.004716091303527636,81.65676287492926
"2,1,NA,2,2,NA,0,NA,2",2,0.004716091303527636,81.66147896623278
"2,NA,NA,NA,NA,NA,2,1,1",2,0.004716091303527636,81.66619505753631
"2,0,NA,2,2,NA,0,NA,NA",2,0.004716091303527636,81.67091114883985
"0,0,2,2,2,2,2,NA,1",2,0.004716091303527636,81.67562724014337
"2,1,NA,0,2,NA,0,NA,2",2,0.004716091303527636,81.68034333144689
"2,NA,2,2,1,NA,1,2,NA",2,0.004716091303527636,81.68505942275043
"1,2,NA,2,1,2,1,NA,NA",2,0.004716091303527636,81.68977551405395
"2,2,NA,1,1,2,2,0,1",2,0.004716091303527636,81.69449160535748
"NA,NA,NA,0,1,NA,2,NA,NA",2,0.004716091303527636,81.699207696661
"2,1,2,2,0,2,2,0,NA",2,0.004716091303527636,81.70392378796454
"NA,NA,2,NA,NA,0,2,NA,NA",2,0.004716091303527636,81.70863987926806
"0,2,2,1,1,2,1,NA,1",2,0.004716091303527636,81.71335597057158
"2,1,1,1,1,0,2,2,1",2,0.004716091303527636,81.71807206187512
"1,2,2,1,2,2,2,0,2",2,0.004716091303527636,81.72278815317866
"2,NA,0,NA,NA,NA,2,2,NA",2,0.004716091303527636,81.72750424448218
"2,0,NA,2,2,NA,1,1,2",2,0.004716091303527636,81.7322203357857
"2,2,2,1,1,0,2,2,NA",2,0.004716091303527636,81.73693642708922
"NA,2,NA,2,2,NA,2,2,1",2,0.004716091303527636,81.74165251839275
"2,2,0,2,1,2,2,NA,1",2,0.004716091303527636,81.74636860969629
"NA,0,NA,2,2,NA,2,NA,0",2,0.004716091303527636,81.75108470099981
"2,NA,1,2,2,NA,2,2,2",2,0.004716091303527636,81.75580079230333
"2,0,NA,0,0,2,NA,NA,NA",2,0.004716091303527636,81.76051688360687
"1,2,1,2,2,2,2,2,1",2,0.004716091303527636,81.76523297491039
"NA,0,0,2,0,0,NA,NA,NA",2,0.004716091303527636,81.76994906621393
"NA,NA,NA,NA,2,0,0,NA,NA",2,0.004716091303527636,81.77466515751745
"2,2,2,2,1,2,1,2,NA",2,0.004716091303527636,81.77938124882098
"2,1,2,0,2,2,2,0,2",2,0.004716091303527636,81.7840973401245
"2,0,0,2,2,2,2,NA,0",2,0.004716091303527636,81.78881343142803
"1,1,2,1,1,2,2,NA,NA",2,0.004716091303527636,81.79352952273156
"NA,NA,0,0,2,2,NA,0,NA",2,0.004716091303527636,81.7982456140351
"NA,2,NA,NA,NA,NA,0,0,NA",2,0.004716091303527636,81.80296170533862
"2,2,1,2,2,1,2,NA,1",2,0.004716091303527636,81.80767779664214
"1,2,NA,NA,NA,NA,0,NA,2",2,0.004716091303527636,81.81239388794566
"0,2,NA,2,2,NA,1,0,0",2,0.004716091303527636,81.81710997924921
"2,NA,1,NA,NA,NA,2,NA,1",2,0.004716091303527636,81.82182607055273
"2,0,NA,1,NA,NA,NA,NA,NA",2,0.004716091303527636,81.82654216185625
"2,1,NA,2,2,1,0,NA,NA",2,0.004716091303527636,81.83125825315977
"NA,2,NA,0,0,2,0,NA,2",2,0.004716091303527636,81.83597434446331
"2,2,NA,2,2,0,2,0,2",2,0.004716091303527636,81.84069043576685
"1,NA,NA,NA,NA,2,2,NA,2",2,0.004716091303527636,81.84540652707037
"2,2,1,NA,NA,NA,1,2,1",2,0.004716091303527636,81.85012261837389
"NA,NA,NA,NA,NA,NA,1,2,2",2,0.004716091303527636,81.85483870967742
"1,2,1,2,2,2,2,0,NA",2,0.004716091303527636,81.85955480098094
"2,1,2,1,2,NA,2,2,NA",2,0.004716091303527636,81.86427089228448
"0,2,0,2,2,2,0,NA,NA",2,0.004716091303527636,81.868986983588
"2,0,NA,0,2,2,1,NA,NA",2,0.004716091303527636,81.87370307489154
"1,2,NA,1,1,NA,2,1,1",2,0.004716091303527636,81.87841916619506
"1,NA,NA,1,1,NA,NA,NA,NA",2,0.004716091303527636,81.88313525749858
"0,0,1,2,2,2,2,NA,2",2,0.004716091303527636,81.88785134880212
"1,2,2,0,2,2,2,NA,NA",2,0.004716091303527636,81.89256744010565
"2,2,1,NA,NA,NA,1,1,1",2,0.004716091303527636,81.89728353140917
"0,1,NA,0,0,NA,2,NA,NA",2,0.004716091303527636,81.9019996227127
"NA,2,NA,1,2,NA,0,0,NA",2,0.004716091303527636,81.90671571401622
"NA,2,NA,2,2,0,0,NA,NA",2,0.004716091303527636,81.91143180531975
"2,1,2,0,0,2,2,NA,0",2,0.004716091303527636,81.91614789662329
"2,2,NA,2,0,NA,0,2,0",2,0.004716091303527636,81.92086398792681
"NA,NA,0,2,2,2,2,2,0",2,0.004716091303527636,81.92558007923033
"2,2,NA,0,0,NA,0,0,0",2,0.004716091303527636,81.93029617053385
"2,1,NA,2,1,2,NA,NA,NA",2,0.004716091303527636,81.93501226183739
"2,2,1,1,2,2,2,2,NA",2,0.004716091303527636,81.93972835314092
"2,NA,NA,NA,0,0,NA,NA,NA",2,0.004716091303527636,81.94444444444444
"1,NA,NA,0,2,NA,2,NA,NA",2,0.004716091303527636,81.94916053574796
"NA,2,1,NA,NA,NA,2,1,1",2,0.004716091303527636,81.9538766270515
"NA,2,2,2,2,NA,1,2,2",2,0.004716091303527636,81.95859271835502
"0,1,0,2,2,2,2,1,2",2,0.004716091303527636,81.96330880965856
"1,NA,NA,NA,NA,2,1,NA,NA",2,0.004716091303527636,81.96802490096208
"NA,2,NA,NA,1,2,2,NA,NA",2,0.004716091303527636,81.97274099226561
"2,2,1,2,2,2,0,2,0",2,0.004716091303527636,81.97745708356913
"2,1,2,2,2,NA,2,1,2",2,0.004716091303527636,81.98217317487266
"1,NA,0,NA,NA,NA,NA,2,NA",2,0.004716091303527636,81.98688926617619
"1,1,2,2,0,2,0,0,2",2,0.004716091303527636,81.99160535747973
"0,NA,NA,NA,NA,NA,0,2,NA",2,0.004716091303527636,81.99632144878325
"2,0,0,2,2,2,2,0,NA",2,0.004716091303527636,82.00103754008677
"NA,NA,2,2,0,0,2,NA,NA",2,0.004716091303527636,82.0057536313903
"0,NA,NA,2,0,NA,0,NA,NA",2,0.004716091303527636,82.01046972269384
"NA,0,2,2,0,1,2,2,NA",2,0.004716091303527636,82.01518581399736
"2,1,2,2,2,2,1,0,NA",2,0.004716091303527636,82.01990190530088
"2,2,1,NA,2,2,2,NA,2",2,0.004716091303527636,82.0246179966044
"0,2,2,0,0,NA,NA,NA,NA",2,0.004716091303527636,82.02933408790794
"NA,NA,2,2,2,0,NA,NA,NA",2,0.004716091303527636,82.03405017921148
"2,2,NA,NA,NA,0,0,NA,NA",2,0.004716091303527636,82.038766270515
"2,2,2,NA,1,2,1,2,2",2,0.004716091303527636,82.04348236181852
"NA,1,NA,0,NA,0,NA,NA,NA",2,0.004716091303527636,82.04819845312205
"2,NA,0,NA,2,0,2,2,2",2,0.004716091303527636,82.05291454442558
"1,2,NA,2,1,NA,1,NA,NA",2,0.004716091303527636,82.05763063572911
"NA,2,NA,2,2,0,NA,NA,2",2,0.004716091303527636,82.06234672703263
"0,NA,NA,NA,2,0,NA,NA,NA",2,0.004716091303527636,82.06706281833617
"1,1,2,2,2,2,2,NA,0",2,0.004716091303527636,82.07177890963969
"0,2,2,2,2,NA,NA,2,2",2,0.004716091303527636,82.07649500094321
"2,2,2,0,2,2,0,NA,2",2,0.004716091303527636,82.08121109224675
"NA,2,2,2,2,2,1,2,1",2,0.004716091303527636,82.08592718355028
"NA,NA,2,NA,NA,NA,1,NA,2",2,0.004716091303527636,82.0906432748538
"NA,NA,NA,2,NA,0,0,NA,NA",2,0.004716091303527636,82.09535936615733
"NA,1,NA,NA,NA,NA,2,NA,2",2,0.004716091303527636,82.10007545746085
"NA,0,NA,0,2,NA,1,NA,NA",2,0.004716091303527636,82.10479154876438
"NA,NA,NA,NA,0,2,1,NA,NA",2,0.004716091303527636,82.10950764006792
"NA,0,NA,2,2,1,2,NA,NA",2,0.004716091303527636,82.11422373137144
"1,2,NA,0,0,NA,0,NA,NA",2,0.004716091303527636,82.11893982267496
"2,2,2,2,2,2,NA,1,0",2,0.004716091303527636,82.1236559139785
"2,1,NA,2,1,NA,2,NA,NA",2,0.004716091303527636,82.12837200528202
"NA,0,2,NA,NA,2,2,2,NA",2,0.004716091303527636,82.13308809658555
"2,NA,NA,2,1,NA,1,NA,2",2,0.004716091303527636,82.13780418788907
"2,NA,2,NA,NA,2,2,2,1",2,0.004716091303527636,82.14252027919261
"NA,2,2,NA,NA,NA,2,2,1",2,0.004716091303527636,82.14723637049613
"1,2,0,0,2,2,2,NA,NA",2,0.004716091303527636,82.15195246179967
"2,2,0,0,2,2,0,2,0",2,0.004716091303527636,82.15666855310319
"2,1,NA,2,2,NA,1,NA,2",2,0.004716091303527636,82.16138464440672
"NA,2,NA,1,1,2,NA,NA,1",2,0.004716091303527636,82.16610073571024
"0,NA,1,NA,NA,NA,NA,0,NA",2,0.004716091303527636,82.17081682701377
"2,NA,0,2,2,0,0,NA,NA",2,0.004716091303527636,82.1755329183173
"2,2,0,2,0,NA,2,0,2",2,0.004716091303527636,82.18024900962084
"2,NA,1,2,2,2,2,NA,0",2,0.004716091303527636,82.18496510092436
"NA,2,NA,2,1,NA,0,2,NA",2,0.004716091303527636,82.18968119222788
"1,1,2,2,2,1,2,2,0",2,0.004716091303527636,82.1943972835314
"2,2,1,1,1,0,2,2,2",2,0.004716091303527636,82.19911337483494
"2,2,1,1,2,1,2,1,1",2,0.004716091303527636,82.20382946613847
"2,0,NA,2,2,NA,2,0,2",2,0.004716091303527636,82.208545557442
"NA,0,2,2,2,2,2,2,1",2,0.004716091303527636,82.21326164874552
"NA,2,2,0,0,0,NA,NA,NA",2,0.004716091303527636,82.21797774004904
"2,NA,2,2,2,2,2,1,2",2,0.004716091303527636,82.22269383135257
"2,0,NA,2,2,NA,NA,NA,2",2,0.004716091303527636,82.22740992265611
"2,0,0,1,2,2,2,NA,2",2,0.004716091303527636,82.23212601395963
"2,2,2,NA,0,2,2,NA,NA",2,0.004716091303527636,82.23684210526315
"0,NA,NA,NA,1,0,2,NA,2",2,0.004716091303527636,82.24155819656669
"2,0,NA,NA,NA,2,2,NA,1",2,0.004716091303527636,82.24627428787021
"0,0,2,NA,0,2,2,2,2",2,0.004716091303527636,82.25099037917374
"2,NA,2,2,2,2,1,NA,2",2,0.004716091303527636,82.25570647047726
"2,0,NA,1,2,1,2,NA,NA",2,0.004716091303527636,82.2604225617808
"2,NA,NA,2,2,NA,2,0,NA",2,0.004716091303527636,82.26513865308432
"2,0,2,2,2,NA,1,2,2",2,0.004716091303527636,82.26985474438784
"2,2,2,0,NA,0,2,2,2",2,0.004716091303527636,82.27457083569138
"NA,NA,NA,NA,NA,1,1,NA,1",2,0.004716091303527636,82.27928692699491
"2,1,NA,0,2,0,NA,NA,NA",2,0.004716091303527636,82.28400301829843
"1,2,NA,2,2,NA,1,NA,NA",2,0.004716091303527636,82.28871910960196
"NA,2,2,1,2,2,1,2,2",2,0.004716091303527636,82.29343520090549
"2,2,2,1,2,2,0,NA,NA",2,0.004716091303527636,82.29815129220903
"1,NA,NA,0,1,NA,NA,NA,NA",2,0.004716091303527636,82.30286738351255
"0,0,1,2,1,NA,1,NA,2",2,0.004716091303527636,82.30758347481607
"2,0,2,2,2,2,0,1,NA",1,0.002358045651763818,82.30994152046783
"2,2,2,0,2,2,0,0,0",1,0.002358045651763818,82.31229956611959
"2,2,2,1,1,NA,1,NA,2",1,0.002358045651763818,82.31465761177137
"1,2,2,0,1,2,0,2,2",1,0.002358045651763818,82.31701565742313
"2,2,2,1,NA,2,0,NA,NA",1,0.002358045651763818,82.31937370307489
"2,1,2,0,2,NA,2,NA,2",1,0.002358045651763818,82.32173174872666
"1,1,0,2,0,2,0,1,0",1,0.002358045651763818,82.32408979437842
"2,2,0,0,0,NA,2,2,2",1,0.002358045651763818,82.32644784003018
"0,NA,1,2,2,NA,2,NA,2",1,0.002358045651763818,82.32880588568194
"2,2,2,1,2,0,0,2,1",1,0.002358045651763818,82.3311639313337
"1,NA,1,0,0,2,0,2,NA",1,0.002358045651763818,82.33352197698548
"2,2,NA,0,0,NA,2,2,2",1,0.002358045651763818,82.33588002263724
"2,NA,2,1,1,0,NA,1,NA",1,0.002358045651763818,82.338238068289
"2,2,2,2,2,1,0,0,2",1,0.002358045651763818,82.34059611394076
"2,2,NA,NA,1,NA,2,2,1",1,0.002358045651763818,82.34295415959252
"2,NA,0,0,NA,2,0,1,2",1,0.002358045651763818,82.3453122052443
"0,NA,NA,2,2,2,0,NA,0",1,0.002358045651763818,82.34767025089606
"NA,2,NA,1,2,2,NA,NA,2",1,0.002358045651763818,82.35002829654782
"NA,NA,1,1,1,2,1,0,NA",1,0.002358045651763818,82.3523863421996
"1,2,2,2,1,2,1,NA,2",1,0.002358045651763818,82.35474438785135
"0,2,1,2,1,NA,NA,NA,1",1,0.002358045651763818,82.35710243350312
"2,1,NA,1,2,2,1,NA,NA",1,0.002358045651763818,82.35946047915488
"2,0,NA,NA,NA,1,2,NA,2",1,0.002358045651763818,82.36181852480664
"NA,NA,1,NA,NA,0,NA,1,NA",1,0.002358045651763818,82.3641765704584
"1,1,2,2,NA,2,NA,2,NA",1,0.002358045651763818,82.36653461611016
"2,1,0,2,2,NA,2,2,0",1,0.002358045651763818,82.36889266176193
"NA,1,0,0,0,2,2,0,2",1,0.002358045651763818,82.3712507074137
"2,NA,2,NA,2,1,NA,NA,NA",1,0.002358045651763818,82.37360875306547
"NA,0,NA,1,NA,NA,NA,0,NA",1,0.002358045651763818,82.37596679871723
"2,2,0,2,2,NA,2,NA,1",1,0.002358045651763818,82.37832484436899
"2,2,0,NA,1,2,2,NA,1",1,0.002358045651763818,82.38068289002075
"NA,1,2,0,2,2,1,NA,1",1,0.002358045651763818,82.38304093567251
"0,1,2,2,2,2,0,1,0",1,0.002358045651763818,82.38539898132427
"0,2,NA,1,2,1,2,NA,NA",1,0.002358045651763818,82.38775702697603
"1,NA,2,2,2,1,0,NA,NA",1,0.002358045651763818,82.39011507262781
"0,1,0,2,2,2,2,NA,0",1,0.002358045651763818,82.39247311827957
"1,NA,1,2,0,NA,0,2,NA",1,0.002358045651763818,82.39483116393134
"NA,0,NA,0,0,0,2,NA,NA",1,0.002358045651763818,82.3971892095831
"0,1,NA,2,2,2,2,0,2",1,0.002358045651763818,82.39954725523486
"1,2,NA,0,2,NA,NA,1,NA",1,0.002358045651763818,82.40190530088663
"0,2,2,NA,1,NA,2,2,2",1,0.002358045651763818,82.40426334653839
"2,NA,2,2,2,1,2,2,2",1,0.002358045651763818,82.40662139219015
"0,2,2,NA,NA,NA,1,2,1",1,0.002358045651763818,82.40897943784191
"1,NA,0,NA,NA,NA,0,NA,NA",1,0.002358045651763818,82.41133748349368
"2,2,2,NA,NA,NA,0,2,0",1,0.002358045651763818,82.41369552914544
"0,2,NA,0,0,0,2,NA,NA",1,0.002358045651763818,82.4160535747972
"2,2,2,NA,1,NA,NA,2,0",1,0.002358045651763818,82.41841162044898
"1,2,NA,0,0,NA,1,2,NA",1,0.002358045651763818,82.42076966610074
"2,NA,2,2,2,2,0,0,NA",1,0.002358045651763818,82.4231277117525
"NA,NA,NA,0,0,2,2,NA,0",1,0.002358045651763818,82.42548575740426
"0,NA,1,NA,NA,2,1,NA,2",1,0.002358045651763818,82.42784380305602
"2,0,NA,2,1,2,1,NA,NA",1,0.002358045651763818,82.4302018487078
"0,NA,0,2,2,NA,0,NA,NA",1,0.002358045651763818,82.43255989435956
"NA,1,0,NA,2,0,2,2,NA",1,0.002358045651763818,82.43491794001132
"NA,2,1,NA,NA,2,NA,0,NA",1,0.002358045651763818,82.43727598566308
"0,2,1,2,2,2,1,NA,2",1,0.002358045651763818,82.43963403131485
"NA,2,2,2,2,1,NA,1,2",1,0.002358045651763818,82.44199207696661
"0,0,0,2,1,2,2,2,2",1,0.002358045651763818,82.44435012261837
"NA,1,NA,0,0,NA,0,0,2",1,0.002358045651763818,82.44670816827013
"NA,2,2,2,NA,0,0,1,NA",1,0.002358045651763818,82.44906621392191
"2,2,0,2,1,NA,2,2,2",1,0.002358045651763818,82.45142425957367
"NA,1,1,NA,1,2,1,1,NA",1,0.002358045651763818,82.45378230522543
"NA,NA,NA,1,2,2,2,1,2",1,0.002358045651763818,82.45614035087719
"0,2,2,1,1,2,2,1,1",1,0.002358045651763818,82.45849839652895
"2,2,2,2,2,0,NA,1,NA",1,0.002358045651763818,82.46085644218071
"0,NA,NA,1,2,NA,2,2,2",1,0.002358045651763818,82.46321448783249
"1,NA,NA,1,2,NA,1,NA,NA",1,0.002358045651763818,82.46557253348425
"2,0,0,2,2,2,0,NA,0",1,0.002358045651763818,82.46793057913602
"2,NA,NA,1,2,NA,1,NA,2",1,0.002358045651763818,82.47028862478778
"2,0,NA,1,2,NA,2,2,0",1,0.002358045651763818,82.47264667043954
"NA,2,0,2,2,2,1,2,0",1,0.002358045651763818,82.4750047160913
"0,2,2,2,2,0,0,1,2",1,0.002358045651763818,82.47736276174307
"1,NA,NA,2,NA,2,1,NA,NA",1,0.002358045651763818,82.47972080739483
"2,0,NA,NA,0,2,2,NA,1",1,0.002358045651763818,82.48207885304659
"0,2,NA,1,2,2,0,0,2",1,0.002358045651763818,82.48443689869835
"2,1,2,NA,NA,NA,1,NA,1",1,0.002358045651763818,82.48679494435012
"0,2,2,1,2,2,0,2,2",1,0.002358045651763818,82.48915299000188
"0,NA,2,2,1,0,2,2,2",1,0.002358045651763818,82.49151103565366
"2,NA,1,1,1,2,2,2,2",1,0.002358045651763818,82.49386908130542
"2,1,2,0,0,1,2,2,NA",1,0.002358045651763818,82.49622712695718
"0,2,1,NA,NA,2,NA,1,NA",1,0.002358045651763818,82.49858517260894
"2,0,2,2,2,0,1,NA,NA",1,0.002358045651763818,82.5009432182607
"2,2,0,0,0,NA,0,0,1",1,0.002358045651763818,82.50330126391246
"2,1,0,2,0,0,0,2,NA",1,0.002358045651763818,82.50565930956422
"NA,NA,2,0,1,2,2,NA,NA",1,0.002358045651763818,82.508017355216
"NA,0,2,2,0,1,NA,2,NA",1,0.002358045651763818,82.51037540086776
"1,0,2,2,2,2,NA,NA,2",1,0.002358045651763818,82.51273344651952
"0,NA,1,2,1,0,2,NA,2",1,0.002358045651763818,82.5150914921713
"0,2,2,NA,NA,NA,0,0,NA",1,0.002358045651763818,82.51744953782305
"NA,2,2,2,2,1,1,0,2",1,0.002358045651763818,82.51980758347482
"2,2,1,0,2,0,2,1,1",1,0.002358045651763818,82.52216562912658
"2,0,2,2,2,NA,1,2,0",1,0.002358045651763818,82.52452367477834
"0,1,NA,NA,2,0,2,2,NA",1,0.002358045651763818,82.52688172043011
"1,NA,NA,0,0,0,0,NA,NA",1,0.002358045651763818,82.52923976608187
"NA,NA,0,2,1,NA,0,NA,NA",1,0.002358045651763818,82.53159781173363
"1,NA,NA,0,NA,NA,NA,1,NA",1,0.002358045651763818,82.5339558573854
"2,2,2,1,1,1,2,1,2",1,0.002358045651763818,82.53631390303717
"NA,1,0,2,0,0,2,NA,0",1,0.002358045651763818,82.53867194868893
"NA,NA,1,NA,NA,1,NA,2,NA",1,0.002358045651763818,82.54102999434069
"2,NA,1,2,2,NA,2,NA,NA",1,0.002358045651763818,82.54338803999245
"1,NA,NA,1,2,0,2,NA,NA",1,0.002358045651763818,82.54574608564423
"NA,1,2,2,2,NA,NA,NA,NA",1,0.002358045651763818,82.54810413129599
"1,2,2,0,NA,1,2,2,2",1,0.002358045651763818,82.55046217694775
"2,NA,NA,NA,NA,NA,0,NA,2",1,0.002358045651763818,82.55282022259951
"0,2,1,1,2,NA,2,2,2",1,0.002358045651763818,82.55517826825127
"0,0,NA,2,0,2,2,NA,2",1,0.002358045651763818,82.55753631390303
"NA,2,2,2,NA,NA,NA,2,1",1,0.002358045651763818,82.5598943595548
"2,NA,NA,2,0,1,2,NA,NA",1,0.002358045651763818,82.56225240520656
"2,1,NA,0,2,2,2,NA,2",1,0.002358045651763818,82.56461045085834
"NA,2,NA,NA,1,1,NA,NA,1",1,0.002358045651763818,82.5669684965101
"0,2,2,2,2,1,NA,2,NA",1,0.002358045651763818,82.56932654216186
"NA,NA,0,0,0,0,1,0,2",1,0.002358045651763818,82.57168458781362
"1,1,1,2,2,2,2,0,2",1,0.002358045651763818,82.57404263346538
"2,1,1,2,1,2,1,NA,2",1,0.002358045651763818,82.57640067911714
"2,2,NA,0,NA,NA,2,NA,2",1,0.002358045651763818,82.5787587247689
"2,2,1,2,1,2,NA,0,2",1,0.002358045651763818,82.58111677042066
"NA,2,0,2,0,2,NA,2,NA",1,0.002358045651763818,82.58347481607244
"0,2,0,0,2,0,2,0,NA",1,0.002358045651763818,82.58583286172421
"NA,2,NA,2,1,NA,NA,2,NA",1,0.002358045651763818,82.58819090737597
"2,2,NA,2,1,NA,1,0,NA",1,0.002358045651763818,82.59054895302774
"0,2,NA,NA,NA,1,2,NA,0",1,0.002358045651763818,82.5929069986795
"2,1,1,2,2,NA,NA,2,NA",1,0.002358045651763818,82.59526504433126
"2,NA,NA,1,NA,0,2,NA,NA",1,0.002358045651763818,82.59762308998302
"2,NA,1,2,1,NA,1,NA,2",1,0.002358045651763818,82.59998113563478
"NA,NA,NA,0,0,2,2,NA,1",1,0.002358045651763818,82.60233918128655
"0,NA,2,NA,NA,NA,NA,0,NA",1,0.002358045651763818,82.60469722693831
"0,2,1,1,1,1,NA,NA,NA",1,0.002358045651763818,82.60705527259007
"1,NA,NA,1,1,NA,1,1,1",1,0.002358045651763818,82.60941331824185
"2,NA,0,0,NA,NA,NA,NA,2",1,0.002358045651763818,82.61177136389361
"2,1,NA,2,1,1,NA,NA,NA",1,0.002358045651763818,82.61412940954537
"2,NA,2,1,NA,2,1,2,1",1,0.002358045651763818,82.61648745519713
"NA,NA,1,NA,NA,NA,0,0,NA",1,0.002358045651763818,82.61884550084889
"1,2,2,2,2,NA,0,2,0",1,0.002358045651763818,82.62120354650067
"2,2,2,1,2,0,1,NA,0",1,0.002358045651763818,82.62356159215243
"NA,NA,2,2,1,NA,0,NA,NA",1,0.002358045651763818,82.62591963780419
"0,0,2,NA,2,2,2,2,NA",1,0.002358045651763818,82.62827768345595
"0,0,2,2,NA,2,2,2,0",1,0.002358045651763818,82.63063572910771
"1,2,2,2,2,0,0,2,2",1,0.002358045651763818,82.63299377475948
"2,2,NA,1,1,NA,0,2,1",1,0.002358045651763818,82.63535182041124
"2,0,NA,2,0,2,0,NA,2",1,0.002358045651763818,82.637709866063
"NA,2,NA,NA,1,NA,2,NA,1",1,0.002358045651763818,82.64006791171478
"NA,NA,2,0,2,2,0,NA,0",1,0.002358045651763818,82.64242595736654
"2,2,2,2,0,NA,1,0,NA",1,0.002358045651763818,82.6447840030183
"NA,NA,NA,0,0,2,1,NA,2",1,0.002358045651763818,82.64714204867006
"2,NA,NA,0,1,1,0,NA,2",1,0.002358045651763818,82.64950009432182
"2,NA,0,NA,2,NA,1,NA,2",1,0.002358045651763818,82.65185813997358
"NA,NA,2,NA,NA,0,0,2,NA",1,0.002358045651763818,82.65421618562534
"NA,NA,2,NA,2,NA,2,0,NA",1,0.002358045651763818,82.65657423127712
"2,2,2,0,0,NA,2,0,0",1,0.002358045651763818,82.65893227692888
"NA,1,2,0,0,NA,0,0,NA",1,0.002358045651763818,82.66129032258065
"2,2,2,0,2,2,NA,0,2",1,0.002358045651763818,82.66364836823242
"NA,NA,0,0,2,0,0,NA,2",1,0.002358045651763818,82.66600641388418
"2,NA,NA,NA,2,NA,NA,1,NA",1,0.002358045651763818,82.66836445953594
"1,NA,2,2,2,NA,NA,NA,NA",1,0.002358045651763818,82.6707225051877
"1,2,1,1,1,1,2,NA,2",1,0.002358045651763818,82.67308055083946
"0,2,2,NA,2,1,2,2,NA",1,0.002358045651763818,82.67543859649122
"NA,NA,0,1,1,2,2,2,1",1,0.002358045651763818,82.677796642143
"2,0,1,2,1,1,1,0,1",1,0.002358045651763818,82.68015468779475
"NA,2,1,NA,NA,1,2,2,NA",1,0.002358045651763818,82.68251273344653
"2,1,2,1,2,NA,2,1,1",1,0.002358045651763818,82.68487077909829
"1,2,NA,NA,NA,1,2,NA,NA",1,0.002358045651763818,82.68722882475005
"2,2,2,1,2,NA,1,1,1",1,0.002358045651763818,82.68958687040181
"2,2,2,0,0,0,NA,2,NA",1,0.002358045651763818,82.69194491605357
"2,2,NA,2,2,2,0,0,1",1,0.002358045651763818,82.69430296170533
"1,2,2,2,2,0,2,NA,2",1,0.002358045651763818,82.6966610073571
"1,2,1,1,1,NA,2,1,1",1,0.002358045651763818,82.69901905300887
"2,1,2,1,1,2,1,1,1",1,0.002358045651763818,82.70137709866063
"2,2,NA,2,2,0,NA,0,NA",1,0.002358045651763818,82.70373514431239
"NA,2,2,1,1,1,2,2,2",1,0.002358045651763818,82.70609318996416
"NA,2,2,2,2,NA,2,0,NA",1,0.002358045651763818,82.70845123561593
"1,NA,NA,NA,NA,2,0,NA,2",1,0.002358045651763818,82.71080928126769
"2,2,0,2,2,NA,1,NA,NA",1,0.002358045651763818,82.71316732691945
"2,2,NA,2,0,NA,2,NA,0",1,0.002358045651763818,82.71552537257121
"2,2,NA,2,2,NA,1,1,NA",1,0.002358045651763818,82.71788341822298
"NA,2,NA,0,0,2,0,0,0",1,0.002358045651763818,82.72024146387474
"NA,0,NA,NA,NA,1,1,NA,NA",1,0.002358045651763818,82.7225995095265
"NA,2,NA,0,0,2,2,NA,2",1,0.002358045651763818,82.72495755517826
"NA,2,2,1,NA,2,2,2,0",1,0.002358045651763818,82.72731560083002
"0,0,NA,2,2,2,NA,0,NA",1,0.002358045651763818,82.7296736464818
"0,1,NA,2,2,1,0,0,0",1,0.002358045651763818,82.73203169213356
"0,2,1,2,2,NA,NA,NA,NA",1,0.002358045651763818,82.73438973778532
"2,2,2,NA,2,1,2,1,NA",1,0.002358045651763818,82.7367477834371
"2,2,2,1,NA,NA,2,NA,NA",1,0.002358045651763818,82.73910582908886
"2,1,2,NA,0,0,2,2,NA",1,0.002358045651763818,82.74146387474062
"1,2,2,2,0,0,NA,0,NA",1,0.002358045651763818,82.74382192039238
"2,NA,2,2,NA,0,0,NA,NA",1,0.002358045651763818,82.74617996604414
"1,NA,NA,NA,2,2,0,NA,NA",1,0.002358045651763818,82.7485380116959
"2,0,NA,2,2,1,NA,NA,1",1,0.002358045651763818,82.75089605734766
"1,NA,NA,2,0,NA,0,NA,2",1,0.002358045651763818,82.75325410299943
"NA,2,NA,2,0,NA,0,0,1",1,0.002358045651763818,82.75561214865121
"NA,1,0,NA,NA,NA,NA,2,NA",1,0.002358045651763818,82.75797019430297
"NA,NA,NA,0,2,2,0,2,2",1,0.002358045651763818,82.76032823995473
"2,0,1,NA,2,1,2,1,0",1,0.002358045651763818,82.76268628560649
"1,2,1,1,1,1,2,2,1",1,0.002358045651763818,82.76504433125825
"2,1,0,NA,NA,1,2,2,2",1,0.002358045651763818,82.76740237691001
"1,NA,NA,NA,NA,NA,1,NA,2",1,0.002358045651763818,82.76976042256177
"2,NA,0,2,NA,NA,0,NA,NA",1,0.002358045651763818,82.77211846821353
"2,2,2,0,0,1,2,NA,2",1,0.002358045651763818,82.77447651386531
"NA,NA,2,1,2,2,2,2,1",1,0.002358045651763818,82.77683455951707
"0,2,1,NA,NA,2,2,0,0",1,0.002358045651763818,82.77919260516884
"2,2,0,2,0,0,0,NA,2",1,0.002358045651763818,82.7815506508206
"2,0,2,NA,2,2,NA,2,NA",1,0.002358045651763818,82.78390869647237
"NA,NA,2,NA,2,0,2,NA,2",1,0.002358045651763818,82.78626674212413
"NA,NA,1,2,NA,2,1,0,NA",1,0.002358045651763818,82.78862478777589
"2,NA,NA,1,2,0,1,NA,2",1,0.002358045651763818,82.79098283342765
"2,0,NA,0,1,2,NA,NA,NA",1,0.002358045651763818,82.79334087907942
"2,2,NA,1,NA,2,2,1,2",1,0.002358045651763818,82.79569892473118
"NA,0,0,2,2,0,NA,2,NA",1,0.002358045651763818,82.79805697038294
"2,0,2,2,2,NA,1,2,NA",1,0.002358045651763818,82.8004150160347
"2,2,0,2,0,NA,NA,NA,2",1,0.002358045651763818,82.80277306168648
"NA,2,1,NA,0,NA,NA,NA,NA",1,0.002358045651763818,82.80513110733824
"NA,2,NA,NA,0,NA,0,NA,NA",1,0.002358045651763818,82.80748915299
"1,NA,2,2,0,2,0,NA,NA",1,0.002358045651763818,82.80984719864176
"0,2,NA,2,1,2,1,NA,2",1,0.002358045651763818,82.81220524429352
"NA,1,2,2,2,NA,0,1,2",1,0.002358045651763818,82.8145632899453
"2,0,NA,2,0,1,2,2,2",1,0.002358045651763818,82.81692133559706
"0,1,1,1,1,2,2,NA,2",1,0.002358045651763818,82.81927938124882
"NA,NA,2,NA,1,1,2,2,0",1,0.002358045651763818,82.82163742690058
"2,2,2,2,2,NA,NA,1,1",1,0.002358045651763818,82.82399547255235
"0,2,NA,NA,2,2,2,NA,NA",1,0.002358045651763818,82.82635351820412
"2,1,2,2,2,0,2,1,2",1,0.002358045651763818,82.82871156385588
"2,2,2,0,2,1,2,NA,2",1,0.002358045651763818,82.83106960950764
"NA,NA,NA,2,1,1,0,2,NA",1,0.002358045651763818,82.83342765515941
"0,NA,2,2,2,0,0,2,NA",1,0.002358045651763818,82.83578570081117
"2,NA,0,NA,NA,1,NA,2,2",1,0.002358045651763818,82.83814374646293
"0,0,2,2,2,NA,NA,2,1",1,0.002358045651763818,82.8405017921147
"2,NA,NA,NA,2,0,NA,2,NA",1,0.002358045651763818,82.84285983776645
"2,NA,NA,0,2,NA,2,0,NA",1,0.002358045651763818,82.84521788341821
"2,2,1,NA,NA,2,NA,NA,NA",1,0.002358045651763818,82.84757592906999
"0,1,0,0,0,NA,0,NA,NA",1,0.002358045651763818,82.84993397472175
"2,1,NA,2,1,0,2,2,1",1,0.002358045651763818,82.85229202037353
"NA,NA,1,0,0,1,NA,NA,2",1,0.002358045651763818,82.85465006602529
"NA,1,NA,1,0,NA,NA,NA,NA",1,0.002358045651763818,82.85700811167705
"NA,NA,0,2,NA,NA,NA,2,2",1,0.002358045651763818,82.85936615732881
"2,1,2,2,1,1,1,2,NA",1,0.002358045651763818,82.86172420298057
"2,2,NA,0,1,NA,1,0,0",1,0.002358045651763818,82.86408224863233
"2,1,NA,NA,2,0,NA,NA,0",1,0.002358045651763818,82.86644029428409
"1,0,NA,0,0,NA,0,NA,0",1,0.002358045651763818,82.86879833993585
"2,1,1,NA,NA,0,2,2,NA",1,0.002358045651763818,82.87115638558762
"NA,2,NA,2,1,2,2,NA,1",1,0.002358045651763818,82.87351443123939
"NA,2,0,NA,NA,1,NA,NA,NA",1,0.002358045651763818,82.87587247689116
"NA,NA,NA,NA,1,1,2,NA,2",1,0.002358045651763818,82.87823052254292
"NA,2,NA,1,2,2,1,NA,2",1,0.002358045651763818,82.88058856819468
"NA,NA,NA,1,1,NA,NA,0,NA",1,0.002358045651763818,82.88294661384644
"0,0,1,2,2,NA,2,2,1",1,0.002358045651763818,82.8853046594982
"NA,1,NA,NA,0,0,2,2,NA",1,0.002358045651763818,82.88766270514996
"2,2,2,2,2,NA,1,1,1",1,0.002358045651763818,82.89002075080174
"NA,NA,2,1,2,NA,NA,2,NA",1,0.002358045651763818,82.8923787964535
"1,NA,2,NA,0,NA,2,2,NA",1,0.002358045651763818,82.89473684210526
"2,0,NA,1,1,1,NA,2,1",1,0.002358045651763818,82.89709488775702
"1,2,2,NA,0,2,2,2,NA",1,0.002358045651763818,82.8994529334088
"2,NA,NA,2,2,NA,1,0,2",1,0.002358045651763818,82.90181097906056
"NA,2,2,1,NA,NA,NA,2,2",1,0.002358045651763818,82.90416902471232
"0,NA,1,2,2,2,2,2,1",1,0.002358045651763818,82.90652707036408
"NA,NA,NA,2,0,2,0,1,NA",1,0.002358045651763818,82.90888511601585
"2,2,2,2,0,2,2,1,1",1,0.002358045651763818,82.91124316166761
"0,NA,NA,NA,NA,2,2,NA,0",1,0.002358045651763818,82.91360120731937
"NA,2,0,2,2,2,NA,2,NA",1,0.002358045651763818,82.91595925297113
"NA,0,2,2,1,2,NA,2,2",1,0.002358045651763818,82.9183172986229
"1,NA,NA,2,1,1,2,NA,NA",1,0.002358045651763818,82.92067534427467
"NA,2,NA,0,0,2,2,2,2",1,0.002358045651763818,82.92303338992643
"NA,NA,2,1,2,0,2,2,2",1,0.002358045651763818,82.92539143557819
"1,2,0,2,2,1,0,NA,NA",1,0.002358045651763818,82.92774948122997
"NA,2,2,1,2,2,2,0,1",1,0.002358045651763818,82.93010752688173
"1,1,NA,2,2,NA,2,0,2",1,0.002358045651763818,82.93246557253349
"1,2,2,2,1,NA,1,2,2",1,0.002358045651763818,82.93482361818525
"2,0,NA,2,1,1,2,NA,NA",1,0.002358045651763818,82.93718166383701
"0,2,1,0,0,NA,1,NA,NA",1,0.002358045651763818,82.93953970948877
"0,2,0,0,2,NA,2,0,NA",1,0.002358045651763818,82.94189775514053
"2,NA,1,1,1,NA,NA,NA,NA",1,0.002358045651763818,82.9442558007923
"2,2,1,1,1,NA,NA,0,2",1,0.002358045651763818,82.94661384644407
"NA,NA,2,2,1,2,2,1,0",1,0.002358045651763818,82.94897189209584
"NA,2,1,NA,NA,NA,1,2,NA",1,0.002358045651763818,82.9513299377476
"1,2,NA,2,2,0,1,2,2",1,0.002358045651763818,82.95368798339936
"2,1,NA,1,1,0,2,2,1",1,0.002358045651763818,82.95604602905112
"2,0,1,NA,1,2,NA,2,NA",1,0.002358045651763818,82.95840407470288
"1,2,1,2,1,2,2,2,1",1,0.002358045651763818,82.96076212035464
"NA,2,2,0,NA,2,2,NA,NA",1,0.002358045651763818,82.9631201660064
"0,1,NA,2,2,0,1,NA,2",1,0.002358045651763818,82.96547821165817
"NA,0,NA,2,2,NA,2,2,2",1,0.002358045651763818,82.96783625730994
"NA,1,1,2,2,0,1,0,1",1,0.002358045651763818,82.97019430296172
"0,1,0,2,0,2,0,NA,NA",1,0.002358045651763818,82.97255234861348
"1,0,0,2,2,2,1,NA,NA",1,0.002358045651763818,82.97491039426524
"2,1,0,2,2,2,2,0,0",1,0.002358045651763818,82.977268439917
"NA,NA,1,2,2,2,2,2,2",1,0.002358045651763818,82.97962648556876
"2,2,2,0,NA,2,0,1,2",1,0.002358045651763818,82.98198453122052
"2,2,0,1,2,2,0,2,1",1,0.002358045651763818,82.98434257687228
"2,NA,1,2,NA,0,2,NA,NA",1,0.002358045651763818,82.98670062252405
"NA,2,NA,NA,NA,NA,1,2,NA",1,0.002358045651763818,82.98905866817582
"2,2,2,NA,NA,2,1,2,0",1,0.002358045651763818,82.99141671382758
"0,0,2,0,2,NA,2,2,2",1,0.002358045651763818,82.99377475947935
"1,1,2,0,NA,2,2,NA,NA",1,0.002358045651763818,82.99613280513111
"2,2,NA,2,NA,NA,2,NA,1",1,0.002358045651763818,82.99849085078287
"2,1,1,NA,NA,NA,0,NA,NA",1,0.002358045651763818,83.00084889643463
"NA,0,0,NA,NA,NA,NA,0,NA",1,0.002358045651763818,83.0032069420864
"2,NA,2,NA,2,2,2,2,1",1,0.002358045651763818,83.00556498773817
"0,0,2,0,NA,NA,NA,2,NA",1,0.002358045651763818,83.00792303338993
"NA,NA,0,2,0,0,0,NA,NA",1,0.002358045651763818,83.01028107904169
"2,1,1,1,1,2,1,2,1",1,0.002358045651763818,83.01263912469345
"2,NA,1,NA,1,NA,2,NA,2",1,0.002358045651763818,83.01499717034521
"NA,2,2,2,2,0,0,2,0",1,0.002358045651763818,83.01735521599699
"0,NA,0,NA,NA,0,NA,2,NA",1,0.002358045651763818,83.01971326164875
"1,2,2,1,2,1,2,2,1",1,0.002358045651763818,83.02207130730051
"2,NA,2,2,1,2,0,2,NA",1,0.002358045651763818,83.02442935295228
"NA,2,0,2,0,2,NA,1,NA",1,0.002358045651763818,83.02678739860404
"NA,2,NA,0,0,0,2,NA,0",1,0.002358045651763818,83.0291454442558
"NA,0,NA,2,0,2,2,NA,NA",1,0.002358045651763818,83.03150348990756
"0,NA,NA,2,NA,0,2,NA,NA",1,0.002358045651763818,83.03386153555932
"NA,2,2,NA,1,1,NA,NA,NA",1,0.002358045651763818,83.03621958121109
"1,2,1,1,1,2,2,1,1",1,0.002358045651763818,83.03857762686285
"2,1,2,2,NA,2,1,1,1",1,0.002358045651763818,83.04093567251462
"NA,NA,1,1,2,NA,1,2,2",1,0.002358045651763818,83.04329371816638
"0,2,0,2,1,2,2,2,1",1,0.002358045651763818,83.04565176381816
"2,0,NA,1,2,2,2,2,NA",1,0.002358045651763818,83.04800980946992
"NA,0,0,NA,NA,NA,NA,1,NA",1,0.002358045651763818,83.05036785512168
"2,NA,1,NA,NA,2,NA,2,0",1,0.002358045651763818,83.05272590077344
"0,NA,NA,0,2,NA,2,1,NA",1,0.002358045651763818,83.0550839464252
"NA,NA,1,2,2,0,1,NA,1",1,0.002358045651763818,83.05744199207696
"NA,2,2,2,2,NA,1,2,NA",1,0.002358045651763818,83.05980003772872
"2,1,2,2,2,2,NA,2,1",1,0.002358045651763818,83.0621580833805
"0,2,0,NA,NA,NA,2,NA,2",1,0.002358045651763818,83.06451612903226
"2,NA,2,1,2,0,1,2,2",1,0.002358045651763818,83.06687417468403
"2,2,2,NA,2,2,0,2,NA",1,0.002358045651763818,83.06923222033579
"2,2,1,2,1,1,2,NA,1",1,0.002358045651763818,83.07159026598755
"0,0,0,2,0,2,2,0,NA",1,0.002358045651763818,83.07394831163931
"2,0,2,NA,NA,0,0,2,NA",1,0.002358045651763818,83.07630635729107
"1,2,NA,2,2,NA,1,0,1",1,0.002358045651763818,83.07866440294283
"NA,2,2,2,0,2,2,NA,2",1,0.002358045651763818,83.08102244859461
"1,NA,NA,2,NA,NA,NA,2,NA",1,0.002358045651763818,83.08338049424637
"2,1,1,2,2,2,2,1,1",1,0.002358045651763818,83.08573853989813
"2,NA,NA,0,0,2,0,NA,1",1,0.002358045651763818,83.08809658554989
"2,1,2,NA,2,1,NA,NA,NA",1,0.002358045651763818,83.09045463120167
"1,0,NA,2,2,2,1,2,1",1,0.002358045651763818,83.09281267685343
"1,2,0,NA,NA,NA,0,2,NA",1,0.002358045651763818,83.09517072250519
"NA,NA,NA,NA,0,1,NA,NA,2",1,0.002358045651763818,83.09752876815695
"NA,NA,NA,NA,1,2,1,2,2",1,0.002358045651763818,83.09988681380871
"1,1,0,0,0,2,0,NA,NA",1,0.002358045651763818,83.10224485946048
"2,NA,NA,2,2,NA,NA,1,NA",1,0.002358045651763818,83.10460290511224
"0,1,0,2,2,NA,0,2,NA",1,0.002358045651763818,83.106960950764
"NA,NA,2,0,0,0,1,0,NA",1,0.002358045651763818,83.10931899641577
"2,0,2,1,2,NA,NA,NA,NA",1,0.002358045651763818,83.11167704206753
"NA,2,NA,NA,NA,NA,0,NA,1",1,0.002358045651763818,83.1140350877193
"2,2,1,2,2,1,1,1,2",1,0.002358045651763818,83.11639313337106
"NA,NA,NA,0,2,2,2,2,NA",1,0.002358045651763818,83.11875117902282
"NA,2,NA,2,NA,1,0,NA,0",1,0.002358045651763818,83.1211092246746
"0,2,NA,1,2,2,2,1,2",1,0.002358045651763818,83.12346727032636
"2,1,1,2,2,2,1,NA,2",1,0.002358045651763818,83.12582531597812
"1,NA,NA,0,0,NA,NA,NA,1",1,0.002358045651763818,83.12818336162988
"2,2,2,NA,0,0,NA,2,NA",1,0.002358045651763818,83.13054140728164
"1,2,1,1,2,0,2,2,1",1,0.002358045651763818,83.1328994529334
"0,NA,NA,NA,NA,2,2,2,0",1,0.002358045651763818,83.13525749858516
"NA,NA,0,1,2,NA,0,NA,1",1,0.002358045651763818,83.13761554423694
"2,2,1,0,2,NA,2,NA,2",1,0.002358045651763818,83.13997358988871
"1,2,NA,2,2,0,2,2,2",1,0.002358045651763818,83.14233163554047
"NA,0,NA,1,2,0,1,NA,1",1,0.002358045651763818,83.14468968119223
"NA,NA,2,2,0,0,2,2,1",1,0.002358045651763818,83.147047726844
"2,NA,NA,1,1,NA,2,1,2",1,0.002358045651763818,83.14940577249575
"2,2,1,1,2,0,0,NA,NA",1,0.002358045651763818,83.15176381814751
"0,2,2,2,0,1,2,2,2",1,0.002358045651763818,83.15412186379928
"2,2,2,NA,2,NA,1,1,2",1,0.002358045651763818,83.15647990945104
"1,NA,NA,NA,NA,0,2,NA,NA",1,0.002358045651763818,83.15883795510281
"NA,0,1,2,2,2,1,NA,NA",1,0.002358045651763818,83.16119600075457
"2,2,0,0,2,NA,2,0,0",1,0.002358045651763818,83.16355404640635
"2,NA,NA,NA,0,1,2,NA,2",1,0.002358045651763818,83.16591209205811
"0,NA,NA,2,0,2,NA,NA,2",1,0.002358045651763818,83.16827013770987
"0,2,1,NA,1,0,2,2,2",1,0.002358045651763818,83.17062818336163
"NA,1,1,0,NA,2,2,2,NA",1,0.002358045651763818,83.17298622901339
"NA,2,0,1,2,2,2,0,2",1,0.002358045651763818,83.17534427466515
"0,2,2,NA,NA,0,NA,2,NA",1,0.002358045651763818,83.17770232031693
"NA,2,NA,NA,2,2,1,NA,NA",1,0.002358045651763818,83.18006036596869
"NA,NA,0,2,NA,2,2,0,0",1,0.002358045651763818,83.18241841162045
"NA,NA,NA,2,0,0,NA,2,NA",1,0.002358045651763818,83.1847764572722
"NA,1,2,2,2,NA,1,NA,NA",1,0.002358045651763818,83.18713450292398
"0,1,2,1,1,2,2,0,NA",1,0.002358045651763818,83.18949254857574
"1,NA,2,0,NA,2,NA,2,NA",1,0.002358045651763818,83.1918505942275
"2,2,2,0,0,2,0,0,1",1,0.002358045651763818,83.19420863987926
"0,1,NA,NA,NA,NA,1,NA,NA",1,0.002358045651763818,83.19656668553104
"0,NA,2,2,2,0,1,NA,2",1,0.002358045651763818,83.1989247311828
"2,2,2,1,0,NA,NA,2,1",1,0.002358045651763818,83.20128277683456
"2,2,2,2,NA,NA,0,0,0",1,0.002358045651763818,83.20364082248632
"2,1,2,NA,NA,2,2,2,0",1,0.002358045651763818,83.20599886813808
"2,2,1,NA,1,2,2,NA,NA",1,0.002358045651763818,83.20835691378986
"2,NA,NA,1,1,1,2,0,1",1,0.002358045651763818,83.21071495944162
"NA,0,NA,0,2,1,2,NA,NA",1,0.002358045651763818,83.21307300509338
"2,2,NA,2,2,0,1,2,NA",1,0.002358045651763818,83.21543105074515
"2,0,0,2,2,1,2,NA,NA",1,0.002358045651763818,83.21778909639691
"1,NA,2,2,0,2,NA,NA,NA",1,0.002358045651763818,83.22014714204867
"2,1,NA,1,0,NA,0,NA,2",1,0.002358045651763818,83.22250518770043
"1,2,NA,2,NA,NA,NA,NA,NA",1,0.002358045651763818,83.2248632333522
"0,NA,NA,0,0,1,0,0,NA",1,0.002358045651763818,83.22722127900396
"NA,0,2,1,2,2,NA,NA,NA",1,0.002358045651763818,83.22957932465572
"2,2,2,2,2,1,NA,0,2",1,0.002358045651763818,83.23193737030749
"0,NA,2,2,2,2,1,NA,NA",1,0.002358045651763818,83.23429541595925
"0,0,NA,2,2,NA,2,0,0",1,0.002358045651763818,83.23665346161103
"NA,1,2,0,0,2,NA,0,NA",1,0.002358045651763818,83.23901150726279
"2,2,2,2,2,NA,1,NA,1",1,0.002358045651763818,83.24136955291455
"NA,0,2,0,2,0,NA,2,NA",1,0.002358045651763818,83.24372759856631
"2,1,NA,0,0,1,0,NA,NA",1,0.002358045651763818,83.24608564421807
"2,1,NA,2,2,1,NA,NA,1",1,0.002358045651763818,83.24844368986983
"0,0,NA,NA,NA,NA,2,2,0",1,0.002358045651763818,83.25080173552159
"2,1,NA,NA,NA,NA,2,1,NA",1,0.002358045651763818,83.25315978117335
"2,0,1,2,2,1,1,1,2",1,0.002358045651763818,83.25551782682513
"NA,2,0,1,2,1,2,NA,NA",1,0.002358045651763818,83.25787587247689
"1,1,0,2,2,0,2,NA,0",1,0.002358045651763818,83.26023391812866
"1,1,2,2,2,1,2,NA,0",1,0.002358045651763818,83.26259196378042
"NA,NA,2,2,2,NA,0,NA,NA",1,0.002358045651763818,83.26495000943218
"2,0,1,NA,0,NA,NA,2,NA",1,0.002358045651763818,83.26730805508394
"2,1,2,2,0,1,NA,NA,2",1,0.002358045651763818,83.2696661007357
"NA,1,2,2,2,1,2,1,NA",1,0.002358045651763818,83.27202414638747
"0,2,2,2,2,0,1,NA,2",1,0.002358045651763818,83.27438219203924
"0,2,NA,0,0,0,NA,NA,2",1,0.002358045651763818,83.276740237691
"0,0,2,0,2,NA,NA,2,2",1,0.002358045651763818,83.27909828334276
"NA,1,NA,1,2,NA,1,NA,1",1,0.002358045651763818,83.28145632899452
"1,2,0,1,2,2,2,2,2",1,0.002358045651763818,83.2838143746463
"2,NA,2,1,2,2,0,NA,2",1,0.002358045651763818,83.28617242029806
"2,2,0,NA,NA,2,2,2,0",1,0.002358045651763818,83.28853046594982
"NA,1,1,2,0,NA,2,2,2",1,0.002358045651763818,83.29088851160158
"1,NA,NA,2,1,2,2,NA,NA",1,0.002358045651763818,83.29324655725335
"1,1,2,NA,2,2,2,0,NA",1,0.002358045651763818,83.29560460290512
"0,2,0,2,0,0,2,NA,1",1,0.002358045651763818,83.29796264855688
"2,NA,NA,2,2,2,NA,1,NA",1,0.002358045651763818,83.30032069420864
"1,1,2,2,2,0,2,2,2",1,0.002358045651763818,83.3026787398604
"1,2,NA,2,0,NA,2,0,0",1,0.002358045651763818,83.30503678551217
"NA,2,1,1,1,1,2,1,NA",1,0.002358045651763818,83.30739483116393
"NA,2,NA,0,0,2,NA,0,0",1,0.002358045651763818,83.3097528768157
"NA,1,2,NA,NA,NA,2,0,NA",1,0.002358045651763818,83.31211092246747
"1,NA,NA,2,2,NA,NA,NA,2",1,0.002358045651763818,83.31446896811923
"2,NA,NA,2,2,NA,NA,NA,0",1,0.002358045651763818,83.31682701377099
"0,NA,2,0,0,2,NA,NA,NA",1,0.002358045651763818,83.31918505942275
"2,NA,2,1,2,2,NA,2,1",1,0.002358045651763818,83.32154310507451
"2,2,1,1,2,1,2,0,NA",1,0.002358045651763818,83.32390115072627
"0,0,0,2,2,0,2,1,2",1,0.002358045651763818,83.32625919637803
"NA,NA,NA,0,2,NA,NA,NA,1",1,0.002358045651763818,83.32861724202981
"1,NA,2,2,0,2,0,NA,0",1,0.002358045651763818,83.33097528768157
"0,2,NA,2,1,NA,1,NA,NA",1,0.002358045651763818,83.33333333333334
"2,2,1,1,1,2,2,0,1",1,0.002358045651763818,83.3356913789851
"2,2,2,0,2,2,2,0,NA",1,0.002358045651763818,83.33804942463686
"2,2,2,1,1,NA,NA,1,1",1,0.002358045651763818,83.34040747028862
"1,1,NA,1,1,2,1,NA,2",1,0.002358045651763818,83.34276551594039
"NA,NA,0,2,1,NA,NA,NA,NA",1,0.002358045651763818,83.34512356159215
"NA,NA,0,2,0,NA,0,0,NA",1,0.002358045651763818,83.3474816072439
"0,2,0,2,2,2,0,NA,2",1,0.002358045651763818,83.34983965289568
"NA,NA,2,0,0,NA,NA,0,NA",1,0.002358045651763818,83.35219769854744
"1,2,2,2,2,2,NA,NA,1",1,0.002358045651763818,83.35455574419922
"2,2,NA,2,NA,2,2,2,1",1,0.002358045651763818,83.35691378985098
"NA,NA,NA,2,2,1,1,0,NA",1,0.002358045651763818,83.35927183550274
"2,NA,NA,1,2,NA,2,NA,1",1,0.002358045651763818,83.3616298811545
"2,1,0,0,0,NA,0,0,0",1,0.002358045651763818,83.36398792680626
"NA,0,0,2,0,2,NA,0,NA",1,0.002358045651763818,83.36634597245802
"0,2,1,1,2,2,2,1,2",1,0.002358045651763818,83.3687040181098
"2,2,2,NA,0,1,NA,NA,NA",1,0.002358045651763818,83.37106206376156
"NA,NA,2,NA,NA,1,2,NA,NA",1,0.002358045651763818,83.37342010941332
"1,2,NA,0,1,NA,0,NA,NA",1,0.002358045651763818,83.37577815506508
"2,2,1,1,0,1,2,2,NA",1,0.002358045651763818,83.37813620071685
"2,1,2,2,2,2,1,1,1",1,0.002358045651763818,83.38049424636861
"2,2,NA,NA,NA,NA,1,0,NA",1,0.002358045651763818,83.38285229202037
"NA,1,NA,0,NA,NA,0,NA,NA",1,0.002358045651763818,83.38521033767213
"1,NA,2,NA,NA,NA,0,2,NA",1,0.002358045651763818,83.3875683833239
"NA,NA,NA,2,2,1,2,2,NA",1,0.002358045651763818,83.38992642897567
"1,2,NA,0,0,NA,2,0,NA",1,0.002358045651763818,83.39228447462743
"NA,NA,0,2,1,NA,1,NA,0",1,0.002358045651763818,83.39464252027919
"1,2,2,2,2,0,0,NA,2",1,0.002358045651763818,83.39700056593095
"2,NA,NA,1,1,0,NA,NA,NA",1,0.002358045651763818,83.39935861158271
"NA,NA,NA,NA,NA,1,NA,2,NA",1,0.002358045651763818,83.40171665723449
"0,0,2,2,0,2,NA,2,NA",1,0.002358045651763818,83.40407470288625
"NA,NA,2,2,2,NA,1,NA,NA",1,0.002358045651763818,83.40643274853801
"NA,NA,NA,1,1,1,NA,NA,1",1,0.002358045651763818,83.40879079418978
"2,1,1,NA,NA,NA,1,NA,2",1,0.002358045651763818,83.41114883984154
"0,2,NA,2,1,NA,1,NA,1",1,0.002358045651763818,83.4135068854933
"2,2,NA,NA,NA,2,0,2,NA",1,0.002358045651763818,83.41586493114507
"2,NA,2,2,1,0,2,NA,2",1,0.002358045651763818,83.41822297679683
"2,2,1,NA,1,2,1,2,1",1,0.002358045651763818,83.42058102244859
"1,1,2,2,2,1,2,NA,NA",1,0.002358045651763818,83.42293906810035
"1,2,1,2,2,1,2,NA,2",1,0.002358045651763818,83.42529711375212
"1,0,0,2,0,2,0,2,0",1,0.002358045651763818,83.42765515940388
"2,2,1,2,2,NA,1,1,1",1,0.002358045651763818,83.43001320505566
"0,0,NA,2,0,NA,2,NA,2",1,0.002358045651763818,83.43237125070742
"1,1,2,2,1,NA,0,2,NA",1,0.002358045651763818,83.43472929635918
"2,2,2,NA,2,NA,NA,2,1",1,0.002358045651763818,83.43708734201094
"1,1,0,2,0,1,0,NA,2",1,0.002358045651763818,83.4394453876627
"2,0,1,0,0,2,0,0,2",1,0.002358045651763818,83.44180343331446
"2,NA,2,1,2,2,2,2,1",1,0.002358045651763818,83.44416147896622
"NA,2,1,2,2,2,1,1,NA",1,0.002358045651763818,83.446519524618
"2,NA,2,1,NA,2,2,2,2",1,0.002358045651763818,83.44887757026976
"0,0,0,2,NA,NA,NA,2,NA",1,0.002358045651763818,83.45123561592153
"0,NA,2,1,NA,2,0,NA,NA",1,0.002358045651763818,83.4535936615733
"NA,NA,0,NA,2,NA,2,1,NA",1,0.002358045651763818,83.45595170722505
"2,NA,2,2,NA,0,2,2,NA",1,0.002358045651763818,83.45830975287681
"2,NA,2,2,2,1,2,1,NA",1,0.002358045651763818,83.46066779852858
"2,2,2,2,2,NA,0,2,0",1,0.002358045651763818,83.46302584418034
"NA,1,2,2,2,2,2,NA,2",1,0.002358045651763818,83.46538388983211
"NA,NA,NA,2,2,2,1,1,1",1,0.002358045651763818,83.46774193548387
"0,1,2,2,2,2,NA,NA,NA",1,0.002358045651763818,83.47009998113563
"NA,NA,2,0,0,0,NA,NA,NA",1,0.002358045651763818,83.4724580267874
"0,2,1,1,2,NA,1,NA,NA",1,0.002358045651763818,83.47481607243917
"1,NA,2,0,NA,NA,2,NA,NA",1,0.002358045651763818,83.47717411809093
"2,2,NA,2,NA,NA,2,2,0",1,0.002358045651763818,83.47953216374269
"NA,0,2,2,1,0,2,2,NA",1,0.002358045651763818,83.48189020939445
"NA,NA,NA,1,2,NA,NA,NA,0",1,0.002358045651763818,83.48424825504623
"2,1,1,NA,NA,0,2,1,NA",1,0.002358045651763818,83.48660630069799
"NA,1,NA,1,NA,1,NA,NA,NA",1,0.002358045651763818,83.48896434634975
"NA,0,2,NA,0,2,2,1,NA",1,0.002358045651763818,83.4913223920015
"1,NA,0,2,0,2,1,NA,NA",1,0.002358045651763818,83.49368043765327
"0,2,2,2,1,0,2,1,2",1,0.002358045651763818,83.49603848330503
"0,1,NA,2,0,0,0,NA,2",1,0.002358045651763818,83.4983965289568
"2,2,0,1,2,NA,NA,NA,2",1,0.002358045651763818,83.50075457460856
"0,2,NA,2,0,NA,0,2,0",1,0.002358045651763818,83.50311262026034
"1,1,2,1,2,0,0,0,2",1,0.002358045651763818,83.5054706659121
"NA,NA,2,0,2,2,NA,NA,NA",1,0.002358045651763818,83.50782871156386
"NA,2,NA,NA,1,NA,1,NA,NA",1,0.002358045651763818,83.51018675721562
"1,1,2,2,0,NA,2,0,NA",1,0.002358045651763818,83.51254480286738
"2,2,NA,0,NA,2,NA,NA,NA",1,0.002358045651763818,83.51490284851914
"2,0,0,0,2,NA,1,1,0",1,0.002358045651763818,83.5172608941709
"NA,0,NA,2,1,1,1,NA,0",1,0.002358045651763818,83.51961893982266
"NA,1,NA,2,1,2,2,NA,1",1,0.002358045651763818,83.52197698547444
"1,1,NA,0,2,NA,2,1,1",1,0.002358045651763818,83.52433503112621
"0,2,2,0,0,2,0,NA,NA",1,0.002358045651763818,83.52669307677797
"1,1,1,2,1,2,2,NA,NA",1,0.002358045651763818,83.52905112242973
"2,2,0,2,0,2,NA,NA,0",1,0.002358045651763818,83.5314091680815
"NA,0,1,NA,NA,0,NA,2,2",1,0.002358045651763818,83.53376721373326
"2,2,2,1,1,1,2,0,1",1,0.002358045651763818,83.53612525938502
"2,1,NA,2,NA,2,0,NA,NA",1,0.002358045651763818,83.53848330503678
"2,1,NA,2,2,0,2,NA,NA",1,0.002358045651763818,83.54084135068854
"0,2,2,NA,1,NA,1,2,NA",1,0.002358045651763818,83.54319939634031
"0,1,NA,NA,2,NA,2,NA,2",1,0.002358045651763818,83.54555744199207
"2,NA,NA,2,0,NA,2,2,0",1,0.002358045651763818,83.54791548764385
"0,NA,1,NA,NA,0,NA,2,NA",1,0.002358045651763818,83.55027353329561
"2,1,2,2,2,0,0,2,0",1,0.002358045651763818,83.55263157894737
"1,2,2,2,2,1,0,NA,2",1,0.002358045651763818,83.55498962459913
"NA,0,2,NA,NA,NA,0,NA,2",1,0.002358045651763818,83.55734767025089
"2,NA,NA,2,2,NA,2,2,1",1,0.002358045651763818,83.55970571590265
"NA,NA,2,0,0,1,2,NA,NA",1,0.002358045651763818,83.56206376155443
"2,0,1,2,2,NA,2,NA,1",1,0.002358045651763818,83.56442180720619
"2,NA,NA,0,2,2,NA,NA,0",1,0.002358045651763818,83.56677985285795
"1,2,2,0,2,2,0,2,NA",1,0.002358045651763818,83.56913789850971
"2,2,0,NA,NA,2,2,1,2",1,0.002358045651763818,83.57149594416148
"2,2,NA,0,0,1,0,NA,NA",1,0.002358045651763818,83.57385398981324
"2,0,2,NA,NA,2,1,2,1",1,0.002358045651763818,83.576212035465
"2,2,1,2,0,2,0,NA,NA",1,0.002358045651763818,83.57857008111677
"NA,2,NA,0,NA,0,1,0,NA",1,0.002358045651763818,83.58092812676854
"1,NA,NA,2,1,2,2,2,1",1,0.002358045651763818,83.5832861724203
"NA,NA,NA,NA,NA,2,NA,2,1",1,0.002358045651763818,83.58564421807206
"0,NA,2,2,0,2,2,NA,1",1,0.002358045651763818,83.58800226372382
"0,NA,2,2,2,0,2,NA,2",1,0.002358045651763818,83.59036030937558
"2,1,NA,NA,1,2,1,NA,NA",1,0.002358045651763818,83.59271835502736
"1,2,2,0,2,2,2,2,NA",1,0.002358045651763818,83.59507640067912
"NA,0,NA,NA,NA,NA,2,NA,2",1,0.002358045651763818,83.59743444633088
"NA,NA,NA,0,2,1,NA,0,NA",1,0.002358045651763818,83.59979249198265
"1,2,1,1,1,0,2,1,2",1,0.002358045651763818,83.60215053763442
"2,2,1,1,2,NA,NA,1,NA",1,0.002358045651763818,83.60450858328618
"2,2,2,2,1,NA,0,2,1",1,0.002358045651763818,83.60686662893794
"NA,2,1,2,1,0,2,2,2",1,0.002358045651763818,83.6092246745897
"NA,0,2,2,1,2,2,NA,NA",1,0.002358045651763818,83.61158272024146
"1,1,2,0,0,NA,2,NA,1",1,0.002358045651763818,83.61394076589322
"2,2,0,0,0,1,2,NA,2",1,0.002358045651763818,83.616298811545
"1,NA,NA,NA,2,1,2,NA,NA",1,0.002358045651763818,83.61865685719675
"1,0,NA,2,0,2,2,NA,NA",1,0.002358045651763818,83.62101490284853
"0,2,1,1,1,2,1,1,0",1,0.002358045651763818,83.62337294850029
"0,2,0,NA,NA,NA,2,2,2",1,0.002358045651763818,83.62573099415205
"2,0,2,NA,NA,1,NA,NA,NA",1,0.002358045651763818,83.62808903980381
"NA,1,NA,1,2,2,2,NA,0",1,0.002358045651763818,83.63044708545557
"2,2,1,2,NA,NA,2,2,NA",1,0.002358045651763818,83.63280513110733
"1,1,NA,2,0,2,NA,NA,0",1,0.002358045651763818,83.6351631767591
"2,2,1,1,1,1,1,NA,NA",1,0.002358045651763818,83.63752122241087
"1,2,0,2,2,NA,2,NA,2",1,0.002358045651763818,83.63987926806263
"1,NA,NA,2,2,2,2,1,NA",1,0.002358045651763818,83.64223731371439
"2,2,2,0,0,NA,NA,NA,2",1,0.002358045651763818,83.64459535936616
"2,NA,NA,NA,NA,2,1,2,2",1,0.002358045651763818,83.64695340501792
"2,1,1,2,1,0,1,2,1",1,0.002358045651763818,83.64931145066969
"NA,NA,NA,1,2,2,2,0,1",1,0.002358045651763818,83.65166949632145
"NA,2,2,1,NA,2,2,2,2",1,0.002358045651763818,83.6540275419732
"2,2,NA,2,1,NA,2,2,0",1,0.002358045651763818,83.65638558762498
"2,0,2,NA,2,1,1,2,2",1,0.002358045651763818,83.65874363327674
"2,1,1,1,2,NA,1,NA,NA",1,0.002358045651763818,83.6611016789285
"0,NA,1,2,2,2,1,1,2",1,0.002358045651763818,83.66345972458026
"NA,2,2,1,1,NA,2,NA,NA",1,0.002358045651763818,83.66581777023202
"0,NA,NA,0,2,NA,1,2,NA",1,0.002358045651763818,83.6681758158838
"2,2,2,1,2,1,1,0,2",1,0.002358045651763818,83.67053386153556
"2,0,0,2,2,NA,2,NA,2",1,0.002358045651763818,83.67289190718732
"0,2,2,2,1,2,1,NA,1",1,0.002358045651763818,83.6752499528391
"1,2,1,2,2,1,2,0,NA",1,0.002358045651763818,83.67760799849086
"0,NA,2,0,0,1,NA,NA,NA",1,0.002358045651763818,83.67996604414262
"2,NA,2,2,1,0,2,2,0",1,0.002358045651763818,83.68232408979438
"2,0,2,NA,2,0,2,NA,2",1,0.002358045651763818,83.68468213544614
"2,0,NA,2,0,NA,2,NA,1",1,0.002358045651763818,83.6870401810979
"2,2,2,2,2,0,1,NA,1",1,0.002358045651763818,83.68939822674967
"0,2,NA,NA,NA,0,NA,NA,NA",1,0.002358045651763818,83.69175627240143
"2,2,2,NA,0,1,2,NA,NA",1,0.002358045651763818,83.6941143180532
"NA,2,NA,NA,NA,NA,1,2,2",1,0.002358045651763818,83.69647236370497
"NA,2,2,NA,NA,NA,2,1,NA",1,0.002358045651763818,83.69883040935673
"0,0,0,2,2,0,2,2,0",1,0.002358045651763818,83.70118845500849
"0,2,2,1,2,1,2,2,1",1,0.002358045651763818,83.70354650066025
"1,1,1,0,0,2,2,0,2",1,0.002358045651763818,83.70590454631201
"2,2,NA,2,2,NA,NA,2,1",1,0.002358045651763818,83.70826259196377
"0,2,0,2,2,NA,0,NA,NA",1,0.002358045651763818,83.71062063761553
"0,NA,NA,2,2,NA,NA,2,NA",1,0.002358045651763818,83.71297868326731
"1,2,1,2,0,2,0,0,2",1,0.002358045651763818,83.71533672891907
"1,2,0,2,0,2,2,2,NA",1,0.002358045651763818,83.71769477457084
"1,2,2,2,2,1,2,NA,NA",1,0.002358045651763818,83.7200528202226
"0,NA,NA,NA,2,2,2,NA,NA",1,0.002358045651763818,83.72241086587437
"NA,0,0,0,0,NA,0,NA,NA",1,0.002358045651763818,83.72476891152613
"2,2,2,0,NA,2,2,NA,NA",1,0.002358045651763818,83.72712695717789
"0,NA,1,2,2,NA,1,2,NA",1,0.002358045651763818,83.72948500282965
"2,NA,2,1,1,2,2,2,1",1,0.002358045651763818,83.73184304848141
"2,2,NA,NA,1,2,2,2,NA",1,0.002358045651763818,83.73420109413318
"0,2,2,NA,2,0,2,2,NA",1,0.002358045651763818,83.73655913978494
"2,2,0,NA,0,2,2,2,2",1,0.002358045651763818,83.73891718543672
"0,NA,NA,0,NA,1,2,NA,0",1,0.002358045651763818,83.74127523108848
"NA,2,1,2,2,0,2,NA,NA",1,0.002358045651763818,83.74363327674024
"1,0,2,0,2,NA,0,2,NA",1,0.002358045651763818,83.745991322392
"2,NA,NA,NA,2,NA,2,0,2",1,0.002358045651763818,83.74834936804376
"1,1,NA,NA,NA,2,2,2,2",1,0.002358045651763818,83.75070741369552
"0,0,NA,NA,NA,NA,NA,1,NA",1,0.002358045651763818,83.7530654593473
"2,0,2,NA,0,NA,NA,0,NA",1,0.002358045651763818,83.75542350499906
"NA,NA,NA,1,1,NA,1,NA,2",1,0.002358045651763818,83.75778155065082
"NA,NA,NA,1,NA,0,1,NA,NA",1,0.002358045651763818,83.76013959630258
"2,NA,1,1,NA,2,2,2,2",1,0.002358045651763818,83.76249764195435
"2,NA,2,2,2,2,2,NA,1",1,0.002358045651763818,83.76485568760611
"1,2,0,2,2,2,1,2,2",1,0.002358045651763818,83.76721373325788
"2,NA,NA,0,0,NA,1,NA,2",1,0.002358045651763818,83.76957177890964
"2,1,NA,NA,NA,1,NA,NA,NA",1,0.002358045651763818,83.77192982456141
"1,2,2,2,2,1,2,1,0",1,0.002358045651763818,83.77428787021317
"2,1,NA,2,0,NA,0,0,2",1,0.002358045651763818,83.77664591586493
"0,2,NA,0,2,2,0,2,2",1,0.002358045651763818,83.7790039615167
"0,NA,2,NA,1,NA,NA,2,NA",1,0.002358045651763818,83.78136200716845
"2,2,1,0,NA,NA,1,0,2",1,0.002358045651763818,83.78372005282021
"0,0,1,NA,NA,NA,0,NA,NA",1,0.002358045651763818,83.78607809847199
"2,2,NA,1,2,0,NA,NA,1",1,0.002358045651763818,83.78843614412375
"2,2,2,NA,1,NA,2,2,NA",1,0.002358045651763818,83.79079418977553
"2,NA,2,2,2,0,2,2,2",1,0.002358045651763818,83.79315223542729
"1,2,2,1,2,1,2,NA,2",1,0.002358045651763818,83.79551028107905
"2,NA,NA,0,2,0,2,NA,2",1,0.002358045651763818,83.7978683267308
"NA,2,2,NA,1,0,1,NA,1",1,0.002358045651763818,83.80022637238257
"0,2,2,2,NA,1,0,NA,NA",1,0.002358045651763818,83.80258441803433
"1,2,1,2,2,1,2,0,2",1,0.002358045651763818,83.80494246368609
"2,2,2,2,0,0,0,0,NA",1,0.002358045651763818,83.80730050933785
"2,NA,1,2,2,2,1,1,NA",1,0.002358045651763818,83.80965855498962
"NA,NA,2,2,2,1,2,1,0",1,0.002358045651763818,83.81201660064139
"NA,1,NA,2,0,0,2,0,1",1,0.002358045651763818,83.81437464629316
"0,2,2,2,2,0,0,2,1",1,0.002358045651763818,83.81673269194492
"1,2,NA,1,2,NA,2,NA,0",1,0.002358045651763818,83.81909073759668
"1,2,2,0,0,2,1,NA,NA",1,0.002358045651763818,83.82144878324844
"NA,0,1,NA,1,NA,NA,2,NA",1,0.002358045651763818,83.8238068289002
"1,2,0,2,1,NA,2,NA,2",1,0.002358045651763818,83.82616487455196
"0,1,2,1,1,NA,2,NA,1",1,0.002358045651763818,83.82852292020372
"2,NA,NA,1,1,1,2,NA,1",1,0.002358045651763818,83.8308809658555
"NA,NA,0,NA,NA,NA,2,1,NA",1,0.002358045651763818,83.83323901150726
"NA,0,1,NA,NA,2,2,2,1",1,0.002358045651763818,83.83559705715903
"2,1,1,2,2,NA,2,1,2",1,0.002358045651763818,83.8379551028108
"0,2,2,0,2,NA,0,0,NA",1,0.002358045651763818,83.84031314846256
"2,1,2,0,0,NA,0,0,1",1,0.002358045651763818,83.84267119411432
"1,1,2,0,2,2,2,0,0",1,0.002358045651763818,83.84502923976608
"1,NA,2,1,1,2,1,NA,0",1,0.002358045651763818,83.84738728541784
"NA,2,0,2,NA,1,1,NA,NA",1,0.002358045651763818,83.84974533106961
"1,2,1,2,0,2,2,2,0",1,0.002358045651763818,83.85210337672137
"0,0,2,2,2,NA,NA,NA,NA",1,0.002358045651763818,83.85446142237313
"NA,1,NA,NA,NA,1,NA,NA,NA",1,0.002358045651763818,83.8568194680249
"0,1,1,NA,NA,NA,2,NA,2",1,0.002358045651763818,83.85917751367667
"2,0,0,NA,NA,NA,NA,2,1",1,0.002358045651763818,83.86153555932843
"0,1,NA,2,2,2,NA,NA,0",1,0.002358045651763818,83.86389360498019
"0,0,NA,NA,NA,2,1,NA,2",1,0.002358045651763818,83.86625165063195
"0,2,NA,0,0,2,2,NA,NA",1,0.002358045651763818,83.86860969628373
"0,0,1,1,2,1,2,NA,2",1,0.002358045651763818,83.87096774193549
"1,1,1,0,0,NA,0,0,2",1,0.002358045651763818,83.87332578758725
"0,2,2,2,0,2,NA,1,NA",1,0.002358045651763818,83.87568383323901
"2,2,2,1,1,NA,1,2,1",1,0.002358045651763818,83.87804187889077
"2,0,0,2,2,NA,0,NA,NA",1,0.002358045651763818,83.88039992454253
"0,0,NA,NA,2,2,2,NA,2",1,0.002358045651763818,83.8827579701943
"2,0,NA,2,1,2,2,2,0",1,0.002358045651763818,83.88511601584607
"0,2,0,2,2,2,0,2,NA",1,0.002358045651763818,83.88747406149784
"1,NA,0,1,NA,NA,NA,NA,2",1,0.002358045651763818,83.8898321071496
"0,0,2,NA,2,NA,2,2,1",1,0.002358045651763818,83.89219015280136
"0,0,NA,1,2,1,NA,NA,NA",1,0.002358045651763818,83.89454819845312
"NA,2,NA,0,0,NA,0,2,NA",1,0.002358045651763818,83.89690624410488
"NA,2,1,1,2,NA,NA,2,NA",1,0.002358045651763818,83.89926428975664
"2,2,2,2,0,0,NA,NA,NA",1,0.002358045651763818,83.9016223354084
"0,2,2,0,0,2,2,0,NA",1,0.002358045651763818,83.90398038106017
"NA,2,NA,0,2,1,0,NA,NA",1,0.002358045651763818,83.90633842671194
"NA,NA,0,1,2,2,2,1,1",1,0.002358045651763818,83.90869647236372
"2,2,2,0,2,2,1,2,0",1,0.002358045651763818,83.91105451801548
"0,2,NA,2,0,0,NA,NA,NA",1,0.002358045651763818,83.91341256366724
"2,0,1,NA,NA,0,NA,NA,2",1,0.002358045651763818,83.915770609319
"2,NA,2,1,1,NA,NA,NA,NA",1,0.002358045651763818,83.91812865497076
"NA,NA,2,2,NA,NA,NA,1,NA",1,0.002358045651763818,83.92048670062252
"1,1,2,0,0,NA,0,2,0",1,0.002358045651763818,83.92284474627428
"NA,0,0,1,2,NA,NA,NA,NA",1,0.002358045651763818,83.92520279192605
"0,2,2,2,2,1,1,2,0",1,0.002358045651763818,83.92756083757781
"0,2,NA,NA,2,NA,2,0,0",1,0.002358045651763818,83.92991888322958
"NA,1,1,0,0,2,NA,NA,NA",1,0.002358045651763818,83.93227692888135
"1,2,0,2,2,0,1,0,2",1,0.002358045651763818,83.93463497453311
"1,1,NA,2,0,NA,1,NA,NA",1,0.002358045651763818,83.93699302018487
"2,0,2,0,2,NA,NA,0,NA",1,0.002358045651763818,83.93935106583663
"2,2,2,2,NA,NA,1,NA,0",1,0.002358045651763818,83.9417091114884
"2,2,2,2,1,1,NA,1,NA",1,0.002358045651763818,83.94406715714017
"1,1,2,2,2,2,1,NA,2",1,0.002358045651763818,83.94642520279193
"2,0,0,2,1,2,2,NA,1",1,0.002358045651763818,83.94878324844369
"NA,NA,2,0,0,NA,2,0,NA",1,0.002358045651763818,83.95114129409545
"1,0,2,2,2,1,2,2,2",1,0.002358045651763818,83.95349933974721
"0,NA,NA,NA,0,NA,0,2,NA",1,0.002358045651763818,83.95585738539899
"NA,2,2,2,NA,0,1,2,0",1,0.002358045651763818,83.95821543105075
"0,NA,1,NA,NA,2,2,2,2",1,0.002358045651763818,83.9605734767025
"0,NA,2,NA,2,NA,2,2,NA",1,0.002358045651763818,83.96293152235428
"2,2,NA,2,2,0,1,2,2",1,0.002358045651763818,83.96528956800604
"NA,2,NA,NA,NA,2,2,1,NA",1,0.002358045651763818,83.9676476136578
"2,NA,NA,0,2,2,0,0,NA",1,0.002358045651763818,83.97000565930956
"2,2,2,1,2,0,2,NA,1",1,0.002358045651763818,83.97236370496132
"1,1,1,2,2,2,1,1,2",1,0.002358045651763818,83.97472175061309
"0,1,2,2,2,NA,2,NA,1",1,0.002358045651763818,83.97707979626486
"2,2,0,2,2,0,0,NA,2",1,0.002358045651763818,83.97943784191662
"2,2,NA,0,0,2,NA,2,NA",1,0.002358045651763818,83.98179588756838
"2,NA,0,NA,NA,2,NA,NA,NA",1,0.002358045651763818,83.98415393322016
"1,0,NA,2,2,NA,2,2,1",1,0.002358045651763818,83.98651197887192
"0,1,NA,NA,NA,0,0,NA,NA",1,0.002358045651763818,83.98887002452368
"1,NA,NA,NA,NA,1,NA,0,2",1,0.002358045651763818,83.99122807017544
"2,0,1,0,2,2,NA,2,NA",1,0.002358045651763818,83.9935861158272
"2,0,2,2,2,2,0,2,0",1,0.002358045651763818,83.99594416147896
"1,1,2,2,0,NA,NA,2,2",1,0.002358045651763818,83.99830220713072
"NA,2,NA,NA,NA,0,NA,NA,1",1,0.002358045651763818,84.0006602527825
"NA,2,0,2,2,NA,NA,NA,0",1,0.002358045651763818,84.00301829843426
"NA,NA,NA,0,2,2,2,0,NA",1,0.002358045651763818,84.00537634408603
"NA,0,NA,1,2,2,0,NA,2",1,0.002358045651763818,84.00773438973779
"0,0,0,2,2,2,2,2,NA",1,0.002358045651763818,84.01009243538955
"0,2,NA,NA,NA,NA,NA,1,2",1,0.002358045651763818,84.01245048104131
"NA,0,NA,1,NA,NA,2,NA,1",1,0.002358045651763818,84.01480852669307
"1,1,0,NA,NA,NA,NA,2,NA",1,0.002358045651763818,84.01716657234483
"2,2,1,1,2,NA,1,0,1",1,0.002358045651763818,84.0195246179966
"2,1,1,NA,NA,0,2,2,1",1,0.002358045651763818,84.02188266364837
"NA,2,0,0,0,2,NA,0,NA",1,0.002358045651763818,84.02424070930013
"2,2,0,0,2,2,NA,NA,NA",1,0.002358045651763818,84.02659875495189
"NA,2,0,0,0,2,NA,NA,NA",1,0.002358045651763818,84.02895680060367
"1,NA,NA,2,2,0,NA,0,NA",1,0.002358045651763818,84.03131484625543
"1,0,1,2,2,1,2,NA,NA",1,0.002358045651763818,84.03367289190719
"2,NA,0,0,2,2,2,NA,NA",1,0.002358045651763818,84.03603093755895
"NA,1,NA,1,2,2,2,NA,NA",1,0.002358045651763818,84.03838898321071
"NA,2,NA,NA,NA,NA,2,1,NA",1,0.002358045651763818,84.04074702886248
"NA,1,2,NA,NA,NA,NA,NA,1",1,0.002358045651763818,84.04310507451424
"NA,2,NA,0,NA,1,NA,2,NA",1,0.002358045651763818,84.045463120166
"2,2,NA,NA,2,1,1,NA,2",1,0.002358045651763818,84.04782116581777
"2,2,0,NA,NA,2,NA,0,NA",1,0.002358045651763818,84.05017921146953
"2,2,NA,2,2,1,1,NA,1",1,0.002358045651763818,84.0525372571213
"NA,2,NA,2,1,2,1,NA,NA",1,0.002358045651763818,84.05489530277306
"NA,1,2,NA,2,2,2,2,0",1,0.002358045651763818,84.05725334842482
"0,0,NA,0,2,NA,2,2,NA",1,0.002358045651763818,84.0596113940766
"0,NA,NA,NA,NA,2,NA,2,2",1,0.002358045651763818,84.06196943972836
"NA,2,NA,NA,1,NA,NA,1,NA",1,0.002358045651763818,84.06432748538012
"2,NA,1,NA,NA,1,NA,1,1",1,0.002358045651763818,84.06668553103188
"1,0,NA,2,0,2,1,NA,NA",1,0.002358045651763818,84.06904357668364
"2,NA,2,NA,NA,NA,0,0,NA",1,0.002358045651763818,84.0714016223354
"2,2,2,0,0,NA,2,2,0",1,0.002358045651763818,84.07375966798718
"2,1,2,2,2,NA,2,NA,0",1,0.002358045651763818,84.07611771363894
"1,2,2,2,2,2,1,1,1",1,0.002358045651763818,84.07847575929071
"1,NA,0,2,NA,0,1,NA,0",1,0.002358045651763818,84.08083380494247
"2,2,2,NA,NA,0,1,2,1",1,0.002358045651763818,84.08319185059423
"NA,NA,1,1,1,NA,2,NA,NA",1,0.002358045651763818,84.085549896246
"NA,2,NA,0,0,2,NA,NA,0",1,0.002358045651763818,84.08790794189775
"NA,0,NA,2,2,1,NA,NA,2",1,0.002358045651763818,84.09026598754951
"NA,0,NA,2,1,0,NA,NA,2",1,0.002358045651763818,84.09262403320128
"2,NA,2,2,0,0,NA,0,NA",1,0.002358045651763818,84.09498207885304
"2,2,0,2,2,2,1,0,0",1,0.002358045651763818,84.09734012450481
"NA,1,2,2,2,2,2,NA,NA",1,0.002358045651763818,84.09969817015657
"2,NA,1,1,2,2,1,NA,NA",1,0.002358045651763818,84.10205621580835
"NA,2,2,1,2,2,NA,NA,NA",1,0.002358045651763818,84.10441426146011
"2,2,NA,0,0,NA,0,1,0",1,0.002358045651763818,84.10677230711187
"NA,0,2,2,1,2,NA,2,NA",1,0.002358045651763818,84.10913035276363
"2,2,1,2,2,2,0,0,0",1,0.002358045651763818,84.11148839841539
"2,2,2,0,2,NA,2,0,0",1,0.002358045651763818,84.11384644406715
"1,NA,2,NA,NA,NA,0,2,2",1,0.002358045651763818,84.11620448971892
"1,NA,2,2,NA,2,NA,2,NA",1,0.002358045651763818,84.11856253537069
"NA,2,NA,1,2,2,2,NA,0",1,0.002358045651763818,84.12092058102245
"2,NA,NA,NA,1,2,2,NA,2",1,0.002358045651763818,84.12327862667422
"2,0,1,2,1,1,2,2,2",1,0.002358045651763818,84.12563667232598
"2,NA,2,0,2,NA,NA,2,NA",1,0.002358045651763818,84.12799471797774
"0,2,0,NA,NA,NA,NA,2,1",1,0.002358045651763818,84.1303527636295
"NA,0,NA,2,1,NA,0,NA,NA",1,0.002358045651763818,84.13271080928126
"1,NA,NA,NA,2,NA,NA,0,NA",1,0.002358045651763818,84.13506885493302
"2,1,NA,2,2,2,0,1,2",1,0.002358045651763818,84.1374269005848
"2,2,NA,2,1,2,0,NA,2",1,0.002358045651763818,84.13978494623656
"NA,1,NA,2,1,0,NA,NA,NA",1,0.002358045651763818,84.14214299188832
"2,NA,0,NA,NA,NA,2,NA,1",1,0.002358045651763818,84.14450103754008
"NA,NA,NA,NA,NA,0,0,2,0",1,0.002358045651763818,84.14685908319186
"NA,NA,2,NA,2,1,2,NA,0",1,0.002358045651763818,84.14921712884362
"2,NA,0,NA,0,1,2,2,2",1,0.002358045651763818,84.15157517449538
"2,2,0,2,1,0,0,2,2",1,0.002358045651763818,84.15393322014714
"NA,0,NA,0,2,NA,2,1,NA",1,0.002358045651763818,84.15629126579891
"1,2,2,NA,0,NA,NA,NA,NA",1,0.002358045651763818,84.15864931145067
"NA,2,NA,NA,NA,NA,2,0,NA",1,0.002358045651763818,84.16100735710243
"NA,2,0,2,2,0,0,2,1",1,0.002358045651763818,84.1633654027542
"2,1,1,0,1,0,1,NA,1",1,0.002358045651763818,84.16572344840596
"0,2,NA,2,2,2,0,NA,0",1,0.002358045651763818,84.16808149405772
"2,1,2,2,1,0,1,2,NA",1,0.002358045651763818,84.17043953970949
"2,2,2,1,1,1,1,1,2",1,0.002358045651763818,84.17279758536125
"0,2,1,NA,2,0,0,NA,NA",1,0.002358045651763818,84.17515563101303
"0,NA,NA,NA,1,2,2,NA,NA",1,0.002358045651763818,84.17751367666479
"2,NA,1,NA,NA,NA,1,1,1",1,0.002358045651763818,84.17987172231655
"2,0,NA,2,0,2,NA,2,NA",1,0.002358045651763818,84.18222976796831
"2,0,0,2,1,2,2,NA,0",1,0.002358045651763818,84.18458781362007
"2,2,0,2,1,0,NA,2,1",1,0.002358045651763818,84.18694585927183
"2,2,0,NA,0,NA,NA,2,1",1,0.002358045651763818,84.18930390492359
"2,0,NA,1,2,NA,1,NA,2",1,0.002358045651763818,84.19166195057535
"0,2,NA,2,2,NA,NA,2,2",1,0.002358045651763818,84.19401999622713
"0,0,NA,1,2,2,2,1,2",1,0.002358045651763818,84.19637804187889
"0,NA,NA,2,NA,2,2,NA,NA",1,0.002358045651763818,84.19873608753066
"NA,NA,NA,2,NA,NA,NA,1,NA",1,0.002358045651763818,84.20109413318242
"NA,NA,1,0,0,NA,NA,0,NA",1,0.002358045651763818,84.20345217883418
"0,2,0,NA,NA,1,NA,2,NA",1,0.002358045651763818,84.20581022448594
"2,0,0,0,1,NA,1,NA,NA",1,0.002358045651763818,84.2081682701377
"0,2,1,1,1,2,1,2,2",1,0.002358045651763818,84.21052631578947
"NA,NA,NA,0,2,NA,0,1,NA",1,0.002358045651763818,84.21288436144124
"0,0,0,2,1,NA,2,NA,NA",1,0.002358045651763818,84.215242407093
"2,NA,2,2,2,NA,NA,0,2",1,0.002358045651763818,84.21760045274476
"2,1,2,2,2,0,0,NA,1",1,0.002358045651763818,84.21995849839654
"0,2,1,NA,2,NA,1,2,2",1,0.002358045651763818,84.2223165440483
"0,NA,NA,2,2,2,NA,NA,1",1,0.002358045651763818,84.22467458970006
"2,1,2,1,2,2,1,1,0",1,0.002358045651763818,84.22703263535182
"2,2,NA,NA,NA,1,NA,NA,1",1,0.002358045651763818,84.22939068100358
"0,0,NA,2,1,NA,NA,NA,1",1,0.002358045651763818,84.23174872665535
"2,1,2,NA,NA,NA,0,2,2",1,0.002358045651763818,84.23410677230711
"2,NA,1,NA,2,0,NA,1,NA",1,0.002358045651763818,84.23646481795888
"2,2,1,NA,2,NA,NA,NA,2",1,0.002358045651763818,84.23882286361064
"2,0,NA,2,1,NA,2,0,2",1,0.002358045651763818,84.2411809092624
"NA,NA,NA,0,NA,2,NA,NA,0",1,0.002358045651763818,84.24353895491417
"2,NA,2,1,1,NA,2,NA,2",1,0.002358045651763818,84.24589700056593
"2,2,NA,1,2,2,2,2,2",1,0.002358045651763818,84.2482550462177
"1,2,2,2,0,2,0,1,NA",1,0.002358045651763818,84.25061309186947
"0,2,NA,2,2,NA,2,1,NA",1,0.002358045651763818,84.25297113752123
"2,2,NA,2,2,NA,NA,0,2",1,0.002358045651763818,84.25532918317299
"NA,NA,1,0,NA,NA,0,NA,NA",1,0.002358045651763818,84.25768722882475
"0,1,NA,2,2,1,2,2,1",1,0.002358045651763818,84.26004527447651
"0,0,0,2,0,NA,NA,0,NA",1,0.002358045651763818,84.26240332012827
"2,NA,2,0,0,2,0,2,2",1,0.002358045651763818,84.26476136578003
"1,1,2,0,2,1,2,2,NA",1,0.002358045651763818,84.2671194114318
"2,2,2,0,0,2,NA,2,NA",1,0.002358045651763818,84.26947745708357
"2,NA,NA,2,1,0,NA,1,NA",1,0.002358045651763818,84.27183550273534
"NA,2,NA,2,2,0,0,0,NA",1,0.002358045651763818,84.2741935483871
"1,2,NA,0,NA,NA,NA,NA,NA",1,0.002358045651763818,84.27655159403886
"2,NA,NA,NA,NA,2,NA,0,NA",1,0.002358045651763818,84.27890963969062
"2,0,2,2,2,2,1,NA,2",1,0.002358045651763818,84.28126768534239
"2,1,2,0,2,2,2,2,1",1,0.002358045651763818,84.28362573099415
"1,2,2,2,2,1,2,NA,0",1,0.002358045651763818,84.2859837766459
"NA,1,2,0,0,2,NA,2,2",1,0.002358045651763818,84.28834182229767
"1,NA,1,NA,NA,NA,2,2,NA",1,0.002358045651763818,84.29069986794944
"2,1,0,2,2,0,0,2,2",1,0.002358045651763818,84.29305791360122
"2,2,NA,1,2,2,2,2,NA",1,0.002358045651763818,84.29541595925298
"NA,0,NA,2,2,NA,NA,1,0",1,0.002358045651763818,84.29777400490474
"2,0,0,2,1,2,0,2,2",1,0.002358045651763818,84.3001320505565
"1,1,0,2,0,NA,1,NA,0",1,0.002358045651763818,84.30249009620826
"NA,2,0,2,2,0,2,2,2",1,0.002358045651763818,84.30484814186002
"NA,1,0,0,0,0,0,NA,NA",1,0.002358045651763818,84.30720618751178
"NA,2,1,2,1,NA,2,2,NA",1,0.002358045651763818,84.30956423316356
"0,0,NA,2,1,NA,NA,0,NA",1,0.002358045651763818,84.31192227881532
"2,1,2,NA,NA,NA,NA,NA,1",1,0.002358045651763818,84.31428032446708
"2,2,2,NA,2,0,1,2,1",1,0.002358045651763818,84.31663837011885
"1,0,NA,0,2,NA,2,NA,NA",1,0.002358045651763818,84.31899641577061
"2,2,1,2,2,1,1,1,NA",1,0.002358045651763818,84.32135446142237
"0,2,NA,1,1,2,2,NA,2",1,0.002358045651763818,84.32371250707413
"2,NA,2,2,2,2,NA,NA,1",1,0.002358045651763818,84.3260705527259
"2,2,1,2,1,2,1,1,0",1,0.002358045651763818,84.32842859837767
"2,2,0,2,2,NA,2,0,2",1,0.002358045651763818,84.33078664402943
"2,NA,0,2,2,2,2,2,2",1,0.002358045651763818,84.33314468968119
"0,0,0,2,2,0,2,0,0",1,0.002358045651763818,84.33550273533295
"2,1,1,2,1,2,2,1,2",1,0.002358045651763818,84.33786078098471
"2,NA,2,NA,2,2,1,0,NA",1,0.002358045651763818,84.34021882663649
"1,NA,NA,NA,NA,NA,1,NA,1",1,0.002358045651763818,84.34257687228825
"1,1,2,NA,NA,NA,0,NA,NA",1,0.002358045651763818,84.34493491794001
"2,NA,2,1,0,0,2,0,0",1,0.002358045651763818,84.34729296359178
"NA,2,1,2,1,0,NA,NA,NA",1,0.002358045651763818,84.34965100924354
"2,2,NA,NA,NA,NA,0,2,0",1,0.002358045651763818,84.3520090548953
"0,2,2,2,1,2,0,1,NA",1,0.002358045651763818,84.35436710054707
"0,2,0,NA,NA,NA,NA,2,NA",1,0.002358045651763818,84.35672514619883
"NA,2,NA,1,1,0,NA,NA,NA",1,0.002358045651763818,84.35908319185059
"2,2,1,1,1,2,NA,2,NA",1,0.002358045651763818,84.36144123750236
"2,0,1,2,2,0,1,NA,0",1,0.002358045651763818,84.36379928315412
"2,2,NA,1,1,NA,0,NA,NA",1,0.002358045651763818,84.3661573288059
"NA,NA,NA,0,0,1,0,2,NA",1,0.002358045651763818,84.36851537445766
"2,2,NA,0,NA,NA,0,NA,NA",1,0.002358045651763818,84.37087342010942
"0,1,NA,2,2,1,1,2,0",1,0.002358045651763818,84.37323146576118
"NA,1,NA,NA,1,2,2,NA,NA",1,0.002358045651763818,84.37558951141294
"2,2,NA,2,2,0,2,2,2",1,0.002358045651763818,84.3779475570647
"1,2,NA,2,2,0,NA,2,NA",1,0.002358045651763818,84.38030560271646
"0,1,2,0,0,2,0,NA,NA",1,0.002358045651763818,84.38266364836822
"0,2,0,2,2,2,1,1,NA",1,0.002358045651763818,84.38502169402
"2,2,0,NA,NA,1,2,2,0",1,0.002358045651763818,84.38737973967176
"2,0,2,2,NA,0,2,NA,2",1,0.002358045651763818,84.38973778532353
"0,NA,NA,2,2,NA,NA,0,1",1,0.002358045651763818,84.3920958309753
"2,2,NA,2,0,2,2,NA,1",1,0.002358045651763818,84.39445387662705
"NA,1,2,2,0,NA,NA,2,NA",1,0.002358045651763818,84.39681192227881
"2,2,NA,NA,0,2,1,NA,1",1,0.002358045651763818,84.39916996793058
"2,NA,NA,NA,1,NA,1,NA,2",1,0.002358045651763818,84.40152801358234
"2,1,1,NA,1,1,2,1,1",1,0.002358045651763818,84.40388605923411
"0,0,0,0,0,NA,0,2,NA",1,0.002358045651763818,84.40624410488587
"2,2,2,1,0,2,2,0,NA",1,0.002358045651763818,84.40860215053763
"0,0,NA,1,1,2,2,0,2",1,0.002358045651763818,84.4109601961894
"NA,NA,2,1,1,1,1,2,NA",1,0.002358045651763818,84.41331824184117
"2,0,NA,2,0,NA,2,NA,NA",1,0.002358045651763818,84.41567628749293
"0,0,2,0,2,2,2,NA,NA",1,0.002358045651763818,84.41803433314469
"1,NA,2,2,2,2,NA,1,NA",1,0.002358045651763818,84.42039237879645
"1,2,2,1,2,1,2,2,0",1,0.002358045651763818,84.42275042444821
"2,2,1,NA,1,1,2,1,1",1,0.002358045651763818,84.42510847009999
"NA,2,1,2,2,2,1,NA,NA",1,0.002358045651763818,84.42746651575175
"1,1,2,2,0,1,0,2,0",1,0.002358045651763818,84.4298245614035
"0,2,2,2,2,0,NA,1,NA",1,0.002358045651763818,84.43218260705527
"2,2,2,2,1,0,NA,NA,NA",1,0.002358045651763818,84.43454065270703
"2,0,0,0,1,2,2,1,2",1,0.002358045651763818,84.4368986983588
"0,2,2,1,1,NA,2,2,1",1,0.002358045651763818,84.43925674401056
"NA,0,1,2,2,0,2,NA,NA",1,0.002358045651763818,84.44161478966232
"0,0,2,2,1,1,2,NA,NA",1,0.002358045651763818,84.4439728353141
"0,1,NA,2,1,NA,2,2,NA",1,0.002358045651763818,84.44633088096586
"0,2,NA,0,2,2,2,2,NA",1,0.002358045651763818,84.44868892661762
"NA,2,2,1,2,NA,1,1,2",1,0.002358045651763818,84.45104697226938
"1,0,NA,0,2,NA,0,NA,NA",1,0.002358045651763818,84.45340501792114
"1,2,0,NA,NA,0,2,1,1",1,0.002358045651763818,84.4557630635729
"2,0,NA,2,1,NA,NA,0,2",1,0.002358045651763818,84.45812110922468
"2,2,NA,0,2,NA,1,0,2",1,0.002358045651763818,84.46047915487644
"NA,NA,NA,0,NA,NA,0,NA,2",1,0.002358045651763818,84.46283720052821
"1,2,0,1,2,2,1,NA,1",1,0.002358045651763818,84.46519524617997
"2,0,0,1,2,2,1,NA,NA",1,0.002358045651763818,84.46755329183173
"1,1,NA,2,0,2,0,NA,2",1,0.002358045651763818,84.4699113374835
"2,2,2,0,1,0,2,NA,2",1,0.002358045651763818,84.47226938313526
"NA,2,NA,0,0,2,NA,NA,2",1,0.002358045651763818,84.47462742878702
"0,2,2,1,2,1,1,2,2",1,0.002358045651763818,84.47698547443878
"2,2,1,2,2,1,2,0,NA",1,0.002358045651763818,84.47934352009054
"1,NA,2,0,0,2,0,NA,2",1,0.002358045651763818,84.48170156574231
"1,1,NA,2,1,0,2,NA,NA",1,0.002358045651763818,84.48405961139407
"1,2,2,NA,NA,2,2,NA,NA",1,0.002358045651763818,84.48641765704585
"2,2,NA,1,1,1,1,0,NA",1,0.002358045651763818,84.48877570269761
"2,0,1,2,2,2,1,NA,NA",1,0.002358045651763818,84.49113374834937
"0,2,0,2,0,2,NA,0,NA",1,0.002358045651763818,84.49349179400113
"2,1,1,0,0,2,0,NA,NA",1,0.002358045651763818,84.49584983965289
"NA,1,1,1,NA,1,2,2,NA",1,0.002358045651763818,84.49820788530465
"NA,2,2,NA,NA,0,0,1,NA",1,0.002358045651763818,84.50056593095643
"2,NA,NA,1,2,0,2,NA,2",1,0.002358045651763818,84.50292397660819
"NA,0,0,0,0,0,0,2,NA",1,0.002358045651763818,84.50528202225995
"0,NA,2,2,2,1,2,1,0",1,0.002358045651763818,84.50764006791172
"2,1,NA,2,0,NA,2,0,1",1,0.002358045651763818,84.50999811356348
"0,NA,0,NA,NA,NA,2,NA,2",1,0.002358045651763818,84.51235615921524
"2,2,NA,2,0,2,NA,2,2",1,0.002358045651763818,84.514714204867
"2,1,2,2,0,2,2,NA,0",1,0.002358045651763818,84.51707225051877
"2,1,0,0,2,NA,0,2,2",1,0.002358045651763818,84.51943029617054
"NA,NA,1,2,NA,NA,NA,2,NA",1,0.002358045651763818,84.5217883418223
"2,0,2,NA,NA,NA,1,2,NA",1,0.002358045651763818,84.52414638747406
"NA,0,NA,2,1,2,2,NA,2",1,0.002358045651763818,84.52650443312582
"1,0,NA,2,0,NA,NA,NA,2",1,0.002358045651763818,84.52886247877758
"0,1,0,0,0,0,0,NA,NA",1,0.002358045651763818,84.53122052442936
"1,NA,NA,0,0,2,2,2,NA",1,0.002358045651763818,84.53357857008112
"0,2,1,1,1,1,2,2,NA",1,0.002358045651763818,84.53593661573288
"2,2,1,2,2,NA,2,2,NA",1,0.002358045651763818,84.53829466138465
"NA,2,0,2,2,0,0,NA,1",1,0.002358045651763818,84.54065270703641
"1,0,NA,NA,0,NA,1,NA,NA",1,0.002358045651763818,84.54301075268818
"2,2,NA,1,2,2,1,1,2",1,0.002358045651763818,84.54536879833994
"0,2,2,NA,2,NA,NA,NA,0",1,0.002358045651763818,84.5477268439917
"1,2,2,NA,0,0,2,2,NA",1,0.002358045651763818,84.55008488964346
"0,0,2,1,0,NA,NA,NA,1",1,0.002358045651763818,84.55244293529522
"NA,1,NA,2,2,2,2,0,NA",1,0.002358045651763818,84.554800980947
"0,2,0,2,2,2,0,NA,0",1,0.002358045651763818,84.55715902659875
"0,1,NA,2,1,NA,2,NA,2",1,0.002358045651763818,84.55951707225053
"0,1,2,NA,0,NA,NA,NA,NA",1,0.002358045651763818,84.56187511790229
"0,NA,NA,NA,NA,2,2,1,NA",1,0.002358045651763818,84.56423316355405
"2,NA,0,0,1,NA,1,2,2",1,0.002358045651763818,84.56659120920581
"NA,2,NA,0,0,0,NA,NA,2",1,0.002358045651763818,84.56894925485757
"0,2,1,2,0,0,2,NA,NA",1,0.002358045651763818,84.57130730050933
"2,2,1,1,1,1,2,NA,2",1,0.002358045651763818,84.57366534616109
"1,NA,NA,NA,NA,2,0,NA,NA",1,0.002358045651763818,84.57602339181285
"NA,0,1,NA,2,NA,0,NA,NA",1,0.002358045651763818,84.57838143746463
"NA,NA,0,NA,0,1,2,2,2",1,0.002358045651763818,84.58073948311639
"1,2,NA,NA,NA,0,1,NA,NA",1,0.002358045651763818,84.58309752876816
"0,2,2,NA,NA,0,2,1,2",1,0.002358045651763818,84.58545557441992
"2,2,2,NA,1,1,2,0,2",1,0.002358045651763818,84.58781362007169
"0,2,NA,0,0,2,0,2,0",1,0.002358045651763818,84.59017166572345
"0,NA,1,2,NA,1,NA,2,NA",1,0.002358045651763818,84.5925297113752
"2,2,NA,2,1,NA,2,0,NA",1,0.002358045651763818,84.59488775702697
"0,2,NA,2,1,2,0,NA,NA",1,0.002358045651763818,84.59724580267874
"2,2,NA,2,1,1,0,NA,NA",1,0.002358045651763818,84.5996038483305
"2,1,NA,0,2,2,2,2,NA",1,0.002358045651763818,84.60196189398226
"1,2,NA,0,1,NA,NA,2,NA",1,0.002358045651763818,84.60431993963404
"0,NA,2,0,NA,2,2,NA,1",1,0.002358045651763818,84.6066779852858
"2,2,1,2,0,2,2,2,1",1,0.002358045651763818,84.60903603093756
"0,NA,NA,NA,0,2,2,NA,2",1,0.002358045651763818,84.61139407658932
"2,1,2,NA,2,0,2,2,0",1,0.002358045651763818,84.61375212224108
"2,1,NA,2,2,NA,1,0,1",1,0.002358045651763818,84.61611016789286
"1,2,0,2,0,2,0,2,0",1,0.002358045651763818,84.61846821354462
"NA,2,2,1,2,1,0,2,2",1,0.002358045651763818,84.62082625919638
"NA,2,1,NA,NA,2,2,NA,1",1,0.002358045651763818,84.62318430484814
"2,1,0,0,0,2,0,NA,NA",1,0.002358045651763818,84.6255423504999
"0,2,1,NA,NA,2,2,0,NA",1,0.002358045651763818,84.62790039615167
"1,1,NA,1,2,NA,2,2,2",1,0.002358045651763818,84.63025844180343
"NA,2,2,1,2,NA,NA,2,NA",1,0.002358045651763818,84.6326164874552
"NA,2,2,NA,0,2,0,2,NA",1,0.002358045651763818,84.63497453310697
"NA,0,2,NA,NA,0,2,2,NA",1,0.002358045651763818,84.63733257875873
"NA,0,NA,2,0,NA,2,NA,2",1,0.002358045651763818,84.63969062441049
"2,2,0,2,2,1,0,2,2",1,0.002358045651763818,84.64204867006225
"2,1,NA,1,2,NA,2,2,NA",1,0.002358045651763818,84.64440671571401
"NA,0,2,0,1,NA,0,1,NA",1,0.002358045651763818,84.64676476136577
"2,1,NA,2,2,NA,0,2,2",1,0.002358045651763818,84.64912280701753
"NA,NA,0,2,2,2,2,2,NA",1,0.002358045651763818,84.65148085266931
"1,NA,NA,1,0,2,2,NA,NA",1,0.002358045651763818,84.65383889832108
"1,NA,NA,0,2,2,2,NA,NA",1,0.002358045651763818,84.65619694397284
"NA,2,2,NA,NA,0,NA,2,2",1,0.002358045651763818,84.6585549896246
"0,NA,1,NA,1,NA,2,2,1",1,0.002358045651763818,84.66091303527637
"NA,2,2,2,1,0,0,2,NA",1,0.002358045651763818,84.66327108092813
"2,1,NA,NA,2,NA,2,2,2",1,0.002358045651763818,84.66562912657989
"2,2,NA,2,0,NA,1,NA,NA",1,0.002358045651763818,84.66798717223165
"1,2,2,2,1,2,2,1,1",1,0.002358045651763818,84.67034521788341
"2,0,2,0,2,2,NA,1,NA",1,0.002358045651763818,84.67270326353518
"0,NA,NA,2,1,2,0,NA,1",1,0.002358045651763818,84.67506130918694
"NA,NA,NA,0,1,1,NA,NA,NA",1,0.002358045651763818,84.67741935483872
"0,0,NA,2,0,2,0,NA,NA",1,0.002358045651763818,84.67977740049048
"NA,NA,NA,0,0,0,1,NA,NA",1,0.002358045651763818,84.68213544614224
"2,NA,NA,NA,2,1,2,1,2",1,0.002358045651763818,84.684493491794
"2,1,2,0,NA,NA,1,1,2",1,0.002358045651763818,84.68685153744576
"1,2,2,0,NA,2,0,2,NA",1,0.002358045651763818,84.68920958309752
"NA,2,1,2,2,2,2,NA,2",1,0.002358045651763818,84.6915676287493
"2,2,0,NA,NA,2,1,NA,NA",1,0.002358045651763818,84.69392567440106
"2,NA,NA,0,2,NA,0,0,NA",1,0.002358045651763818,84.69628372005282
"0,2,2,1,1,2,2,2,1",1,0.002358045651763818,84.69864176570458
"NA,2,0,2,0,2,2,2,2",1,0.002358045651763818,84.70099981135635
"NA,2,1,2,1,2,NA,NA,NA",1,0.002358045651763818,84.70335785700811
"1,2,NA,0,0,2,2,NA,NA",1,0.002358045651763818,84.70571590265988
"NA,2,NA,NA,2,NA,1,0,2",1,0.002358045651763818,84.70807394831164
"NA,1,NA,0,2,2,2,NA,0",1,0.002358045651763818,84.7104319939634
"2,NA,NA,0,2,NA,2,0,0",1,0.002358045651763818,84.71279003961517
"NA,2,2,NA,NA,0,1,NA,2",1,0.002358045651763818,84.71514808526693
"NA,NA,NA,0,0,NA,0,NA,2",1,0.002358045651763818,84.7175061309187
"2,2,0,2,1,2,2,2,0",1,0.002358045651763818,84.71986417657045
"NA,NA,2,NA,NA,2,2,0,NA",1,0.002358045651763818,84.72222222222221
"NA,NA,NA,1,0,1,2,NA,NA",1,0.002358045651763818,84.72458026787399
"0,NA,NA,2,NA,NA,0,1,NA",1,0.002358045651763818,84.72693831352575
"NA,2,2,1,0,NA,1,0,0",1,0.002358045651763818,84.72929635917751
"0,NA,NA,2,2,2,NA,NA,0",1,0.002358045651763818,84.73165440482929
"2,0,2,NA,NA,NA,1,NA,2",1,0.002358045651763818,84.73401245048105
"NA,NA,NA,0,NA,2,NA,2,NA",1,0.002358045651763818,84.7363704961328
"2,2,1,0,1,NA,NA,0,NA",1,0.002358045651763818,84.73872854178457
"2,2,NA,1,2,1,1,2,NA",1,0.002358045651763818,84.74108658743633
"2,1,NA,2,1,NA,NA,0,NA",1,0.002358045651763818,84.74344463308809
"NA,NA,2,2,1,NA,NA,NA,NA",1,0.002358045651763818,84.74580267873986
"0,2,2,NA,0,2,NA,NA,NA",1,0.002358045651763818,84.74816072439162
"0,2,2,2,2,0,NA,NA,2",1,0.002358045651763818,84.7505187700434
"1,2,2,2,0,NA,2,2,2",1,0.002358045651763818,84.75287681569516
"2,NA,NA,1,1,NA,2,2,1",1,0.002358045651763818,84.75523486134692
"NA,2,NA,2,2,NA,0,0,0",1,0.002358045651763818,84.75759290699868
"2,NA,0,NA,NA,NA,1,NA,2",1,0.002358045651763818,84.75995095265044
"1,1,0,2,0,1,2,2,2",1,0.002358045651763818,84.7623089983022
"0,2,NA,2,1,0,2,NA,NA",1,0.002358045651763818,84.76466704395396
"1,0,2,2,2,2,2,2,1",1,0.002358045651763818,84.76702508960572
"0,2,2,NA,NA,2,2,2,1",1,0.002358045651763818,84.7693831352575
"0,2,2,NA,NA,2,NA,0,NA",1,0.002358045651763818,84.77174118090926
"NA,1,NA,2,2,2,2,NA,0",1,0.002358045651763818,84.77409922656103
"0,NA,1,1,0,2,0,2,NA",1,0.002358045651763818,84.7764572722128
"0,NA,NA,2,2,0,NA,2,NA",1,0.002358045651763818,84.77881531786456
"2,1,1,NA,NA,NA,NA,1,1",1,0.002358045651763818,84.78117336351632
"2,NA,2,1,2,2,1,NA,NA",1,0.002358045651763818,84.78353140916808
"NA,2,2,NA,NA,NA,1,1,NA",1,0.002358045651763818,84.78588945481984
"NA,2,NA,2,1,2,0,NA,1",1,0.002358045651763818,84.78824750047161
"1,0,2,0,2,NA,NA,NA,NA",1,0.002358045651763818,84.79060554612337
"2,0,0,2,2,2,2,0,1",1,0.002358045651763818,84.79296359177513
"2,1,1,2,1,NA,0,NA,1",1,0.002358045651763818,84.7953216374269
"0,NA,1,2,2,2,0,NA,0",1,0.002358045651763818,84.79767968307867
"0,2,2,2,2,2,0,0,NA",1,0.002358045651763818,84.80003772873043
"NA,NA,2,NA,NA,2,0,2,2",1,0.002358045651763818,84.80239577438219
"0,2,2,2,2,0,0,0,NA",1,0.002358045651763818,84.80475382003395
"1,NA,2,2,2,2,2,NA,2",1,0.002358045651763818,84.80711186568573
"NA,NA,NA,1,1,1,2,NA,1",1,0.002358045651763818,84.80946991133749
"NA,2,2,0,2,0,2,NA,NA",1,0.002358045651763818,84.81182795698925
"NA,NA,1,NA,2,NA,2,2,2",1,0.002358045651763818,84.81418600264101
"2,NA,1,NA,NA,NA,0,2,NA",1,0.002358045651763818,84.81654404829277
"1,2,NA,2,0,2,2,0,2",1,0.002358045651763818,84.81890209394453
"0,2,1,2,2,1,1,1,2",1,0.002358045651763818,84.8212601395963
"0,2,2,2,1,0,2,2,2",1,0.002358045651763818,84.82361818524807
"0,2,NA,2,2,2,NA,2,NA",1,0.002358045651763818,84.82597623089984
"2,1,2,0,2,0,0,0,NA",1,0.002358045651763818,84.8283342765516
"2,2,NA,NA,2,NA,2,2,1",1,0.002358045651763818,84.83069232220336
"2,2,0,NA,NA,1,2,2,2",1,0.002358045651763818,84.83305036785512
"NA,0,NA,NA,2,0,NA,0,2",1,0.002358045651763818,84.83540841350688
"NA,NA,NA,NA,1,0,2,NA,0",1,0.002358045651763818,84.83776645915864
"NA,NA,1,2,NA,NA,NA,NA,NA",1,0.002358045651763818,84.8401245048104
"2,1,2,0,2,1,NA,2,NA",1,0.002358045651763818,84.84248255046218
"NA,2,2,2,2,NA,0,2,NA",1,0.002358045651763818,84.84484059611394
"NA,NA,NA,2,2,NA,NA,2,0",1,0.002358045651763818,84.84719864176571
"0,2,1,0,2,2,0,0,NA",1,0.002358045651763818,84.84955668741748
"1,NA,NA,0,0,1,0,NA,NA",1,0.002358045651763818,84.85191473306924
"1,2,1,1,2,2,1,2,1",1,0.002358045651763818,84.854272778721
"2,1,0,0,1,2,NA,2,2",1,0.002358045651763818,84.85663082437276
"NA,NA,NA,2,2,NA,NA,1,NA",1,0.002358045651763818,84.85898887002452
"1,NA,NA,0,1,2,NA,NA,NA",1,0.002358045651763818,84.86134691567628
"NA,1,NA,0,NA,NA,NA,0,NA",1,0.002358045651763818,84.86370496132804
"1,1,NA,0,2,NA,2,NA,0",1,0.002358045651763818,84.86606300697981
"2,2,NA,NA,2,NA,0,NA,2",1,0.002358045651763818,84.86842105263158
"1,NA,NA,1,2,2,1,NA,NA",1,0.002358045651763818,84.87077909828335
"2,NA,NA,1,2,NA,NA,2,NA",1,0.002358045651763818,84.87313714393511
"NA,0,1,0,2,NA,NA,NA,NA",1,0.002358045651763818,84.87549518958687
"0,NA,2,1,2,1,1,NA,2",1,0.002358045651763818,84.87785323523863
"1,2,1,2,2,0,2,2,0",1,0.002358045651763818,84.88021128089039
"1,NA,2,0,2,2,2,2,2",1,0.002358045651763818,84.88256932654215
"1,0,1,2,2,NA,1,NA,NA",1,0.002358045651763818,84.88492737219393
"0,NA,NA,NA,NA,1,2,2,2",1,0.002358045651763818,84.88728541784569
"0,0,2,NA,NA,0,2,2,2",1,0.002358045651763818,84.88964346349745
"NA,NA,2,NA,NA,0,2,2,NA",1,0.002358045651763818,84.89200150914922
"0,0,1,2,2,2,1,NA,NA",1,0.002358045651763818,84.89435955480099
"2,1,1,2,2,NA,2,1,NA",1,0.002358045651763818,84.89671760045275
"1,2,0,NA,2,NA,NA,NA,NA",1,0.002358045651763818,84.8990756461045
"1,0,2,1,NA,2,2,2,2",1,0.002358045651763818,84.90143369175627
"2,1,1,NA,NA,2,NA,1,NA",1,0.002358045651763818,84.90379173740804
"NA,2,2,1,2,NA,NA,NA,2",1,0.002358045651763818,84.9061497830598
"NA,NA,2,1,1,0,0,0,NA",1,0.002358045651763818,84.90850782871156
"2,NA,0,0,NA,1,NA,2,NA",1,0.002358045651763818,84.91086587436332
"2,0,2,NA,NA,0,2,NA,2",1,0.002358045651763818,84.91322392001508
"NA,2,2,NA,NA,0,2,1,NA",1,0.002358045651763818,84.91558196566686
"2,2,2,2,NA,0,0,1,NA",1,0.002358045651763818,84.91794001131862
"NA,2,NA,NA,2,NA,0,2,2",1,0.002358045651763818,84.92029805697038
"2,1,NA,NA,NA,NA,2,2,0",1,0.002358045651763818,84.92265610262216
"NA,NA,NA,NA,0,NA,2,0,NA",1,0.002358045651763818,84.92501414827392
"2,0,2,NA,NA,NA,0,NA,NA",1,0.002358045651763818,84.92737219392568
"0,NA,2,2,2,0,0,NA,NA",1,0.002358045651763818,84.92973023957744
"2,2,1,1,1,0,2,NA,NA",1,0.002358045651763818,84.9320882852292
"2,NA,2,1,2,1,2,NA,2",1,0.002358045651763818,84.93444633088096
"NA,2,2,1,NA,0,2,2,NA",1,0.002358045651763818,84.93680437653272
"NA,NA,NA,2,NA,1,1,NA,2",1,0.002358045651763818,84.9391624221845
"NA,1,2,0,1,NA,NA,0,0",1,0.002358045651763818,84.94152046783626
"0,2,2,2,1,1,2,2,0",1,0.002358045651763818,84.94387851348803
"2,0,2,2,2,NA,2,0,2",1,0.002358045651763818,84.94623655913979
"0,2,NA,1,1,0,0,NA,1",1,0.002358045651763818,84.94859460479155
"2,2,NA,NA,2,NA,1,2,2",1,0.002358045651763818,84.95095265044331
"NA,1,NA,2,0,NA,0,0,NA",1,0.002358045651763818,84.95331069609507
"NA,1,0,2,NA,2,1,2,NA",1,0.002358045651763818,84.95566874174683
"2,NA,0,2,2,0,1,NA,NA",1,0.002358045651763818,84.9580267873986
"NA,NA,1,2,2,2,NA,NA,NA",1,0.002358045651763818,84.96038483305037
"2,2,0,1,2,NA,1,NA,NA",1,0.002358045651763818,84.96274287870213
"2,2,2,2,2,0,NA,1,2",1,0.002358045651763818,84.96510092435389
"1,1,0,2,0,2,2,0,1",1,0.002358045651763818,84.96745897000567
"2,NA,NA,2,2,2,0,2,2",1,0.002358045651763818,84.96981701565743
"NA,NA,NA,0,2,NA,0,2,NA",1,0.002358045651763818,84.97217506130919
"2,1,NA,NA,2,2,1,NA,NA",1,0.002358045651763818,84.97453310696095
"NA,2,1,NA,NA,NA,1,2,1",1,0.002358045651763818,84.97689115261271
"0,2,NA,NA,NA,2,0,NA,NA",1,0.002358045651763818,84.97924919826448
"0,2,1,2,2,2,1,2,1",1,0.002358045651763818,84.98160724391624
"NA,2,2,2,2,2,0,1,1",1,0.002358045651763818,84.983965289568
"0,2,0,2,2,2,2,0,1",1,0.002358045651763818,84.98632333521977
"2,2,2,1,2,NA,1,2,2",1,0.002358045651763818,84.98868138087154
"NA,2,2,2,1,2,1,2,NA",1,0.002358045651763818,84.9910394265233
"2,2,2,1,2,1,1,2,0",1,0.002358045651763818,84.99339747217506
"0,NA,NA,NA,2,2,2,2,1",1,0.002358045651763818,84.99575551782682
"2,1,NA,2,2,0,0,NA,NA",1,0.002358045651763818,84.9981135634786
"1,0,2,2,2,2,2,0,NA",1,0.002358045651763818,85.00047160913036
"2,NA,0,NA,0,NA,NA,NA,2",1,0.002358045651763818,85.00282965478212
"NA,NA,1,2,1,1,NA,NA,NA",1,0.002358045651763818,85.00518770043388
"2,2,1,2,1,0,1,1,2",1,0.002358045651763818,85.00754574608564
"2,1,0,2,2,2,2,0,NA",1,0.002358045651763818,85.0099037917374
"NA,NA,NA,NA,0,0,NA,NA,2",1,0.002358045651763818,85.01226183738918
"0,0,NA,2,2,1,2,NA,0",1,0.002358045651763818,85.01461988304094
"2,0,0,2,2,NA,2,2,0",1,0.002358045651763818,85.0169779286927
"1,NA,1,NA,NA,NA,NA,0,NA",1,0.002358045651763818,85.01933597434447
"2,0,NA,NA,NA,NA,1,2,2",1,0.002358045651763818,85.02169401999623
"2,2,0,0,0,NA,0,0,NA",1,0.002358045651763818,85.024052065648
"NA,1,NA,2,1,1,2,0,1",1,0.002358045651763818,85.02641011129975
"NA,NA,1,NA,NA,2,2,2,1",1,0.002358045651763818,85.02876815695151
"2,2,0,0,2,0,2,2,1",1,0.002358045651763818,85.03112620260328
"NA,NA,NA,NA,0,1,1,NA,NA",1,0.002358045651763818,85.03348424825504
"2,1,2,2,2,1,1,1,0",1,0.002358045651763818,85.03584229390681
"1,2,NA,2,0,NA,2,NA,2",1,0.002358045651763818,85.03820033955859
"NA,NA,NA,1,0,1,1,NA,NA",1,0.002358045651763818,85.04055838521035
"NA,0,NA,0,2,2,NA,0,NA",1,0.002358045651763818,85.0429164308621
"2,NA,NA,2,2,2,0,2,NA",1,0.002358045651763818,85.04527447651387
"NA,0,NA,NA,2,NA,NA,2,2",1,0.002358045651763818,85.04763252216563
"1,2,2,2,2,1,0,NA,NA",1,0.002358045651763818,85.04999056781739
"NA,2,2,1,NA,2,2,2,NA",1,0.002358045651763818,85.05234861346915
"2,2,2,2,1,1,2,0,2",1,0.002358045651763818,85.05470665912091
"2,2,1,1,1,1,1,1,1",1,0.002358045651763818,85.05706470477269
"NA,1,2,2,2,1,2,2,0",1,0.002358045651763818,85.05942275042445
"0,2,NA,2,1,NA,0,NA,2",1,0.002358045651763818,85.06178079607622
"0,2,NA,2,1,NA,0,2,0",1,0.002358045651763818,85.06413884172798
"2,1,NA,1,1,2,NA,NA,NA",1,0.002358045651763818,85.06649688737974
"NA,2,0,2,NA,0,1,0,NA",1,0.002358045651763818,85.0688549330315
"2,0,NA,2,2,2,0,2,NA",1,0.002358045651763818,85.07121297868326
"NA,NA,NA,NA,NA,1,2,2,2",1,0.002358045651763818,85.07357102433502
"2,2,0,NA,1,2,2,2,2",1,0.002358045651763818,85.0759290699868
"1,2,0,0,2,NA,2,NA,NA",1,0.002358045651763818,85.07828711563856
"1,2,NA,NA,0,NA,NA,1,NA",1,0.002358045651763818,85.08064516129032
"2,0,NA,1,2,NA,2,1,1",1,0.002358045651763818,85.08300320694208
"NA,1,2,2,2,0,2,2,2",1,0.002358045651763818,85.08536125259386
"2,2,NA,NA,0,1,0,NA,0",1,0.002358045651763818,85.08771929824562
"2,NA,1,1,2,NA,NA,NA,NA",1,0.002358045651763818,85.09007734389738
"NA,NA,NA,NA,2,2,2,0,NA",1,0.002358045651763818,85.09243538954914
"0,2,NA,0,0,NA,0,0,NA",1,0.002358045651763818,85.09479343520091
"NA,2,NA,NA,NA,NA,1,NA,0",1,0.002358045651763818,85.09715148085267
"NA,0,2,NA,0,2,2,NA,NA",1,0.002358045651763818,85.09950952650443
"2,1,NA,0,0,NA,0,0,0",1,0.002358045651763818,85.1018675721562
"0,1,NA,2,2,2,1,NA,2",1,0.002358045651763818,85.10422561780796
"1,0,2,1,2,2,2,2,0",1,0.002358045651763818,85.10658366345972
"NA,2,NA,NA,NA,2,1,NA,1",1,0.002358045651763818,85.10894170911149
"2,1,2,2,1,0,2,2,2",1,0.002358045651763818,85.11129975476325
"1,0,NA,2,2,2,NA,NA,2",1,0.002358045651763818,85.11365780041503
"2,2,2,NA,2,NA,1,NA,NA",1,0.002358045651763818,85.11601584606679
"NA,2,2,NA,NA,NA,0,NA,1",1,0.002358045651763818,85.11837389171855
"2,0,NA,NA,NA,NA,1,NA,1",1,0.002358045651763818,85.12073193737031
"2,1,2,NA,NA,NA,0,2,1",1,0.002358045651763818,85.12308998302207
"2,NA,2,0,0,0,0,0,NA",1,0.002358045651763818,85.12544802867383
"2,2,2,2,1,1,1,1,2",1,0.002358045651763818,85.12780607432559
"1,NA,2,2,0,NA,0,0,NA",1,0.002358045651763818,85.13016411997737
"NA,0,NA,2,NA,2,2,NA,1",1,0.002358045651763818,85.13252216562913
"2,2,2,0,2,NA,2,0,NA",1,0.002358045651763818,85.1348802112809
"1,1,1,2,1,1,2,1,1",1,0.002358045651763818,85.13723825693266
"2,2,2,NA,NA,0,0,NA,1",1,0.002358045651763818,85.13959630258442
"0,NA,NA,0,0,1,NA,NA,0",1,0.002358045651763818,85.14195434823618
"0,1,NA,1,2,NA,2,NA,NA",1,0.002358045651763818,85.14431239388794
"1,2,NA,2,0,2,0,0,0",1,0.002358045651763818,85.1466704395397
"NA,0,0,NA,2,NA,1,2,2",1,0.002358045651763818,85.14902848519147
"2,NA,2,1,1,NA,1,NA,1",1,0.002358045651763818,85.15138653084323
"2,0,NA,NA,NA,NA,2,1,NA",1,0.002358045651763818,85.153744576495
"2,2,NA,2,0,NA,1,2,NA",1,0.002358045651763818,85.15610262214676
"2,2,0,1,NA,2,2,NA,NA",1,0.002358045651763818,85.15846066779854
"NA,NA,1,2,2,1,2,0,NA",1,0.002358045651763818,85.1608187134503
"2,2,1,1,2,NA,1,2,2",1,0.002358045651763818,85.16317675910206
"NA,NA,NA,1,1,NA,NA,2,2",1,0.002358045651763818,85.16553480475382
"1,0,2,2,2,2,0,NA,NA",1,0.002358045651763818,85.16789285040558
"2,2,1,NA,NA,2,2,2,1",1,0.002358045651763818,85.17025089605734
"NA,2,NA,2,NA,1,NA,NA,1",1,0.002358045651763818,85.17260894170911
"2,1,0,2,0,2,2,NA,2",1,0.002358045651763818,85.17496698736088
"0,2,2,NA,2,NA,NA,NA,NA",1,0.002358045651763818,85.17732503301264
"NA,NA,NA,1,2,2,2,2,1",1,0.002358045651763818,85.1796830786644
"2,2,0,2,0,1,2,2,0",1,0.002358045651763818,85.18204112431617
"2,2,1,1,2,1,2,NA,NA",1,0.002358045651763818,85.18439916996793
"1,1,0,2,0,0,2,NA,NA",1,0.002358045651763818,85.18675721561969
"NA,2,NA,1,1,2,NA,2,NA",1,0.002358045651763818,85.18911526127145
"1,2,2,2,2,NA,0,2,2",1,0.002358045651763818,85.19147330692323
"2,NA,2,2,2,1,1,2,NA",1,0.002358045651763818,85.19383135257499
"1,2,2,2,2,2,NA,2,1",1,0.002358045651763818,85.19618939822675
"0,NA,NA,1,2,2,2,NA,1",1,0.002358045651763818,85.19854744387851
"2,NA,0,2,2,0,1,NA,0",1,0.002358045651763818,85.20090548953027
"2,2,2,2,0,0,2,2,0",1,0.002358045651763818,85.20326353518203
"0,0,NA,2,2,2,2,2,0",1,0.002358045651763818,85.2056215808338
"2,NA,2,1,2,NA,1,2,2",1,0.002358045651763818,85.20797962648557
"NA,NA,0,0,0,NA,2,NA,0",1,0.002358045651763818,85.21033767213734
"2,0,NA,2,2,NA,0,1,2",1,0.002358045651763818,85.2126957177891
"0,2,NA,0,2,2,NA,NA,NA",1,0.002358045651763818,85.21505376344086
"NA,0,2,0,1,NA,NA,NA,NA",1,0.002358045651763818,85.21741180909262
"2,2,1,2,2,2,NA,2,2",1,0.002358045651763818,85.21976985474438
"2,2,NA,1,2,NA,2,2,NA",1,0.002358045651763818,85.22212790039615
"2,0,1,1,1,NA,1,NA,NA",1,0.002358045651763818,85.2244859460479
"1,2,2,2,0,1,0,NA,NA",1,0.002358045651763818,85.22684399169968
"NA,2,NA,1,1,2,2,1,NA",1,0.002358045651763818,85.22920203735144
"2,0,0,0,0,0,0,NA,NA",1,0.002358045651763818,85.23156008300322
"NA,NA,NA,NA,NA,0,1,1,1",1,0.002358045651763818,85.23391812865498
"2,1,NA,0,0,NA,2,2,NA",1,0.002358045651763818,85.23627617430674
"2,2,2,0,2,1,2,0,2",1,0.002358045651763818,85.2386342199585
"2,NA,NA,2,2,NA,0,1,NA",1,0.002358045651763818,85.24099226561026
"NA,1,NA,NA,NA,2,NA,NA,2",1,0.002358045651763818,85.24335031126202
"2,1,1,1,2,2,1,2,1",1,0.002358045651763818,85.24570835691378
"2,NA,0,1,2,2,2,2,2",1,0.002358045651763818,85.24806640256556
"1,1,2,2,1,2,1,NA,2",1,0.002358045651763818,85.25042444821732
"1,0,0,1,1,2,2,NA,NA",1,0.002358045651763818,85.25278249386908
"2,2,NA,0,NA,1,2,NA,1",1,0.002358045651763818,85.25514053952085
"2,2,2,2,1,1,1,NA,NA",1,0.002358045651763818,85.25749858517261
"1,1,2,2,2,1,2,NA,1",1,0.002358045651763818,85.25985663082437
"NA,NA,NA,1,1,2,2,1,NA",1,0.002358045651763818,85.26221467647613
"2,2,NA,NA,NA,0,2,NA,1",1,0.002358045651763818,85.2645727221279
"2,NA,1,2,1,2,2,NA,2",1,0.002358045651763818,85.26693076777967
"0,0,NA,0,0,2,2,NA,0",1,0.002358045651763818,85.26928881343143
"2,2,0,1,1,2,2,1,NA",1,0.002358045651763818,85.27164685908319
"2,2,1,NA,NA,2,2,0,NA",1,0.002358045651763818,85.27400490473495
"NA,NA,NA,NA,0,1,1,NA,2",1,0.002358045651763818,85.27636295038673
"2,2,2,0,2,2,1,2,NA",1,0.002358045651763818,85.27872099603849
"2,1,0,0,2,1,2,NA,2",1,0.002358045651763818,85.28107904169025
"0,NA,1,2,1,2,2,2,2",1,0.002358045651763818,85.28343708734201
"NA,2,NA,0,1,NA,NA,NA,2",1,0.002358045651763818,85.28579513299378
"0,1,2,1,1,2,2,2,2",1,0.002358045651763818,85.28815317864554
"2,0,NA,2,NA,NA,2,NA,0",1,0.002358045651763818,85.2905112242973
"2,2,1,2,NA,2,1,1,1",1,0.002358045651763818,85.29286926994907
"0,2,1,NA,2,0,1,NA,1",1,0.002358045651763818,85.29522731560083
"NA,0,2,1,1,NA,NA,NA,NA",1,0.002358045651763818,85.29758536125259
"NA,NA,NA,2,0,0,NA,NA,2",1,0.002358045651763818,85.29994340690436
"2,NA,0,2,2,2,0,NA,2",1,0.002358045651763818,85.30230145255612
"2,2,0,2,1,0,2,0,2",1,0.002358045651763818,85.30465949820788
"NA,0,1,1,1,NA,2,1,2",1,0.002358045651763818,85.30701754385966
"2,2,1,NA,1,0,2,NA,NA",1,0.002358045651763818,85.30937558951142
"NA,1,NA,2,0,2,2,NA,2",1,0.002358045651763818,85.31173363516318
"0,2,NA,2,0,NA,2,2,1",1,0.002358045651763818,85.31409168081494
"NA,NA,1,NA,1,NA,NA,2,NA",1,0.002358045651763818,85.3164497264667
"2,NA,NA,0,0,NA,1,NA,NA",1,0.002358045651763818,85.31880777211846
"0,2,NA,2,1,2,1,2,0",1,0.002358045651763818,85.32116581777022
"2,NA,NA,NA,0,NA,NA,NA,2",1,0.002358045651763818,85.323523863422
"2,0,NA,2,1,0,1,NA,0",1,0.002358045651763818,85.32588190907376
"2,NA,NA,NA,NA,0,0,2,NA",1,0.002358045651763818,85.32823995472553
"2,NA,1,2,2,0,0,0,NA",1,0.002358045651763818,85.3305980003773
"2,1,0,0,2,2,2,NA,NA",1,0.002358045651763818,85.33295604602905
"1,0,NA,NA,2,NA,1,NA,NA",1,0.002358045651763818,85.33531409168081
"0,0,NA,1,NA,2,2,NA,NA",1,0.002358045651763818,85.33767213733258
"0,0,NA,0,2,2,NA,NA,2",1,0.002358045651763818,85.34003018298434
"NA,2,1,NA,1,0,NA,1,NA",1,0.002358045651763818,85.3423882286361
"2,NA,2,0,2,0,NA,2,NA",1,0.002358045651763818,85.34474627428787
"2,NA,NA,1,1,0,1,NA,2",1,0.002358045651763818,85.34710431993963
"0,1,NA,0,2,NA,2,NA,2",1,0.002358045651763818,85.34946236559139
"NA,NA,0,0,2,2,0,0,NA",1,0.002358045651763818,85.35182041124317
"NA,0,NA,1,2,0,0,0,NA",1,0.002358045651763818,85.35417845689493
"1,0,NA,2,2,NA,2,2,NA",1,0.002358045651763818,85.35653650254669
"2,1,1,2,1,NA,NA,2,NA",1,0.002358045651763818,85.35889454819845
"NA,2,2,NA,2,2,2,2,0",1,0.002358045651763818,85.36125259385021
"NA,1,NA,NA,2,NA,2,2,1",1,0.002358045651763818,85.36361063950199
"NA,2,2,2,1,NA,2,NA,NA",1,0.002358045651763818,85.36596868515375
"2,1,2,2,NA,1,2,NA,2",1,0.002358045651763818,85.3683267308055
"2,NA,NA,NA,NA,2,2,NA,0",1,0.002358045651763818,85.37068477645727
"NA,2,NA,1,1,NA,2,2,1",1,0.002358045651763818,85.37304282210904
"2,NA,NA,2,0,2,2,1,2",1,0.002358045651763818,85.3754008677608
"2,NA,2,2,2,1,2,NA,2",1,0.002358045651763818,85.37775891341256
"1,0,0,2,NA,NA,2,0,2",1,0.002358045651763818,85.38011695906432
"0,NA,NA,NA,NA,1,NA,1,NA",1,0.002358045651763818,85.3824750047161
"1,1,2,0,2,2,NA,NA,NA",1,0.002358045651763818,85.38483305036786
"0,1,NA,0,0,NA,0,NA,NA",1,0.002358045651763818,85.38719109601962
"2,2,1,NA,0,NA,2,2,1",1,0.002358045651763818,85.38954914167138
"2,2,1,NA,1,NA,NA,1,NA",1,0.002358045651763818,85.39190718732314
"2,0,NA,2,1,NA,NA,NA,1",1,0.002358045651763818,85.3942652329749
"2,0,2,NA,NA,NA,0,2,1",1,0.002358045651763818,85.39662327862668
"2,2,0,2,2,2,NA,2,1",1,0.002358045651763818,85.39898132427844
"1,2,NA,2,2,1,NA,NA,2",1,0.002358045651763818,85.40133936993021
"0,2,0,2,2,2,NA,NA,NA",1,0.002358045651763818,85.40369741558197
"2,2,1,2,2,NA,NA,2,2",1,0.002358045651763818,85.40605546123373
"0,2,2,2,0,0,2,NA,1",1,0.002358045651763818,85.4084135068855
"1,2,NA,2,2,2,NA,NA,2",1,0.002358045651763818,85.41077155253726
"2,0,2,1,2,2,2,0,NA",1,0.002358045651763818,85.41312959818902
"2,2,2,1,1,2,0,2,NA",1,0.002358045651763818,85.41548764384078
"2,2,NA,2,NA,NA,0,2,2",1,0.002358045651763818,85.41784568949254
"2,0,2,1,2,NA,2,2,1",1,0.002358045651763818,85.42020373514431
"NA,2,2,NA,1,1,2,2,2",1,0.002358045651763818,85.42256178079609
"2,2,2,NA,1,NA,2,2,1",1,0.002358045651763818,85.42491982644785
"2,1,NA,2,0,NA,2,0,2",1,0.002358045651763818,85.42727787209961
"NA,NA,NA,2,2,0,0,NA,1",1,0.002358045651763818,85.42963591775137
"NA,NA,NA,0,2,0,2,NA,1",1,0.002358045651763818,85.43199396340313
"1,2,NA,2,2,NA,2,1,0",1,0.002358045651763818,85.43435200905489
"0,2,1,2,2,NA,1,NA,NA",1,0.002358045651763818,85.43671005470665
"2,1,0,0,0,NA,2,2,NA",1,0.002358045651763818,85.43906810035843
"NA,1,NA,2,2,1,0,NA,NA",1,0.002358045651763818,85.44142614601019
"0,NA,2,NA,NA,NA,NA,NA,0",1,0.002358045651763818,85.44378419166195
"NA,2,2,0,0,2,0,2,2",1,0.002358045651763818,85.44614223731372
"NA,0,1,NA,NA,NA,0,NA,2",1,0.002358045651763818,85.44850028296548
"0,2,2,2,2,2,NA,1,NA",1,0.002358045651763818,85.45085832861724
"NA,NA,1,2,2,NA,2,NA,NA",1,0.002358045651763818,85.453216374269
"2,0,2,2,0,NA,NA,NA,NA",1,0.002358045651763818,85.45557441992077
"0,NA,NA,2,1,1,1,NA,0",1,0.002358045651763818,85.45793246557253
"2,1,1,2,2,2,0,NA,2",1,0.002358045651763818,85.4602905112243
"2,NA,NA,0,0,0,NA,0,NA",1,0.002358045651763818,85.46264855687606
"2,0,2,0,2,1,2,0,NA",1,0.002358045651763818,85.46500660252782
"2,1,0,0,2,2,0,2,2",1,0.002358045651763818,85.46736464817958
"0,0,1,2,1,0,2,NA,2",1,0.002358045651763818,85.46972269383136
"1,1,NA,0,2,NA,NA,NA,1",1,0.002358045651763818,85.47208073948312
"0,1,2,2,1,2,1,NA,2",1,0.002358045651763818,85.47443878513488
"NA,2,NA,NA,1,NA,2,NA,2",1,0.002358045651763818,85.47679683078664
"2,0,0,1,2,NA,2,1,2",1,0.002358045651763818,85.47915487643841
"0,2,NA,1,2,NA,1,2,1",1,0.002358045651763818,85.48151292209018
"2,0,2,NA,NA,1,2,NA,2",1,0.002358045651763818,85.48387096774194
"NA,NA,NA,NA,0,2,NA,NA,2",1,0.002358045651763818,85.4862290133937
"NA,2,NA,2,2,0,NA,NA,0",1,0.002358045651763818,85.48858705904546
"2,2,2,NA,NA,0,0,1,2",1,0.002358045651763818,85.49094510469722
"2,0,NA,0,0,2,2,NA,2",1,0.002358045651763818,85.49330315034899
"1,1,2,NA,NA,NA,2,NA,NA",1,0.002358045651763818,85.49566119600075
"2,NA,0,0,2,0,NA,NA,NA",1,0.002358045651763818,85.49801924165253
"2,0,NA,2,1,1,1,NA,NA",1,0.002358045651763818,85.50037728730429
"NA,2,2,1,1,0,2,NA,NA",1,0.002358045651763818,85.50273533295605
"NA,2,2,0,NA,2,2,1,2",1,0.002358045651763818,85.50509337860781
"NA,2,1,1,2,NA,0,1,NA",1,0.002358045651763818,85.50745142425957
"2,1,0,2,2,2,1,2,0",1,0.002358045651763818,85.50980946991133
"1,1,NA,2,2,NA,2,2,1",1,0.002358045651763818,85.51216751556309
"1,1,2,NA,1,NA,NA,NA,NA",1,0.002358045651763818,85.51452556121487
"0,2,2,2,0,2,0,0,2",1,0.002358045651763818,85.51688360686663
"0,2,NA,2,0,1,2,NA,NA",1,0.002358045651763818,85.5192416525184
"2,2,1,NA,1,2,2,1,1",1,0.002358045651763818,85.52159969817016
"2,0,2,1,1,1,2,2,1",1,0.002358045651763818,85.52395774382192
"0,2,2,NA,2,NA,2,NA,2",1,0.002358045651763818,85.52631578947368
"2,2,1,2,0,NA,2,0,NA",1,0.002358045651763818,85.52867383512545
"2,0,NA,1,2,1,2,1,2",1,0.002358045651763818,85.5310318807772
"2,2,NA,NA,0,2,2,NA,0",1,0.002358045651763818,85.53338992642897
"2,0,NA,NA,NA,0,2,2,2",1,0.002358045651763818,85.53574797208074
"2,NA,NA,1,1,2,2,NA,NA",1,0.002358045651763818,85.5381060177325
"2,NA,NA,0,2,0,1,NA,NA",1,0.002358045651763818,85.54046406338426
"NA,2,1,0,2,NA,NA,NA,NA",1,0.002358045651763818,85.54282210903604
"2,NA,NA,NA,1,NA,2,NA,2",1,0.002358045651763818,85.5451801546878
"2,NA,1,NA,2,0,2,2,NA",1,0.002358045651763818,85.54753820033956
"NA,NA,NA,0,0,1,1,NA,NA",1,0.002358045651763818,85.54989624599132
"0,2,NA,2,2,NA,2,0,1",1,0.002358045651763818,85.55225429164308
"2,0,2,1,2,2,2,NA,1",1,0.002358045651763818,85.55461233729486
"NA,NA,1,1,1,2,2,NA,2",1,0.002358045651763818,85.55697038294662
"1,2,2,NA,NA,0,0,NA,1",1,0.002358045651763818,85.55932842859838
"NA,2,2,NA,1,NA,NA,2,1",1,0.002358045651763818,85.56168647425014
"NA,2,0,NA,NA,NA,2,2,1",1,0.002358045651763818,85.5640445199019
"NA,2,2,NA,NA,2,NA,2,1",1,0.002358045651763818,85.56640256555367
"1,0,NA,2,2,1,1,NA,1",1,0.002358045651763818,85.56876061120543
"0,2,2,2,1,0,2,2,NA",1,0.002358045651763818,85.5711186568572
"2,0,2,2,0,2,2,0,2",1,0.002358045651763818,85.57347670250897
"1,NA,2,2,2,NA,1,NA,NA",1,0.002358045651763818,85.57583474816073
"NA,2,1,NA,NA,NA,NA,1,1",1,0.002358045651763818,85.57819279381249
"0,1,1,2,2,0,2,2,1",1,0.002358045651763818,85.58055083946425
"0,2,NA,NA,1,NA,1,NA,NA",1,0.002358045651763818,85.58290888511601
"0,2,NA,NA,NA,NA,2,2,1",1,0.002358045651763818,85.58526693076777
"2,1,2,1,2,0,2,0,0",1,0.002358045651763818,85.58762497641953
"0,2,2,1,2,2,2,NA,2",1,0.002358045651763818,85.58998302207131
"NA,1,NA,2,2,0,1,NA,2",1,0.002358045651763818,85.59234106772307
"2,1,2,0,2,0,1,2,1",1,0.002358045651763818,85.59469911337484
"NA,NA,NA,NA,1,NA,1,1,1",1,0.002358045651763818,85.5970571590266
"NA,2,0,0,NA,2,1,0,NA",1,0.002358045651763818,85.59941520467837
"2,0,0,0,2,2,NA,NA,NA",1,0.002358045651763818,85.60177325033013
"NA,NA,NA,0,2,1,2,0,NA",1,0.002358045651763818,85.60413129598189
"2,NA,NA,1,NA,0,2,NA,2",1,0.002358045651763818,85.60648934163365
"1,2,NA,1,1,2,2,NA,2",1,0.002358045651763818,85.60884738728541
"NA,2,1,2,0,2,0,NA,NA",1,0.002358045651763818,85.61120543293718
"NA,0,NA,1,2,2,2,NA,NA",1,0.002358045651763818,85.61356347858894
"NA,2,NA,2,0,0,2,NA,2",1,0.002358045651763818,85.61592152424072
"2,NA,NA,1,1,NA,2,2,NA",1,0.002358045651763818,85.61827956989248
"2,1,0,NA,NA,2,1,NA,NA",1,0.002358045651763818,85.62063761554424
"2,NA,2,2,NA,1,NA,1,2",1,0.002358045651763818,85.622995661196
"NA,2,NA,2,1,0,NA,NA,NA",1,0.002358045651763818,85.62535370684776
"2,2,NA,NA,NA,NA,NA,2,0",1,0.002358045651763818,85.62771175249952
"2,0,1,0,2,NA,NA,NA,NA",1,0.002358045651763818,85.63006979815128
"1,NA,2,2,NA,2,2,NA,2",1,0.002358045651763818,85.63242784380306
"2,NA,0,0,0,0,2,2,NA",1,0.002358045651763818,85.63478588945482
"1,2,NA,0,0,NA,2,NA,2",1,0.002358045651763818,85.63714393510658
"0,NA,NA,NA,2,2,2,NA,1",1,0.002358045651763818,85.63950198075835
"2,2,NA,NA,1,0,2,NA,2",1,0.002358045651763818,85.64186002641011
"0,NA,NA,1,NA,2,NA,2,NA",1,0.002358045651763818,85.64421807206188
"2,2,0,NA,2,2,2,2,NA",1,0.002358045651763818,85.64657611771364
"NA,NA,NA,0,0,NA,0,NA,1",1,0.002358045651763818,85.6489341633654
"0,0,NA,NA,2,2,2,NA,NA",1,0.002358045651763818,85.65129220901717
"NA,2,NA,NA,NA,2,0,NA,1",1,0.002358045651763818,85.65365025466893
"1,NA,NA,NA,1,1,2,NA,NA",1,0.002358045651763818,85.65600830032069
"2,1,1,NA,0,0,2,2,2",1,0.002358045651763818,85.65836634597245
"2,NA,2,1,NA,2,2,2,1",1,0.002358045651763818,85.66072439162423
"2,1,0,NA,NA,NA,2,NA,NA",1,0.002358045651763818,85.66308243727599
"0,2,1,2,2,NA,2,NA,NA",1,0.002358045651763818,85.66544048292775
"NA,NA,2,1,1,2,2,2,NA",1,0.002358045651763818,85.66779852857951
"0,1,1,2,2,2,1,2,2",1,0.002358045651763818,85.67015657423129
"2,2,2,0,0,NA,2,0,2",1,0.002358045651763818,85.67251461988305
"NA,0,NA,NA,NA,2,2,NA,2",1,0.002358045651763818,85.6748726655348
"2,NA,0,2,1,1,2,NA,NA",1,0.002358045651763818,85.67723071118657
"2,NA,NA,1,0,NA,NA,2,NA",1,0.002358045651763818,85.67958875683833
"NA,NA,0,2,NA,NA,NA,NA,NA",1,0.002358045651763818,85.68194680249009
"1,0,2,2,1,2,1,NA,NA",1,0.002358045651763818,85.68430484814186
"2,1,0,2,2,NA,2,0,2",1,0.002358045651763818,85.68666289379362
"2,1,NA,1,1,2,2,0,1",1,0.002358045651763818,85.6890209394454
"2,2,1,0,0,0,NA,NA,NA",1,0.002358045651763818,85.69137898509716
"1,NA,2,2,0,0,NA,NA,NA",1,0.002358045651763818,85.69373703074892
"NA,2,NA,NA,2,NA,1,1,1",1,0.002358045651763818,85.69609507640068
"0,2,2,0,2,0,2,2,1",1,0.002358045651763818,85.69845312205244
"1,2,1,NA,NA,2,NA,NA,NA",1,0.002358045651763818,85.7008111677042
"2,NA,NA,NA,NA,0,1,2,2",1,0.002358045651763818,85.70316921335596
"2,2,0,0,1,NA,2,0,NA",1,0.002358045651763818,85.70552725900772
"1,NA,NA,1,2,2,2,NA,0",1,0.002358045651763818,85.7078853046595
"NA,1,NA,NA,2,NA,2,2,0",1,0.002358045651763818,85.71024335031126
"0,0,1,NA,NA,NA,NA,2,NA",1,0.002358045651763818,85.71260139596303
"0,2,2,0,0,NA,0,2,NA",1,0.002358045651763818,85.7149594416148
"2,0,1,NA,NA,NA,NA,1,1",1,0.002358045651763818,85.71731748726656
"NA,NA,2,NA,NA,NA,2,1,2",1,0.002358045651763818,85.71967553291832
"2,1,0,2,2,2,1,NA,NA",1,0.002358045651763818,85.72203357857008
"NA,NA,1,NA,NA,0,2,1,NA",1,0.002358045651763818,85.72439162422184
"NA,NA,0,0,NA,0,2,NA,NA",1,0.002358045651763818,85.72674966987361
"NA,1,1,1,2,2,1,1,NA",1,0.002358045651763818,85.72910771552537
"0,2,NA,2,0,NA,2,2,NA",1,0.002358045651763818,85.73146576117713
"NA,0,1,NA,1,NA,NA,2,0",1,0.002358045651763818,85.7338238068289
"2,2,1,NA,1,2,2,2,NA",1,0.002358045651763818,85.73618185248067
"2,2,2,2,2,NA,1,0,1",1,0.002358045651763818,85.73853989813243
"NA,NA,1,1,1,2,2,NA,1",1,0.002358045651763818,85.74089794378419
"2,NA,NA,2,2,2,2,1,1",1,0.002358045651763818,85.74325598943595
"2,1,NA,NA,2,NA,0,NA,NA",1,0.002358045651763818,85.74561403508771
"2,NA,1,2,2,1,2,2,NA",1,0.002358045651763818,85.74797208073949
"2,2,1,2,2,0,1,0,2",1,0.002358045651763818,85.75033012639125
"1,2,2,2,1,2,2,NA,1",1,0.002358045651763818,85.75268817204301
"NA,0,NA,NA,1,2,NA,NA,NA",1,0.002358045651763818,85.75504621769477
"0,1,1,2,2,2,2,1,2",1,0.002358045651763818,85.75740426334654
"0,2,2,2,1,1,NA,2,0",1,0.002358045651763818,85.7597623089983
"0,NA,NA,0,1,1,NA,NA,NA",1,0.002358045651763818,85.76212035465007
"1,0,2,1,1,2,1,2,2",1,0.002358045651763818,85.76447840030183
"2,1,2,NA,NA,NA,NA,1,1",1,0.002358045651763818,85.7668364459536
"2,NA,NA,2,0,NA,0,0,NA",1,0.002358045651763818,85.76919449160536
"2,1,2,1,2,2,2,NA,2",1,0.002358045651763818,85.77155253725712
"2,NA,2,2,2,1,2,NA,1",1,0.002358045651763818,85.77391058290888
"2,NA,NA,2,2,1,1,2,NA",1,0.002358045651763818,85.77626862856064
"2,1,NA,1,2,0,1,NA,1",1,0.002358045651763818,85.7786266742124
"2,NA,NA,1,2,0,0,NA,NA",1,0.002358045651763818,85.78098471986418
"2,2,2,1,2,1,2,1,0",1,0.002358045651763818,85.78334276551594
"NA,2,2,2,NA,0,2,2,NA",1,0.002358045651763818,85.78570081116771
"1,1,NA,NA,2,1,2,NA,NA",1,0.002358045651763818,85.78805885681948
"NA,2,2,0,NA,2,2,2,2",1,0.002358045651763818,85.79041690247124
"1,NA,NA,NA,0,NA,NA,NA,2",1,0.002358045651763818,85.792774948123
"2,2,0,1,2,1,NA,NA,0",1,0.002358045651763818,85.79513299377476
"0,2,1,2,0,2,2,NA,NA",1,0.002358045651763818,85.79749103942652
"2,1,2,0,2,2,0,0,NA",1,0.002358045651763818,85.79984908507828
"NA,1,2,0,0,2,2,NA,1",1,0.002358045651763818,85.80220713073004
"0,NA,1,NA,0,NA,NA,NA,NA",1,0.002358045651763818,85.80456517638181
"2,0,0,2,0,2,2,2,2",1,0.002358045651763818,85.80692322203359
"0,NA,1,2,2,NA,2,2,NA",1,0.002358045651763818,85.80928126768535
"2,1,0,2,1,2,2,2,NA",1,0.002358045651763818,85.81163931333711
"2,NA,NA,2,2,1,NA,0,NA",1,0.002358045651763818,85.81399735898887
"NA,1,1,NA,NA,1,NA,1,NA",1,0.002358045651763818,85.81635540464063
"2,1,1,2,2,NA,2,NA,0",1,0.002358045651763818,85.81871345029239
"1,2,NA,2,0,NA,2,NA,NA",1,0.002358045651763818,85.82107149594415
"2,2,NA,2,0,2,2,1,1",1,0.002358045651763818,85.82342954159593
"2,2,2,2,2,0,1,1,0",1,0.002358045651763818,85.82578758724769
"NA,NA,2,1,2,0,NA,2,NA",1,0.002358045651763818,85.82814563289945
"1,NA,NA,NA,2,2,NA,2,NA",1,0.002358045651763818,85.83050367855122
"0,NA,NA,2,1,NA,0,2,NA",1,0.002358045651763818,85.83286172420298
"NA,2,2,2,0,0,2,2,2",1,0.002358045651763818,85.83521976985475
"2,0,NA,1,2,2,2,NA,NA",1,0.002358045651763818,85.8375778155065
"NA,NA,NA,0,2,2,2,2,0",1,0.002358045651763818,85.83993586115827
"1,2,2,2,1,0,2,2,2",1,0.002358045651763818,85.84229390681004
"2,0,NA,2,2,1,1,NA,NA",1,0.002358045651763818,85.8446519524618
"2,1,NA,2,NA,2,2,NA,2",1,0.002358045651763818,85.84700999811356
"2,2,2,NA,1,0,2,2,NA",1,0.002358045651763818,85.84936804376532
"NA,2,NA,0,0,NA,NA,NA,2",1,0.002358045651763818,85.85172608941708
"0,NA,NA,1,2,2,2,2,NA",1,0.002358045651763818,85.85408413506886
"2,0,2,2,2,2,0,0,NA",1,0.002358045651763818,85.85644218072062
"2,1,1,NA,NA,0,1,NA,NA",1,0.002358045651763818,85.85880022637238
"0,0,0,NA,NA,NA,2,2,NA",1,0.002358045651763818,85.86115827202416
"NA,1,1,2,2,1,0,NA,NA",1,0.002358045651763818,85.86351631767592
"2,NA,0,0,2,NA,0,NA,NA",1,0.002358045651763818,85.86587436332768
"2,0,NA,NA,1,2,2,NA,2",1,0.002358045651763818,85.86823240897944
"0,2,2,2,NA,1,2,NA,2",1,0.002358045651763818,85.8705904546312
"0,2,0,0,0,2,0,NA,NA",1,0.002358045651763818,85.87294850028296
"0,NA,NA,NA,2,NA,NA,NA,0",1,0.002358045651763818,85.87530654593472
"2,NA,2,1,0,2,NA,NA,NA",1,0.002358045651763818,85.8776645915865
"2,NA,NA,NA,0,1,NA,NA,NA",1,0.002358045651763818,85.88002263723826
"2,NA,2,0,0,0,0,2,NA",1,0.002358045651763818,85.88238068289003
"NA,2,2,2,2,NA,NA,NA,0",1,0.002358045651763818,85.88473872854179
"NA,NA,0,2,2,2,NA,NA,2",1,0.002358045651763818,85.88709677419355
"2,NA,2,2,2,2,0,NA,NA",1,0.002358045651763818,85.88945481984531
"1,2,2,2,2,NA,NA,2,NA",1,0.002358045651763818,85.89181286549707
"0,NA,2,NA,NA,NA,1,NA,NA",1,0.002358045651763818,85.89417091114883
"2,2,1,NA,NA,2,1,2,1",1,0.002358045651763818,85.8965289568006
"0,2,0,NA,NA,NA,NA,0,NA",1,0.002358045651763818,85.89888700245237
"0,NA,NA,2,0,2,2,NA,NA",1,0.002358045651763818,85.90124504810413
"NA,2,NA,2,2,0,2,NA,0",1,0.002358045651763818,85.9036030937559
"2,1,NA,0,2,2,0,NA,NA",1,0.002358045651763818,85.90596113940767
"1,2,2,1,2,NA,2,NA,NA",1,0.002358045651763818,85.90831918505943
"NA,0,0,2,2,1,1,NA,NA",1,0.002358045651763818,85.91067723071119
"2,1,NA,2,2,1,2,0,NA",1,0.002358045651763818,85.91303527636295
"NA,0,2,NA,NA,0,NA,2,NA",1,0.002358045651763818,85.91539332201471
"NA,1,2,0,2,2,NA,1,NA",1,0.002358045651763818,85.91775136766647
"0,2,2,2,2,1,NA,2,1",1,0.002358045651763818,85.92010941331824
"NA,1,NA,NA,0,2,NA,NA,NA",1,0.002358045651763818,85.92246745897
"2,2,0,2,2,0,1,2,NA",1,0.002358045651763818,85.92482550462177
"NA,2,0,0,NA,NA,0,0,NA",1,0.002358045651763818,85.92718355027354
"NA,2,1,1,2,1,2,2,1",1,0.002358045651763818,85.9295415959253
"2,2,NA,NA,1,NA,2,2,2",1,0.002358045651763818,85.93189964157706
"0,2,NA,2,0,NA,2,NA,0",1,0.002358045651763818,85.93425768722882
"1,2,0,2,1,NA,NA,NA,NA",1,0.002358045651763818,85.93661573288058
"1,2,NA,2,0,NA,2,0,NA",1,0.002358045651763818,85.93897377853236
"0,NA,NA,NA,1,2,NA,NA,NA",1,0.002358045651763818,85.94133182418412
"2,0,1,2,0,0,2,NA,NA",1,0.002358045651763818,85.94368986983588
"2,2,1,0,2,1,2,2,2",1,0.002358045651763818,85.94604791548764
"2,2,NA,1,0,2,NA,NA,2",1,0.002358045651763818,85.9484059611394
"NA,NA,0,NA,NA,2,2,2,1",1,0.002358045651763818,85.95076400679118
"0,2,0,2,NA,2,NA,NA,0",1,0.002358045651763818,85.95312205244294
"NA,2,2,2,2,NA,1,1,2",1,0.002358045651763818,85.9554800980947
"2,0,1,NA,2,NA,0,2,NA",1,0.002358045651763818,85.95783814374647
"1,1,0,2,2,2,2,NA,1",1,0.002358045651763818,85.96019618939823
"1,2,2,0,2,2,1,NA,0",1,0.002358045651763818,85.96255423504999
"NA,2,2,2,1,0,NA,2,NA",1,0.002358045651763818,85.96491228070175
"2,2,2,2,1,NA,NA,NA,NA",1,0.002358045651763818,85.96727032635351
"2,1,2,0,0,NA,2,2,NA",1,0.002358045651763818,85.96962837200527
"NA,NA,0,0,2,0,2,NA,NA",1,0.002358045651763818,85.97198641765704
"NA,NA,2,2,0,2,2,NA,0",1,0.002358045651763818,85.97434446330881
"0,0,NA,2,1,NA,1,NA,2",1,0.002358045651763818,85.97670250896059
"1,2,NA,2,0,0,0,NA,2",1,0.002358045651763818,85.97906055461235
"NA,1,NA,NA,NA,2,1,2,1",1,0.002358045651763818,85.9814186002641
"0,2,NA,0,NA,0,2,NA,NA",1,0.002358045651763818,85.98377664591587
"1,NA,NA,NA,0,NA,2,NA,NA",1,0.002358045651763818,85.98613469156763
"2,2,NA,2,NA,NA,NA,2,1",1,0.002358045651763818,85.98849273721939
"2,0,2,0,2,NA,0,NA,NA",1,0.002358045651763818,85.99085078287115
"2,1,NA,2,2,1,NA,NA,2",1,0.002358045651763818,85.99320882852291
"2,1,2,2,2,2,1,2,NA",1,0.002358045651763818,85.99556687417468
"NA,NA,NA,1,2,NA,1,NA,2",1,0.002358045651763818,85.99792491982645
"2,2,1,1,1,2,0,2,NA",1,0.002358045651763818,86.00028296547822
"NA,NA,NA,2,NA,NA,2,0,NA",1,0.002358045651763818,86.00264101112998
"2,2,2,NA,1,0,NA,2,1",1,0.002358045651763818,86.00499905678174
"NA,0,NA,2,2,0,0,NA,NA",1,0.002358045651763818,86.0073571024335
"2,NA,NA,NA,NA,NA,2,2,0",1,0.002358045651763818,86.00971514808526
"NA,0,NA,0,2,0,0,NA,NA",1,0.002358045651763818,86.01207319373702
"1,2,NA,NA,1,2,NA,NA,NA",1,0.002358045651763818,86.0144312393888
"2,0,NA,2,NA,1,2,NA,NA",1,0.002358045651763818,86.01678928504056
"2,2,0,0,2,2,NA,1,NA",1,0.002358045651763818,86.01914733069232
"0,1,2,2,2,NA,NA,NA,NA",1,0.002358045651763818,86.02150537634408
"NA,NA,NA,0,0,0,0,NA,2",1,0.002358045651763818,86.02386342199586
"2,2,NA,1,1,2,1,0,2",1,0.002358045651763818,86.02622146764762
"0,2,0,NA,NA,NA,NA,NA,0",1,0.002358045651763818,86.02857951329938
"1,0,0,2,2,2,2,NA,1",1,0.002358045651763818,86.03093755895114
"0,1,NA,1,2,2,2,NA,2",1,0.002358045651763818,86.0332956046029
"NA,NA,2,2,0,0,NA,NA,NA",1,0.002358045651763818,86.03565365025467
"2,1,2,0,2,NA,1,0,2",1,0.002358045651763818,86.03801169590643
"0,2,NA,2,0,NA,2,2,2",1,0.002358045651763818,86.0403697415582
"1,2,NA,NA,2,NA,2,2,2",1,0.002358045651763818,86.04272778720996
"0,2,0,0,1,1,2,2,2",1,0.002358045651763818,86.04508583286173
"NA,1,2,2,0,2,2,NA,NA",1,0.002358045651763818,86.04744387851349
"NA,2,2,1,2,2,1,0,1",1,0.002358045651763818,86.04980192416525
"NA,2,NA,2,2,2,NA,NA,0",1,0.002358045651763818,86.05215996981701
"0,0,1,NA,NA,NA,NA,1,NA",1,0.002358045651763818,86.05451801546879
"2,0,0,2,0,2,2,0,2",1,0.002358045651763818,86.05687606112055
"NA,2,2,2,2,1,2,2,0",1,0.002358045651763818,86.05923410677231
"2,1,NA,0,2,NA,1,NA,0",1,0.002358045651763818,86.06159215242407
"NA,1,1,NA,NA,1,2,1,NA",1,0.002358045651763818,86.06395019807583
"2,1,0,NA,NA,2,1,0,2",1,0.002358045651763818,86.06630824372759
"0,1,1,2,2,2,0,2,0",1,0.002358045651763818,86.06866628937937
"2,NA,1,2,2,2,1,2,NA",1,0.002358045651763818,86.07102433503113
"2,2,NA,NA,0,NA,NA,0,NA",1,0.002358045651763818,86.0733823806829
"NA,NA,NA,2,1,2,0,NA,1",1,0.002358045651763818,86.07574042633466
"1,2,1,2,2,NA,2,NA,1",1,0.002358045651763818,86.07809847198642
"NA,NA,2,2,2,2,2,NA,1",1,0.002358045651763818,86.08045651763818
"0,2,2,NA,1,NA,NA,NA,0",1,0.002358045651763818,86.08281456328994
"0,2,2,1,2,2,NA,2,NA",1,0.002358045651763818,86.0851726089417
"NA,2,0,NA,2,0,NA,2,NA",1,0.002358045651763818,86.08753065459346
"1,2,1,2,1,1,2,1,1",1,0.002358045651763818,86.08988870024523
"2,1,0,2,1,2,NA,NA,NA",1,0.002358045651763818,86.092246745897
"NA,2,NA,0,2,2,2,NA,0",1,0.002358045651763818,86.09460479154876
"1,2,NA,1,2,2,2,NA,1",1,0.002358045651763818,86.09696283720054
"NA,1,2,2,0,2,0,2,NA",1,0.002358045651763818,86.0993208828523
"0,2,2,1,2,1,1,NA,2",1,0.002358045651763818,86.10167892850406
"2,0,NA,2,1,1,1,NA,2",1,0.002358045651763818,86.10403697415582
"NA,2,NA,1,NA,NA,2,NA,NA",1,0.002358045651763818,86.10639501980758
"1,2,2,2,2,NA,2,0,NA",1,0.002358045651763818,86.10875306545934
"2,2,1,1,1,2,NA,NA,NA",1,0.002358045651763818,86.11111111111111
"0,2,NA,2,2,1,2,NA,NA",1,0.002358045651763818,86.11346915676287
"2,0,1,NA,NA,NA,2,2,NA",1,0.002358045651763818,86.11582720241464
"2,0,NA,2,1,2,NA,NA,2",1,0.002358045651763818,86.1181852480664
"1,1,0,2,2,0,2,NA,2",1,0.002358045651763818,86.12054329371817
"NA,NA,1,NA,2,NA,NA,2,NA",1,0.002358045651763818,86.12290133936993
"NA,1,0,2,0,2,2,0,NA",1,0.002358045651763818,86.12525938502169
"0,NA,NA,NA,NA,2,NA,1,2",1,0.002358045651763818,86.12761743067345
"1,2,2,NA,2,NA,NA,NA,NA",1,0.002358045651763818,86.12997547632523
"2,2,2,2,1,0,2,0,NA",1,0.002358045651763818,86.13233352197699
"NA,NA,0,1,1,2,NA,NA,NA",1,0.002358045651763818,86.13469156762875
"NA,1,NA,1,2,2,1,NA,2",1,0.002358045651763818,86.13704961328051
"NA,2,1,2,0,2,NA,NA,2",1,0.002358045651763818,86.13940765893227
"NA,NA,NA,1,1,0,0,NA,2",1,0.002358045651763818,86.14176570458405
"NA,0,1,NA,2,1,0,NA,NA",1,0.002358045651763818,86.1441237502358
"NA,2,2,NA,NA,2,2,NA,1",1,0.002358045651763818,86.14648179588757
"NA,2,2,2,2,2,1,2,0",1,0.002358045651763818,86.14883984153934
"1,0,NA,2,2,NA,2,2,2",1,0.002358045651763818,86.1511978871911
"1,NA,NA,2,2,0,2,NA,NA",1,0.002358045651763818,86.15355593284286
"NA,NA,NA,2,NA,NA,0,2,1",1,0.002358045651763818,86.15591397849462
"NA,NA,NA,1,2,0,2,NA,1",1,0.002358045651763818,86.15827202414638
"2,2,0,2,2,0,1,NA,NA",1,0.002358045651763818,86.16063006979815
"1,1,1,0,2,2,2,0,2",1,0.002358045651763818,86.1629881154499
"2,2,NA,2,1,2,2,0,0",1,0.002358045651763818,86.16534616110168
"2,2,2,0,0,0,2,0,2",1,0.002358045651763818,86.16770420675344
"2,NA,1,1,NA,1,1,1,2",1,0.002358045651763818,86.17006225240522
"NA,NA,1,0,2,0,NA,NA,NA",1,0.002358045651763818,86.17242029805698
"NA,1,2,0,2,2,2,2,2",1,0.002358045651763818,86.17477834370874
"2,NA,NA,2,1,NA,2,NA,0",1,0.002358045651763818,86.1771363893605
"0,2,NA,0,2,2,NA,NA,0",1,0.002358045651763818,86.17949443501226
"NA,2,NA,2,2,2,2,1,NA",1,0.002358045651763818,86.18185248066402
"NA,0,0,0,2,2,NA,NA,NA",1,0.002358045651763818,86.18421052631578
"2,NA,NA,NA,2,2,2,NA,1",1,0.002358045651763818,86.18656857196754
"NA,0,NA,2,2,NA,NA,2,0",1,0.002358045651763818,86.18892661761932
"2,2,2,1,1,NA,1,NA,1",1,0.002358045651763818,86.19128466327109
"2,2,2,NA,NA,0,0,2,NA",1,0.002358045651763818,86.19364270892285
"0,NA,0,2,1,1,NA,NA,NA",1,0.002358045651763818,86.19600075457461
"2,NA,NA,0,0,0,NA,NA,0",1,0.002358045651763818,86.19835880022637
"2,2,2,0,0,NA,2,NA,2",1,0.002358045651763818,86.20071684587813
"2,2,2,2,0,0,2,1,NA",1,0.002358045651763818,86.2030748915299
"NA,NA,NA,2,1,NA,NA,NA,1",1,0.002358045651763818,86.20543293718166
"0,0,NA,2,1,0,NA,NA,NA",1,0.002358045651763818,86.20779098283343
"2,0,2,NA,NA,2,NA,1,NA",1,0.002358045651763818,86.21014902848519
"NA,NA,2,2,0,2,NA,2,NA",1,0.002358045651763818,86.21250707413695
"2,2,2,2,NA,NA,0,NA,0",1,0.002358045651763818,86.21486511978873
"NA,NA,2,2,1,1,1,NA,1",1,0.002358045651763818,86.21722316544049
"0,2,1,2,1,2,1,1,1",1,0.002358045651763818,86.21958121109225
"2,NA,NA,0,0,NA,0,2,2",1,0.002358045651763818,86.22193925674401
"NA,2,1,NA,NA,0,2,2,2",1,0.002358045651763818,86.22429730239577
"2,NA,1,NA,NA,0,1,NA,NA",1,0.002358045651763818,86.22665534804754
"0,NA,0,0,NA,2,NA,1,NA",1,0.002358045651763818,86.2290133936993
"1,2,2,2,1,NA,2,NA,NA",1,0.002358045651763818,86.23137143935107
"2,1,0,0,0,2,2,1,0",1,0.002358045651763818,86.23372948500283
"2,2,2,0,2,NA,2,NA,NA",1,0.002358045651763818,86.23608753065459
"NA,2,1,2,2,2,2,0,2",1,0.002358045651763818,86.23844557630636
"1,1,0,2,2,2,1,NA,NA",1,0.002358045651763818,86.24080362195812
"2,NA,NA,1,NA,NA,NA,NA,1",1,0.002358045651763818,86.24316166760988
"0,1,1,0,0,NA,NA,NA,NA",1,0.002358045651763818,86.24551971326166
"NA,NA,1,2,2,1,NA,1,NA",1,0.002358045651763818,86.24787775891342
"NA,NA,2,2,2,NA,0,0,2",1,0.002358045651763818,86.25023580456518
"NA,0,NA,0,NA,NA,2,2,2",1,0.002358045651763818,86.25259385021694
"2,NA,1,0,NA,NA,NA,NA,NA",1,0.002358045651763818,86.2549518958687
"1,2,2,NA,2,NA,0,2,NA",1,0.002358045651763818,86.25730994152046
"2,2,NA,NA,NA,2,NA,NA,0",1,0.002358045651763818,86.25966798717222
"1,2,2,2,2,1,NA,2,NA",1,0.002358045651763818,86.262026032824
"NA,NA,2,2,0,NA,1,NA,NA",1,0.002358045651763818,86.26438407847576
"1,2,0,0,0,2,2,NA,NA",1,0.002358045651763818,86.26674212412753
"1,1,NA,2,2,1,2,2,0",1,0.002358045651763818,86.26910016977929
"2,0,NA,2,2,0,0,2,2",1,0.002358045651763818,86.27145821543105
"2,NA,1,2,1,2,NA,NA,NA",1,0.002358045651763818,86.27381626108281
"2,1,0,NA,NA,0,NA,NA,NA",1,0.002358045651763818,86.27617430673457
"0,2,NA,2,0,NA,2,2,0",1,0.002358045651763818,86.27853235238634
"2,2,0,2,0,2,NA,2,NA",1,0.002358045651763818,86.2808903980381
"1,NA,0,2,2,1,2,NA,NA",1,0.002358045651763818,86.28324844368987
"0,2,1,0,0,NA,NA,NA,1",1,0.002358045651763818,86.28560648934163
"0,2,NA,0,2,NA,0,0,0",1,0.002358045651763818,86.2879645349934
"NA,2,1,1,2,0,2,2,NA",1,0.002358045651763818,86.29032258064517
"2,2,NA,2,0,2,1,0,0",1,0.002358045651763818,86.29268062629693
"2,0,NA,NA,2,2,2,NA,NA",1,0.002358045651763818,86.29503867194869
"NA,2,0,2,1,2,2,NA,2",1,0.002358045651763818,86.29739671760045
"NA,0,2,2,2,1,2,2,NA",1,0.002358045651763818,86.29975476325221
"NA,1,NA,NA,NA,1,2,NA,2",1,0.002358045651763818,86.30211280890398
"0,NA,NA,2,2,2,1,NA,0",1,0.002358045651763818,86.30447085455575
"0,0,NA,2,2,0,NA,2,2",1,0.002358045651763818,86.3068289002075
"1,2,2,2,1,0,1,NA,0",1,0.002358045651763818,86.30918694585927
"NA,NA,NA,NA,NA,2,2,1,2",1,0.002358045651763818,86.31154499151104
"2,2,1,2,0,2,0,NA,0",1,0.002358045651763818,86.3139030371628
"2,NA,2,2,0,1,0,2,NA",1,0.002358045651763818,86.31626108281456
"NA,NA,NA,NA,NA,0,2,0,1",1,0.002358045651763818,86.31861912846632
"0,2,0,1,2,2,2,0,2",1,0.002358045651763818,86.3209771741181
"0,2,2,2,0,2,2,NA,0",1,0.002358045651763818,86.32333521976986
"NA,1,1,2,1,0,2,NA,NA",1,0.002358045651763818,86.32569326542162
"1,2,2,0,0,1,0,NA,0",1,0.002358045651763818,86.32805131107338
"2,2,0,0,2,0,2,2,0",1,0.002358045651763818,86.33040935672514
"1,0,NA,2,1,2,2,1,2",1,0.002358045651763818,86.3327674023769
"2,2,2,0,NA,2,2,1,2",1,0.002358045651763818,86.33512544802868
"2,1,NA,2,2,2,1,2,2",1,0.002358045651763818,86.33748349368044
"2,1,1,NA,2,NA,1,NA,NA",1,0.002358045651763818,86.3398415393322
"2,2,2,2,1,0,2,0,1",1,0.002358045651763818,86.34219958498397
"NA,0,2,2,2,0,2,2,NA",1,0.002358045651763818,86.34455763063573
"1,2,1,2,2,2,1,2,2",1,0.002358045651763818,86.3469156762875
"2,2,NA,2,2,1,NA,NA,0",1,0.002358045651763818,86.34927372193926
"2,2,0,0,0,0,0,0,2",1,0.002358045651763818,86.35163176759102
"0,2,2,2,1,1,1,1,1",1,0.002358045651763818,86.35398981324278
"1,NA,NA,NA,1,2,2,NA,2",1,0.002358045651763818,86.35634785889454
"2,2,NA,NA,0,2,NA,NA,NA",1,0.002358045651763818,86.35870590454631
"NA,2,NA,2,0,NA,1,NA,1",1,0.002358045651763818,86.36106395019809
"2,2,NA,NA,1,NA,NA,NA,1",1,0.002358045651763818,86.36342199584985
"2,2,1,2,2,2,0,2,1",1,0.002358045651763818,86.36578004150161
"2,0,0,2,2,0,2,NA,2",1,0.002358045651763818,86.36813808715337
"0,NA,NA,NA,2,NA,NA,2,2",1,0.002358045651763818,86.37049613280513
"NA,NA,1,0,NA,NA,NA,2,NA",1,0.002358045651763818,86.37285417845689
"NA,NA,0,2,NA,2,NA,NA,NA",1,0.002358045651763818,86.37521222410865
"NA,2,NA,0,NA,0,2,NA,2",1,0.002358045651763818,86.37757026976041
"NA,NA,NA,0,2,NA,NA,2,2",1,0.002358045651763818,86.37992831541219
"2,NA,NA,NA,2,NA,NA,0,NA",1,0.002358045651763818,86.38228636106395
"2,NA,0,1,2,2,2,2,1",1,0.002358045651763818,86.38464440671572
"0,NA,0,0,2,2,NA,NA,NA",1,0.002358045651763818,86.38700245236748
"2,2,0,2,1,2,1,NA,NA",1,0.002358045651763818,86.38936049801924
"2,NA,2,2,NA,0,2,NA,2",1,0.002358045651763818,86.391718543671
"2,NA,NA,0,2,NA,2,2,NA",1,0.002358045651763818,86.39407658932276
"2,2,NA,NA,1,0,2,NA,1",1,0.002358045651763818,86.39643463497453
"1,2,0,NA,2,NA,2,NA,NA",1,0.002358045651763818,86.3987926806263
"NA,0,NA,0,0,1,NA,NA,NA",1,0.002358045651763818,86.40115072627806
"NA,NA,NA,NA,1,NA,0,2,2",1,0.002358045651763818,86.40350877192982
"NA,NA,NA,0,0,0,2,NA,2",1,0.002358045651763818,86.40586681758158
"1,1,2,NA,NA,NA,2,1,NA",1,0.002358045651763818,86.40822486323336
"NA,2,1,0,0,NA,2,NA,NA",1,0.002358045651763818,86.41058290888512
"2,0,2,NA,NA,2,NA,NA,NA",1,0.002358045651763818,86.41294095453688
"NA,2,NA,NA,1,0,0,NA,1",1,0.002358045651763818,86.41529900018864
"2,2,NA,2,0,0,0,NA,2",1,0.002358045651763818,86.41765704584041
"0,NA,NA,1,2,NA,1,NA,NA",1,0.002358045651763818,86.42001509149217
"2,0,NA,2,1,NA,2,1,2",1,0.002358045651763818,86.42237313714394
"0,2,2,1,2,0,1,NA,2",1,0.002358045651763818,86.4247311827957
"NA,NA,2,2,NA,0,NA,2,NA",1,0.002358045651763818,86.42708922844746
"2,2,NA,1,1,1,1,NA,NA",1,0.002358045651763818,86.42944727409923
"2,2,1,2,NA,2,2,NA,NA",1,0.002358045651763818,86.43180531975099
"2,1,0,2,2,0,2,2,2",1,0.002358045651763818,86.43416336540275
"0,0,2,2,2,0,0,NA,NA",1,0.002358045651763818,86.43652141105453
"0,2,2,0,0,2,0,NA,1",1,0.002358045651763818,86.43887945670629
"0,2,0,NA,NA,NA,2,NA,NA",1,0.002358045651763818,86.44123750235805
"2,0,NA,NA,NA,0,0,NA,2",1,0.002358045651763818,86.44359554800981
"NA,NA,NA,2,0,NA,0,0,2",1,0.002358045651763818,86.44595359366157
"2,1,NA,0,2,2,1,NA,NA",1,0.002358045651763818,86.44831163931333
"2,NA,NA,0,0,1,NA,NA,NA",1,0.002358045651763818,86.45066968496509
"NA,NA,2,1,2,0,2,NA,NA",1,0.002358045651763818,86.45302773061687
"0,0,0,NA,NA,0,2,NA,NA",1,0.002358045651763818,86.45538577626863
"2,2,2,NA,NA,2,2,NA,1",1,0.002358045651763818,86.4577438219204
"0,0,2,NA,NA,NA,NA,1,NA",1,0.002358045651763818,86.46010186757216
"2,2,1,2,1,2,NA,1,NA",1,0.002358045651763818,86.46245991322392
"2,2,1,NA,2,0,2,NA,2",1,0.002358045651763818,86.46481795887568
"0,2,NA,1,2,2,1,NA,NA",1,0.002358045651763818,86.46717600452745
"2,2,NA,1,1,0,1,2,1",1,0.002358045651763818,86.4695340501792
"NA,NA,0,0,1,NA,NA,0,NA",1,0.002358045651763818,86.47189209583097
"2,NA,2,2,0,0,0,NA,NA",1,0.002358045651763818,86.47425014148273
"2,1,0,2,0,2,0,NA,2",1,0.002358045651763818,86.4766081871345
"2,2,NA,NA,0,NA,0,NA,NA",1,0.002358045651763818,86.47896623278626
"NA,0,2,NA,1,NA,NA,NA,NA",1,0.002358045651763818,86.48132427843804
"2,0,NA,NA,2,0,0,NA,1",1,0.002358045651763818,86.4836823240898
"1,2,NA,2,2,2,0,0,NA",1,0.002358045651763818,86.48604036974156
"2,2,NA,1,1,NA,1,1,NA",1,0.002358045651763818,86.48839841539332
"NA,NA,0,1,2,0,1,NA,2",1,0.002358045651763818,86.49075646104508
"2,2,2,1,2,1,0,0,NA",1,0.002358045651763818,86.49311450669684
"1,1,NA,2,2,2,0,2,0",1,0.002358045651763818,86.49547255234862
"0,0,NA,0,2,NA,2,NA,2",1,0.002358045651763818,86.49783059800038
"2,0,NA,NA,NA,NA,NA,1,2",1,0.002358045651763818,86.50018864365214
"2,2,0,2,0,2,2,1,2",1,0.002358045651763818,86.5025466893039
"2,NA,NA,NA,2,NA,1,1,1",1,0.002358045651763818,86.50490473495567
"0,2,1,2,2,1,0,0,NA",1,0.002358045651763818,86.50726278060743
"NA,1,NA,NA,NA,NA,1,2,NA",1,0.002358045651763818,86.5096208262592
"1,2,0,NA,NA,NA,2,NA,NA",1,0.002358045651763818,86.51197887191096
"2,2,0,0,0,NA,2,0,0",1,0.002358045651763818,86.51433691756273
"NA,NA,NA,0,NA,NA,NA,0,2",1,0.002358045651763818,86.51669496321449
"0,0,NA,2,0,2,0,0,1",1,0.002358045651763818,86.51905300886625
"NA,NA,NA,2,0,NA,0,NA,2",1,0.002358045651763818,86.52141105451801
"NA,NA,1,NA,2,1,1,2,NA",1,0.002358045651763818,86.52376910016977
"2,1,2,NA,NA,0,2,NA,NA",1,0.002358045651763818,86.52612714582155
"NA,0,NA,1,1,NA,NA,NA,2",1,0.002358045651763818,86.52848519147331
"2,0,NA,NA,2,NA,0,2,1",1,0.002358045651763818,86.53084323712507
"1,1,NA,2,2,2,1,NA,0",1,0.002358045651763818,86.53320128277684
"2,0,0,0,2,2,2,NA,NA",1,0.002358045651763818,86.5355593284286
"NA,0,NA,2,0,NA,2,NA,NA",1,0.002358045651763818,86.53791737408037
"2,NA,0,2,2,NA,0,0,NA",1,0.002358045651763818,86.54027541973213
"NA,2,1,NA,2,NA,NA,NA,2",1,0.002358045651763818,86.54263346538389
"1,NA,2,1,2,0,2,NA,NA",1,0.002358045651763818,86.54499151103565
"NA,1,2,2,2,NA,2,NA,2",1,0.002358045651763818,86.54734955668741
"NA,2,2,NA,2,NA,2,1,NA",1,0.002358045651763818,86.54970760233918
"0,2,NA,2,2,0,NA,NA,1",1,0.002358045651763818,86.55206564799094
"0,0,1,2,2,2,2,2,2",1,0.002358045651763818,86.55442369364272
"0,NA,NA,0,NA,NA,NA,0,NA",1,0.002358045651763818,86.55678173929448
"2,2,NA,0,2,2,2,2,0",1,0.002358045651763818,86.55913978494624
"2,2,NA,0,0,NA,2,0,1",1,0.002358045651763818,86.561497830598
"2,2,0,NA,2,NA,NA,NA,2",1,0.002358045651763818,86.56385587624976
"2,2,2,0,NA,NA,2,2,2",1,0.002358045651763818,86.56621392190152
"NA,NA,NA,2,2,1,2,1,NA",1,0.002358045651763818,86.56857196755328
"0,0,2,2,1,1,1,NA,1",1,0.002358045651763818,86.57093001320506
"2,2,NA,NA,NA,2,1,NA,0",1,0.002358045651763818,86.57328805885682
"2,2,0,2,1,2,1,1,2",1,0.002358045651763818,86.57564610450859
"0,2,NA,0,2,NA,1,NA,NA",1,0.002358045651763818,86.57800415016035
"2,NA,NA,NA,2,0,1,NA,0",1,0.002358045651763818,86.58036219581211
"1,1,2,NA,NA,2,2,2,1",1,0.002358045651763818,86.58272024146387
"0,2,NA,NA,NA,NA,1,NA,NA",1,0.002358045651763818,86.58507828711564
"NA,0,0,NA,2,2,1,2,2",1,0.002358045651763818,86.5874363327674
"2,2,NA,NA,2,NA,NA,2,0",1,0.002358045651763818,86.58979437841917
"2,2,NA,1,1,0,2,0,2",1,0.002358045651763818,86.59215242407093
"2,2,2,1,NA,NA,2,2,1",1,0.002358045651763818,86.59451046972269
"2,NA,NA,2,2,NA,2,0,1",1,0.002358045651763818,86.59686851537445
"2,2,NA,2,2,2,0,1,2",1,0.002358045651763818,86.59922656102623
"1,2,1,0,0,2,0,2,NA",1,0.002358045651763818,86.60158460667799
"NA,1,1,0,2,NA,NA,NA,NA",1,0.002358045651763818,86.60394265232975
"NA,1,1,0,0,2,2,2,2",1,0.002358045651763818,86.60630069798151
"1,2,2,0,2,2,1,2,NA",1,0.002358045651763818,86.60865874363328
"NA,2,NA,NA,0,1,2,2,NA",1,0.002358045651763818,86.61101678928505
"1,2,2,0,0,NA,0,NA,NA",1,0.002358045651763818,86.6133748349368
"1,1,NA,2,1,2,1,2,1",1,0.002358045651763818,86.61573288058857
"1,2,NA,2,2,NA,0,NA,0",1,0.002358045651763818,86.61809092624033
"0,NA,NA,1,1,NA,2,NA,NA",1,0.002358045651763818,86.62044897189209
"2,2,2,1,2,NA,1,NA,1",1,0.002358045651763818,86.62280701754386
"NA,NA,NA,2,NA,NA,2,NA,1",1,0.002358045651763818,86.62516506319562
"2,1,NA,2,1,NA,NA,2,0",1,0.002358045651763818,86.62752310884738
"2,2,1,2,2,1,2,2,0",1,0.002358045651763818,86.62988115449916
"0,1,2,1,2,2,2,2,2",1,0.002358045651763818,86.63223920015092
"NA,NA,0,1,0,2,NA,NA,NA",1,0.002358045651763818,86.63459724580268
"0,NA,0,0,2,NA,2,2,NA",1,0.002358045651763818,86.63695529145444
"2,NA,NA,2,0,NA,1,NA,2",1,0.002358045651763818,86.6393133371062
"0,2,2,1,1,1,2,1,2",1,0.002358045651763818,86.64167138275796
"NA,NA,0,2,1,2,1,NA,1",1,0.002358045651763818,86.64402942840972
"0,NA,NA,2,1,NA,2,1,2",1,0.002358045651763818,86.6463874740615
"2,NA,NA,1,1,NA,NA,NA,1",1,0.002358045651763818,86.64874551971326
"NA,2,0,2,2,NA,NA,1,NA",1,0.002358045651763818,86.65110356536503
"NA,0,NA,2,1,2,NA,NA,1",1,0.002358045651763818,86.6534616110168
"2,1,2,0,2,2,2,1,2",1,0.002358045651763818,86.65581965666856
"2,NA,2,1,2,2,1,1,2",1,0.002358045651763818,86.65817770232032
"2,NA,2,1,2,1,2,2,2",1,0.002358045651763818,86.66053574797208
"NA,0,NA,2,2,NA,NA,NA,2",1,0.002358045651763818,86.66289379362384
"0,0,2,NA,2,2,2,NA,2",1,0.002358045651763818,86.6652518392756
"2,2,NA,2,2,2,2,0,0",1,0.002358045651763818,86.66760988492737
"0,NA,NA,NA,NA,2,1,NA,NA",1,0.002358045651763818,86.66996793057913
"2,2,2,NA,NA,2,NA,NA,1",1,0.002358045651763818,86.67232597623091
"NA,2,2,1,2,0,NA,2,NA",1,0.002358045651763818,86.67468402188267
"2,NA,2,NA,NA,NA,NA,NA,0",1,0.002358045651763818,86.67704206753443
"NA,2,1,NA,NA,1,NA,NA,1",1,0.002358045651763818,86.67940011318619
"NA,1,2,NA,2,0,NA,2,NA",1,0.002358045651763818,86.68175815883795
"NA,0,1,2,1,1,NA,NA,NA",1,0.002358045651763818,86.68411620448971
"2,0,2,2,1,0,2,NA,1",1,0.002358045651763818,86.68647425014149
"NA,NA,2,NA,NA,1,0,2,0",1,0.002358045651763818,86.68883229579325
"2,NA,NA,0,2,2,1,NA,NA",1,0.002358045651763818,86.69119034144501
"NA,2,NA,2,2,0,1,NA,2",1,0.002358045651763818,86.69354838709677
"0,NA,2,2,2,1,2,1,2",1,0.002358045651763818,86.69590643274854
"2,1,2,2,1,1,1,0,2",1,0.002358045651763818,86.6982644784003
"2,NA,2,NA,0,NA,NA,0,NA",1,0.002358045651763818,86.70062252405206
"1,0,0,2,2,2,NA,2,NA",1,0.002358045651763818,86.70298056970383
"1,0,NA,1,2,2,2,NA,NA",1,0.002358045651763818,86.7053386153556
"0,1,2,1,1,NA,2,2,0",1,0.002358045651763818,86.70769666100736
"NA,NA,0,0,0,0,0,0,NA",1,0.002358045651763818,86.71005470665912
"1,1,0,0,0,2,2,NA,NA",1,0.002358045651763818,86.71241275231088
"NA,2,1,2,2,NA,1,2,1",1,0.002358045651763818,86.71477079796264
"0,2,NA,2,1,NA,1,0,2",1,0.002358045651763818,86.7171288436144
"2,0,0,2,1,1,2,NA,NA",1,0.002358045651763818,86.71948688926618
"2,1,NA,2,2,1,2,1,2",1,0.002358045651763818,86.72184493491794
"1,2,NA,2,2,NA,2,NA,0",1,0.002358045651763818,86.72420298056971
"2,2,1,NA,2,NA,2,0,2",1,0.002358045651763818,86.72656102622148
"NA,0,1,NA,2,NA,NA,NA,NA",1,0.002358045651763818,86.72891907187324
"2,1,2,1,2,0,2,2,2",1,0.002358045651763818,86.731277117525
"0,1,0,0,2,NA,0,NA,NA",1,0.002358045651763818,86.73363516317676
"1,NA,NA,1,1,2,2,NA,1",1,0.002358045651763818,86.73599320882852
"NA,NA,0,2,1,1,2,NA,NA",1,0.002358045651763818,86.73835125448028
"2,0,2,2,2,0,2,NA,1",1,0.002358045651763818,86.74070930013204
"1,1,NA,NA,NA,1,NA,NA,NA",1,0.002358045651763818,86.74306734578381
"2,0,2,NA,NA,2,NA,2,NA",1,0.002358045651763818,86.74542539143559
"2,2,1,1,1,NA,0,NA,NA",1,0.002358045651763818,86.74778343708735
"NA,2,NA,2,2,0,2,2,2",1,0.002358045651763818,86.75014148273911
"2,2,1,2,2,0,0,NA,1",1,0.002358045651763818,86.75249952839087
"1,NA,2,2,2,NA,2,2,NA",1,0.002358045651763818,86.75485757404263
"2,2,2,NA,2,2,NA,1,2",1,0.002358045651763818,86.75721561969439
"1,1,NA,0,NA,NA,0,2,NA",1,0.002358045651763818,86.75957366534615
"0,1,2,0,2,NA,0,NA,NA",1,0.002358045651763818,86.76193171099793
"NA,NA,2,1,1,2,2,2,1",1,0.002358045651763818,86.76428975664969
"NA,NA,NA,1,1,2,2,2,2",1,0.002358045651763818,86.76664780230145
"0,0,NA,2,0,NA,0,2,2",1,0.002358045651763818,86.76900584795322
"NA,NA,NA,NA,1,0,NA,2,NA",1,0.002358045651763818,86.77136389360498
"0,0,NA,2,2,NA,NA,2,NA",1,0.002358045651763818,86.77372193925675
"2,0,2,1,2,0,2,2,2",1,0.002358045651763818,86.7760799849085
"NA,2,1,NA,NA,NA,2,NA,2",1,0.002358045651763818,86.77843803056027
"2,NA,2,2,2,NA,NA,0,NA",1,0.002358045651763818,86.78079607621203
"2,1,2,2,2,1,NA,2,NA",1,0.002358045651763818,86.7831541218638
"1,2,2,0,2,NA,0,2,0",1,0.002358045651763818,86.78551216751556
"NA,2,0,2,2,2,0,2,NA",1,0.002358045651763818,86.78787021316732
"NA,0,NA,2,2,0,1,NA,NA",1,0.002358045651763818,86.79022825881908
"NA,2,0,1,NA,1,2,2,1",1,0.002358045651763818,86.79258630447086
"NA,NA,1,2,NA,2,2,2,1",1,0.002358045651763818,86.79494435012262
"NA,2,NA,2,2,NA,1,2,NA",1,0.002358045651763818,86.79730239577438
"0,0,0,NA,NA,NA,NA,NA,2",1,0.002358045651763818,86.79966044142614
"0,NA,NA,NA,1,NA,NA,0,NA",1,0.002358045651763818,86.80201848707792
"0,2,2,0,2,NA,2,2,0",1,0.002358045651763818,86.80437653272968
"NA,2,1,NA,NA,1,NA,2,NA",1,0.002358045651763818,86.80673457838144
"2,2,2,2,1,NA,1,2,2",1,0.002358045651763818,86.8090926240332
"NA,2,NA,2,2,NA,NA,0,NA",1,0.002358045651763818,86.81145066968496
"0,2,0,2,2,2,2,NA,0",1,0.002358045651763818,86.81380871533673
"1,NA,NA,1,1,NA,NA,NA,2",1,0.002358045651763818,86.8161667609885
"NA,2,2,2,2,1,NA,1,NA",1,0.002358045651763818,86.81852480664026
"2,2,2,2,1,0,1,0,2",1,0.002358045651763818,86.82088285229203
"2,1,0,2,2,NA,2,2,2",1,0.002358045651763818,86.82324089794379
"1,NA,NA,2,2,NA,2,1,NA",1,0.002358045651763818,86.82559894359555
"2,NA,NA,NA,1,NA,1,2,NA",1,0.002358045651763818,86.82795698924731
"1,2,1,2,2,2,2,1,NA",1,0.002358045651763818,86.83031503489907
"2,2,0,1,2,1,2,NA,NA",1,0.002358045651763818,86.83267308055083
"NA,2,NA,NA,2,NA,2,NA,1",1,0.002358045651763818,86.8350311262026
"NA,0,NA,2,1,1,2,2,2",1,0.002358045651763818,86.83738917185437
"2,1,2,NA,NA,NA,NA,0,NA",1,0.002358045651763818,86.83974721750613
"2,NA,0,2,2,0,2,2,NA",1,0.002358045651763818,86.8421052631579
"2,NA,NA,2,2,2,1,2,2",1,0.002358045651763818,86.84446330880967
"1,1,2,0,0,2,0,2,1",1,0.002358045651763818,86.84682135446143
"NA,0,0,NA,NA,0,2,2,2",1,0.002358045651763818,86.84917940011319
"NA,NA,2,2,1,NA,2,2,1",1,0.002358045651763818,86.85153744576495
"0,2,1,2,2,2,1,2,2",1,0.002358045651763818,86.85389549141671
"1,NA,1,1,2,0,2,2,NA",1,0.002358045651763818,86.85625353706847
"1,2,NA,2,0,2,0,NA,0",1,0.002358045651763818,86.85861158272024
"0,2,2,2,1,NA,2,NA,2",1,0.002358045651763818,86.860969628372
"NA,NA,2,0,2,2,NA,1,NA",1,0.002358045651763818,86.86332767402376
"2,NA,NA,2,0,1,2,2,2",1,0.002358045651763818,86.86568571967554
"1,2,1,2,2,1,2,2,0",1,0.002358045651763818,86.8680437653273
"2,NA,NA,NA,0,NA,NA,NA,1",1,0.002358045651763818,86.87040181097906
"1,2,2,2,1,1,2,2,2",1,0.002358045651763818,86.87275985663082
"1,2,NA,2,NA,NA,NA,1,2",1,0.002358045651763818,86.87511790228258
"1,1,2,2,1,1,1,2,1",1,0.002358045651763818,86.87747594793436
"1,NA,NA,NA,NA,NA,2,1,2",1,0.002358045651763818,86.87983399358612
"0,2,1,2,2,0,2,NA,2",1,0.002358045651763818,86.88219203923788
"0,NA,NA,2,2,1,2,2,2",1,0.002358045651763818,86.88455008488964
"0,NA,2,2,2,NA,0,2,2",1,0.002358045651763818,86.8869081305414
"2,2,NA,2,2,2,NA,1,1",1,0.002358045651763818,86.88926617619317
"2,2,2,NA,NA,1,2,NA,1",1,0.002358045651763818,86.89162422184494
"NA,NA,2,2,0,0,0,NA,NA",1,0.002358045651763818,86.8939822674967
"NA,NA,2,2,1,2,2,1,2",1,0.002358045651763818,86.89634031314847
"2,0,NA,1,2,1,NA,NA,NA",1,0.002358045651763818,86.89869835880023
"2,0,2,NA,2,2,NA,1,NA",1,0.002358045651763818,86.90105640445199
"2,0,0,2,2,1,2,2,0",1,0.002358045651763818,86.90341445010375
"NA,2,NA,2,2,0,NA,0,0",1,0.002358045651763818,86.90577249575551
"0,1,2,2,0,2,2,NA,NA",1,0.002358045651763818,86.90813054140727
"2,NA,1,NA,NA,2,1,NA,1",1,0.002358045651763818,86.91048858705905
"2,1,2,1,2,0,2,0,NA",1,0.002358045651763818,86.91284663271081
"2,2,NA,2,NA,2,2,NA,1",1,0.002358045651763818,86.91520467836257
"0,2,2,NA,2,NA,2,NA,NA",1,0.002358045651763818,86.91756272401435
"2,2,NA,NA,NA,0,NA,1,1",1,0.002358045651763818,86.9199207696661
"2,2,2,NA,NA,NA,1,1,NA",1,0.002358045651763818,86.92227881531787
"0,2,NA,0,2,NA,1,0,2",1,0.002358045651763818,86.92463686096963
"0,2,NA,2,2,2,2,0,0",1,0.002358045651763818,86.92699490662139
"2,NA,1,0,2,2,0,NA,NA",1,0.002358045651763818,86.92935295227315
"0,NA,NA,2,1,0,2,NA,NA",1,0.002358045651763818,86.93171099792491
"2,2,0,2,2,NA,NA,1,NA",1,0.002358045651763818,86.93406904357668
"NA,NA,NA,0,1,NA,NA,NA,2",1,0.002358045651763818,86.93642708922845
"0,2,NA,2,2,1,NA,2,NA",1,0.002358045651763818,86.93878513488022
"0,NA,NA,NA,NA,0,NA,0,NA",1,0.002358045651763818,86.94114318053198
"NA,2,2,NA,0,NA,NA,NA,NA",1,0.002358045651763818,86.94350122618374
"1,1,2,0,2,2,1,2,NA",1,0.002358045651763818,86.9458592718355
"2,2,1,NA,2,NA,0,2,NA",1,0.002358045651763818,86.94821731748726
"NA,1,2,2,2,0,2,1,2",1,0.002358045651763818,86.95057536313902
"1,2,NA,2,2,NA,NA,0,NA",1,0.002358045651763818,86.95293340879078
"1,2,0,0,0,2,0,2,0",1,0.002358045651763818,86.95529145444256
"1,2,2,2,2,NA,0,NA,2",1,0.002358045651763818,86.95764950009432
"1,0,0,2,0,2,2,2,NA",1,0.002358045651763818,86.9600075457461
"2,2,0,NA,NA,2,2,2,NA",1,0.002358045651763818,86.96236559139786
"2,2,1,NA,0,NA,NA,NA,NA",1,0.002358045651763818,86.96472363704962
"1,2,0,2,2,2,0,2,0",1,0.002358045651763818,86.96708168270138
"1,2,2,0,0,2,2,NA,0",1,0.002358045651763818,86.96943972835314
"2,2,2,2,1,NA,1,1,1",1,0.002358045651763818,86.9717977740049
"1,2,NA,1,1,1,2,NA,NA",1,0.002358045651763818,86.97415581965667
"2,NA,NA,0,NA,NA,NA,NA,0",1,0.002358045651763818,86.97651386530843
"2,2,1,2,2,2,NA,NA,NA",1,0.002358045651763818,86.9788719109602
"2,NA,NA,NA,NA,0,2,NA,0",1,0.002358045651763818,86.98122995661195
"2,2,2,2,2,1,0,0,NA",1,0.002358045651763818,86.98358800226373
"NA,1,1,0,2,1,2,NA,0",1,0.002358045651763818,86.98594604791549
"2,2,2,2,NA,0,2,1,2",1,0.002358045651763818,86.98830409356725
"2,1,NA,NA,1,2,2,2,2",1,0.002358045651763818,86.99066213921901
"0,2,1,2,2,2,1,NA,NA",1,0.002358045651763818,86.99302018487079
"2,1,2,2,1,2,0,2,2",1,0.002358045651763818,86.99537823052255
"NA,0,NA,2,0,1,0,NA,1",1,0.002358045651763818,86.99773627617431
"2,NA,NA,NA,NA,0,NA,2,NA",1,0.002358045651763818,87.00009432182607
"2,2,NA,1,1,1,2,2,2",1,0.002358045651763818,87.00245236747783
"0,1,2,NA,NA,NA,NA,NA,2",1,0.002358045651763818,87.00481041312959
"2,1,NA,NA,NA,NA,0,2,NA",1,0.002358045651763818,87.00716845878136
"NA,1,2,2,2,NA,1,2,NA",1,0.002358045651763818,87.00952650443313
"1,2,NA,2,0,1,2,NA,NA",1,0.002358045651763818,87.0118845500849
"NA,2,2,0,2,1,NA,0,NA",1,0.002358045651763818,87.01424259573666
"1,NA,NA,2,2,1,0,NA,NA",1,0.002358045651763818,87.01660064138842
"0,2,1,0,2,2,1,2,NA",1,0.002358045651763818,87.01895868704018
"0,1,0,2,1,2,2,NA,2",1,0.002358045651763818,87.02131673269194
"1,1,0,NA,0,0,2,0,0",1,0.002358045651763818,87.0236747783437
"0,2,NA,NA,NA,1,2,NA,NA",1,0.002358045651763818,87.02603282399546
"0,NA,NA,2,0,1,NA,2,NA",1,0.002358045651763818,87.02839086964723
"0,NA,1,2,2,1,NA,NA,NA",1,0.002358045651763818,87.030748915299
"1,0,0,NA,NA,NA,2,0,2",1,0.002358045651763818,87.03310696095076
"2,1,0,0,0,2,0,NA,0",1,0.002358045651763818,87.03546500660254
"1,0,0,0,2,2,2,2,0",1,0.002358045651763818,87.0378230522543
"NA,2,NA,2,0,NA,NA,NA,0",1,0.002358045651763818,87.04018109790606
"NA,NA,NA,NA,1,2,2,2,2",1,0.002358045651763818,87.04253914355782
"2,0,NA,NA,2,NA,NA,0,NA",1,0.002358045651763818,87.04489718920958
"2,NA,NA,2,1,0,2,NA,2",1,0.002358045651763818,87.04725523486134
"0,2,2,2,0,2,NA,NA,NA",1,0.002358045651763818,87.04961328051311
"2,1,0,2,2,2,NA,2,NA",1,0.002358045651763818,87.05197132616487
"NA,2,2,2,2,NA,1,0,NA",1,0.002358045651763818,87.05432937181664
"2,0,0,NA,2,NA,2,NA,NA",1,0.002358045651763818,87.05668741746841
"NA,NA,2,NA,1,0,NA,NA,NA",1,0.002358045651763818,87.05904546312017
"NA,2,2,0,0,0,NA,0,NA",1,0.002358045651763818,87.06140350877193
"NA,1,NA,0,2,NA,1,NA,NA",1,0.002358045651763818,87.06376155442369
"0,0,NA,1,2,NA,2,NA,2",1,0.002358045651763818,87.06611960007545
"0,1,NA,2,2,0,0,NA,NA",1,0.002358045651763818,87.06847764572721
"0,0,NA,1,NA,NA,NA,NA,NA",1,0.002358045651763818,87.07083569137899
"1,NA,NA,2,0,1,2,NA,NA",1,0.002358045651763818,87.07319373703075
"2,1,NA,0,0,NA,NA,NA,0",1,0.002358045651763818,87.07555178268251
"NA,NA,NA,NA,0,NA,NA,NA,0",1,0.002358045651763818,87.07790982833427
"1,2,1,2,0,2,2,0,2",1,0.002358045651763818,87.08026787398605
"2,1,0,NA,1,2,NA,0,NA",1,0.002358045651763818,87.0826259196378
"NA,2,NA,NA,2,NA,0,0,NA",1,0.002358045651763818,87.08498396528957
"2,0,2,1,NA,NA,1,2,2",1,0.002358045651763818,87.08734201094133
"2,2,NA,1,2,NA,1,1,1",1,0.002358045651763818,87.0897000565931
"2,1,1,1,2,2,2,NA,1",1,0.002358045651763818,87.09205810224486
"1,1,2,2,2,2,0,NA,2",1,0.002358045651763818,87.09441614789662
"NA,2,2,NA,NA,1,2,2,2",1,0.002358045651763818,87.09677419354838
"NA,2,NA,1,1,NA,NA,2,NA",1,0.002358045651763818,87.09913223920015
"2,2,0,2,NA,1,2,2,0",1,0.002358045651763818,87.1014902848519
"1,2,0,0,0,2,0,NA,NA",1,0.002358045651763818,87.10384833050368
"2,NA,2,2,2,2,NA,0,2",1,0.002358045651763818,87.10620637615544
"NA,2,2,2,1,NA,1,2,NA",1,0.002358045651763818,87.10856442180722
"2,0,NA,1,2,0,NA,NA,NA",1,0.002358045651763818,87.11092246745898
"NA,NA,0,2,NA,NA,1,NA,1",1,0.002358045651763818,87.11328051311074
"2,NA,NA,NA,0,NA,2,NA,0",1,0.002358045651763818,87.1156385587625
"2,1,0,2,2,NA,1,NA,2",1,0.002358045651763818,87.11799660441426
"NA,2,0,2,0,NA,1,NA,2",1,0.002358045651763818,87.12035465006602
"2,0,1,NA,2,2,2,1,2",1,0.002358045651763818,87.12271269571778
"1,2,2,NA,NA,2,1,1,NA",1,0.002358045651763818,87.12507074136954
"NA,2,2,1,1,NA,2,2,NA",1,0.002358045651763818,87.12742878702132
"NA,1,2,NA,NA,NA,NA,1,NA",1,0.002358045651763818,87.12978683267309
"NA,NA,1,2,0,0,2,NA,NA",1,0.002358045651763818,87.13214487832485
"0,2,2,0,0,2,0,0,NA",1,0.002358045651763818,87.13450292397661
"1,NA,NA,1,2,NA,2,2,1",1,0.002358045651763818,87.13686096962837
"2,1,NA,1,NA,NA,NA,NA,NA",1,0.002358045651763818,87.13921901528013
"NA,NA,1,1,2,NA,NA,NA,NA",1,0.002358045651763818,87.1415770609319
"NA,0,NA,1,NA,NA,2,NA,NA",1,0.002358045651763818,87.14393510658365
"1,2,0,2,1,2,2,NA,NA",1,0.002358045651763818,87.14629315223543
"2,2,NA,2,1,NA,0,NA,0",1,0.002358045651763818,87.14865119788719
"1,1,1,NA,NA,1,0,NA,NA",1,0.002358045651763818,87.15100924353895
"2,1,2,2,2,2,NA,1,NA",1,0.002358045651763818,87.15336728919073
"2,0,2,NA,NA,0,2,2,1",1,0.002358045651763818,87.15572533484249
"0,NA,0,2,2,NA,0,2,0",1,0.002358045651763818,87.15808338049425
"1,NA,NA,0,2,NA,2,NA,2",1,0.002358045651763818,87.16044142614601
"NA,NA,NA,0,1,2,NA,0,NA",1,0.002358045651763818,87.16279947179777
"2,1,2,1,1,NA,2,1,1",1,0.002358045651763818,87.16515751744954
"NA,2,2,1,1,NA,1,1,1",1,0.002358045651763818,87.1675155631013
"2,NA,2,2,2,NA,NA,1,NA",1,0.002358045651763818,87.16987360875306
"NA,NA,0,0,0,NA,0,NA,NA",1,0.002358045651763818,87.17223165440483
"2,2,0,2,2,NA,NA,2,2",1,0.002358045651763818,87.17458970005659
"2,1,NA,1,2,NA,NA,2,2",1,0.002358045651763818,87.17694774570836
"2,NA,NA,2,2,2,2,0,2",1,0.002358045651763818,87.17930579136012
"1,NA,1,2,2,2,NA,NA,NA",1,0.002358045651763818,87.18166383701188
"2,2,NA,1,1,0,2,NA,NA",1,0.002358045651763818,87.18402188266366
"0,2,2,2,2,NA,0,0,2",1,0.002358045651763818,87.18637992831542
"2,2,2,2,2,1,0,0,0",1,0.002358045651763818,87.18873797396718
"0,NA,NA,2,2,NA,1,1,2",1,0.002358045651763818,87.19109601961894
"2,NA,2,0,1,1,2,0,NA",1,0.002358045651763818,87.1934540652707
"1,NA,2,2,1,0,2,2,2",1,0.002358045651763818,87.19581211092246
"NA,NA,NA,1,0,NA,0,NA,NA",1,0.002358045651763818,87.19817015657424
"NA,0,2,NA,NA,2,2,2,0",1,0.002358045651763818,87.200528202226
"NA,NA,2,NA,NA,0,2,1,0",1,0.002358045651763818,87.20288624787777
"1,2,0,0,2,2,1,NA,2",1,0.002358045651763818,87.20524429352953
"2,0,0,2,1,1,2,NA,2",1,0.002358045651763818,87.20760233918129
"2,2,1,1,1,NA,1,NA,NA",1,0.002358045651763818,87.20996038483305
"2,2,2,NA,1,2,1,2,1",1,0.002358045651763818,87.21231843048481
"NA,NA,0,0,2,NA,0,NA,NA",1,0.002358045651763818,87.21467647613657
"1,1,NA,1,NA,NA,NA,NA,NA",1,0.002358045651763818,87.21703452178834
"NA,NA,NA,NA,1,2,2,NA,1",1,0.002358045651763818,87.2193925674401
"NA,1,0,NA,0,NA,NA,0,NA",1,0.002358045651763818,87.22175061309187
"2,2,2,0,NA,NA,NA,2,NA",1,0.002358045651763818,87.22410865874363
"1,NA,2,NA,NA,2,NA,2,NA",1,0.002358045651763818,87.2264667043954
"NA,0,NA,NA,NA,2,NA,1,0",1,0.002358045651763818,87.22882475004717
"2,0,2,0,NA,2,2,0,2",1,0.002358045651763818,87.23118279569893
"2,2,NA,2,1,NA,1,NA,0",1,0.002358045651763818,87.23354084135069
"2,1,NA,2,1,1,1,NA,1",1,0.002358045651763818,87.23589888700245
"NA,NA,NA,2,1,2,NA,NA,1",1,0.002358045651763818,87.23825693265421
"2,0,NA,2,NA,0,2,2,1",1,0.002358045651763818,87.24061497830597
"2,0,2,NA,NA,NA,NA,1,2",1,0.002358045651763818,87.24297302395775
"2,NA,2,1,2,2,1,2,2",1,0.002358045651763818,87.2453310696095
"2,2,1,1,2,0,2,2,1",1,0.002358045651763818,87.24768911526127
"1,NA,2,NA,NA,0,NA,NA,NA",1,0.002358045651763818,87.25004716091304
"2,NA,NA,1,1,NA,2,1,NA",1,0.002358045651763818,87.2524052065648
"1,2,NA,0,0,NA,2,NA,0",1,0.002358045651763818,87.25476325221656
"0,NA,2,2,2,2,1,NA,2",1,0.002358045651763818,87.25712129786832
"2,1,2,NA,2,2,2,2,NA",1,0.002358045651763818,87.25947934352008
"1,2,1,2,2,1,2,NA,0",1,0.002358045651763818,87.26183738917186
"1,2,1,NA,NA,NA,1,1,NA",1,0.002358045651763818,87.26419543482362
"2,2,2,NA,NA,1,2,1,NA",1,0.002358045651763818,87.26655348047538
"2,NA,NA,2,1,1,2,NA,2",1,0.002358045651763818,87.26891152612714
"2,NA,NA,2,2,1,NA,2,NA",1,0.002358045651763818,87.2712695717789
"0,2,2,2,1,1,NA,2,2",1,0.002358045651763818,87.27362761743068
"NA,0,2,2,2,2,NA,NA,1",1,0.002358045651763818,87.27598566308244
"0,2,NA,0,NA,2,NA,1,NA",1,0.002358045651763818,87.2783437087342
"2,NA,NA,NA,NA,NA,1,2,1",1,0.002358045651763818,87.28070175438597
"NA,NA,0,NA,1,0,0,NA,NA",1,0.002358045651763818,87.28305980003773
"2,NA,NA,2,1,2,2,2,2",1,0.002358045651763818,87.2854178456895
"2,1,NA,2,2,NA,2,1,1",1,0.002358045651763818,87.28777589134125
"1,2,2,2,NA,NA,NA,2,1",1,0.002358045651763818,87.29013393699302
"2,NA,NA,2,1,1,NA,2,NA",1,0.002358045651763818,87.29249198264478
"NA,0,2,2,1,2,1,NA,NA",1,0.002358045651763818,87.29485002829655
"1,1,2,2,2,NA,0,0,NA",1,0.002358045651763818,87.29720807394831
"0,2,2,NA,0,NA,2,2,NA",1,0.002358045651763818,87.29956611960009
"1,NA,2,NA,2,2,2,NA,NA",1,0.002358045651763818,87.30192416525185
"0,0,0,0,0,NA,2,2,0",1,0.002358045651763818,87.30428221090361
"NA,2,2,0,1,NA,NA,NA,NA",1,0.002358045651763818,87.30664025655537
"2,NA,0,2,2,1,NA,NA,2",1,0.002358045651763818,87.30899830220713
"0,NA,1,2,1,NA,2,NA,NA",1,0.002358045651763818,87.31135634785889
"2,NA,1,2,2,NA,0,NA,NA",1,0.002358045651763818,87.31371439351065
"NA,0,NA,1,2,1,2,NA,NA",1,0.002358045651763818,87.31607243916241
"0,1,1,2,2,2,1,NA,2",1,0.002358045651763818,87.31843048481419
"2,0,2,1,2,0,0,0,NA",1,0.002358045651763818,87.32078853046595
"NA,2,NA,NA,0,2,1,NA,NA",1,0.002358045651763818,87.32314657611772
"1,2,2,NA,NA,2,NA,1,NA",1,0.002358045651763818,87.32550462176948
"2,NA,2,1,2,NA,0,NA,NA",1,0.002358045651763818,87.32786266742124
"2,2,1,2,2,1,2,1,1",1,0.002358045651763818,87.330220713073
"2,2,1,0,1,2,2,2,2",1,0.002358045651763818,87.33257875872476
"NA,NA,NA,1,1,2,1,NA,1",1,0.002358045651763818,87.33493680437653
"2,2,NA,2,1,NA,NA,NA,1",1,0.002358045651763818,87.3372948500283
"0,NA,2,2,2,NA,2,NA,0",1,0.002358045651763818,87.33965289568006
"1,NA,NA,NA,2,2,2,NA,1",1,0.002358045651763818,87.34201094133182
"0,1,2,NA,NA,2,2,2,NA",1,0.002358045651763818,87.3443689869836
"2,NA,NA,NA,NA,0,NA,NA,2",1,0.002358045651763818,87.34672703263536
"NA,NA,0,2,NA,2,1,2,NA",1,0.002358045651763818,87.34908507828712
"2,2,1,2,2,2,1,0,2",1,0.002358045651763818,87.35144312393888
"1,2,NA,2,1,NA,2,1,1",1,0.002358045651763818,87.35380116959064
"NA,0,1,NA,NA,NA,NA,2,1",1,0.002358045651763818,87.3561592152424
"NA,0,1,NA,NA,2,0,NA,NA",1,0.002358045651763818,87.35851726089417
"NA,NA,0,2,1,NA,0,NA,1",1,0.002358045651763818,87.36087530654594
"1,2,2,2,NA,2,2,2,NA",1,0.002358045651763818,87.3632333521977
"2,1,NA,2,0,NA,2,0,NA",1,0.002358045651763818,87.36559139784946
"NA,NA,NA,NA,NA,2,0,2,2",1,0.002358045651763818,87.36794944350123
"2,NA,NA,0,0,2,0,2,NA",1,0.002358045651763818,87.37030748915299
"NA,1,NA,0,2,0,1,NA,NA",1,0.002358045651763818,87.37266553480475
"2,2,2,1,1,NA,1,2,2",1,0.002358045651763818,87.37502358045651
"0,0,2,2,2,NA,1,NA,NA",1,0.002358045651763818,87.37738162610829
"1,2,2,NA,NA,NA,NA,0,NA",1,0.002358045651763818,87.37973967176005
"0,2,2,2,2,2,0,NA,1",1,0.002358045651763818,87.38209771741181
"1,2,2,2,2,2,0,0,0",1,0.002358045651763818,87.38445576306357
"NA,1,NA,0,NA,0,NA,0,NA",1,0.002358045651763818,87.38681380871533
"2,1,NA,2,0,2,2,NA,0",1,0.002358045651763818,87.38917185436709
"2,1,0,0,2,NA,0,0,0",1,0.002358045651763818,87.39152990001887
"0,2,0,2,0,2,0,NA,NA",1,0.002358045651763818,87.39388794567063
"NA,NA,2,2,2,0,NA,2,2",1,0.002358045651763818,87.3962459913224
"1,2,2,2,2,NA,NA,2,2",1,0.002358045651763818,87.39860403697416
"1,2,1,2,2,2,2,0,2",1,0.002358045651763818,87.40096208262592
"NA,2,2,2,0,NA,1,1,2",1,0.002358045651763818,87.40332012827768
"NA,2,2,2,2,NA,2,0,2",1,0.002358045651763818,87.40567817392945
"NA,2,2,1,2,1,0,2,1",1,0.002358045651763818,87.4080362195812
"2,NA,1,2,2,NA,1,2,NA",1,0.002358045651763818,87.41039426523297
"1,1,2,2,0,2,2,NA,0",1,0.002358045651763818,87.41275231088473
"0,0,2,NA,1,2,0,2,NA",1,0.002358045651763818,87.4151103565365
"NA,2,2,2,0,2,0,2,2",1,0.002358045651763818,87.41746840218826
"0,0,1,2,2,2,2,NA,NA",1,0.002358045651763818,87.41982644784004
"NA,NA,2,NA,2,NA,0,2,NA",1,0.002358045651763818,87.4221844934918
"1,2,NA,0,0,2,0,2,0",1,0.002358045651763818,87.42454253914356
"1,NA,0,2,2,NA,NA,0,1",1,0.002358045651763818,87.42690058479532
"NA,1,2,NA,NA,NA,NA,NA,2",1,0.002358045651763818,87.42925863044708
"1,0,0,NA,1,NA,NA,2,NA",1,0.002358045651763818,87.43161667609884
"NA,NA,NA,2,2,2,1,2,1",1,0.002358045651763818,87.43397472175062
"2,0,2,2,2,1,1,2,NA",1,0.002358045651763818,87.43633276740238
"0,2,2,NA,NA,NA,NA,1,NA",1,0.002358045651763818,87.43869081305414
"2,2,0,1,2,2,2,0,NA",1,0.002358045651763818,87.44104885870591
"NA,1,1,NA,NA,NA,1,1,NA",1,0.002358045651763818,87.44340690435767
"NA,2,1,1,2,1,2,1,NA",1,0.002358045651763818,87.44576495000943
"1,2,0,1,1,NA,2,2,2",1,0.002358045651763818,87.4481229956612
"2,1,1,1,2,NA,1,2,1",1,0.002358045651763818,87.45048104131295
"1,NA,0,2,0,2,2,NA,NA",1,0.002358045651763818,87.45283908696473
"NA,NA,2,2,1,NA,NA,1,1",1,0.002358045651763818,87.45519713261649
"NA,1,NA,NA,NA,2,0,2,1",1,0.002358045651763818,87.45755517826825
"2,1,NA,0,1,NA,NA,2,0",1,0.002358045651763818,87.45991322392001
"NA,0,NA,2,2,0,2,NA,2",1,0.002358045651763818,87.46227126957177
"2,0,NA,1,2,0,1,NA,2",1,0.002358045651763818,87.46462931522355
"NA,1,NA,2,0,NA,0,NA,2",1,0.002358045651763818,87.46698736087531
"NA,2,2,2,0,2,NA,NA,2",1,0.002358045651763818,87.46934540652707
"2,NA,2,2,1,2,2,2,NA",1,0.002358045651763818,87.47170345217884
"NA,NA,2,NA,NA,0,NA,2,2",1,0.002358045651763818,87.4740614978306
"NA,2,0,0,0,0,0,NA,NA",1,0.002358045651763818,87.47641954348236
"2,2,NA,0,2,1,2,NA,0",1,0.002358045651763818,87.47877758913413
"NA,2,1,1,1,2,1,2,NA",1,0.002358045651763818,87.48113563478589
"NA,0,NA,2,2,0,NA,1,2",1,0.002358045651763818,87.48349368043765
"0,1,0,2,2,NA,NA,NA,2",1,0.002358045651763818,87.48585172608941
"NA,NA,NA,NA,NA,NA,NA,0,1",1,0.002358045651763818,87.48820977174118
"NA,NA,2,0,NA,1,NA,NA,NA",1,0.002358045651763818,87.49056781739296
"NA,0,2,0,NA,0,NA,NA,2",1,0.002358045651763818,87.49292586304472
"NA,0,2,2,NA,NA,2,NA,NA",1,0.002358045651763818,87.49528390869648
"2,0,2,2,2,0,0,2,1",1,0.002358045651763818,87.49764195434824
"2,0,1,NA,2,NA,NA,2,NA",1,0.002358045651763818,87.5
"NA,NA,2,NA,0,0,NA,NA,NA",1,0.002358045651763818,87.50235804565176
"0,2,NA,2,2,NA,2,0,NA",1,0.002358045651763818,87.50471609130352
"2,0,2,1,1,1,NA,2,2",1,0.002358045651763818,87.50707413695528
"0,0,NA,0,NA,2,2,2,2",1,0.002358045651763818,87.50943218260704
"2,0,2,1,2,2,0,1,NA",1,0.002358045651763818,87.51179022825882
"1,1,2,0,2,0,0,NA,NA",1,0.002358045651763818,87.51414827391059
"NA,2,0,2,2,2,NA,NA,2",1,0.002358045651763818,87.51650631956235
"NA,NA,1,NA,NA,1,2,2,2",1,0.002358045651763818,87.51886436521411
"0,2,1,NA,NA,NA,NA,2,1",1,0.002358045651763818,87.52122241086587
"1,NA,NA,0,NA,NA,2,NA,1",1,0.002358045651763818,87.52358045651764
"NA,0,0,2,0,NA,2,0,NA",1,0.002358045651763818,87.5259385021694
"NA,NA,2,1,2,1,2,2,1",1,0.002358045651763818,87.52829654782116
"NA,NA,0,NA,2,0,2,NA,2",1,0.002358045651763818,87.53065459347293
"2,2,2,NA,2,0,2,NA,NA",1,0.002358045651763818,87.53301263912469
"2,2,NA,0,2,1,NA,NA,NA",1,0.002358045651763818,87.53537068477645
"0,2,0,0,0,NA,2,2,NA",1,0.002358045651763818,87.53772873042823
"2,2,1,1,1,2,1,0,NA",1,0.002358045651763818,87.54008677607999
"NA,2,1,2,2,1,1,NA,1",1,0.002358045651763818,87.54244482173175
"0,2,2,0,NA,NA,2,NA,1",1,0.002358045651763818,87.54480286738351
"2,2,2,2,0,NA,NA,2,NA",1,0.002358045651763818,87.54716091303527
"1,1,0,2,2,2,2,2,1",1,0.002358045651763818,87.54951895868705
"1,2,NA,NA,NA,2,2,0,NA",1,0.002358045651763818,87.5518770043388
"0,0,NA,2,2,NA,NA,0,NA",1,0.002358045651763818,87.55423504999057
"2,2,1,1,1,NA,2,NA,1",1,0.002358045651763818,87.55659309564233
"NA,2,1,1,1,2,1,1,1",1,0.002358045651763818,87.55895114129409
"2,2,2,0,0,NA,0,NA,NA",1,0.002358045651763818,87.56130918694586
"NA,NA,2,0,0,2,NA,NA,NA",1,0.002358045651763818,87.56366723259762
"NA,NA,NA,NA,NA,2,NA,1,0",1,0.002358045651763818,87.56602527824938
"0,1,NA,0,0,2,0,NA,0",1,0.002358045651763818,87.56838332390116
"1,2,NA,2,2,1,1,NA,1",1,0.002358045651763818,87.57074136955292
"2,2,2,2,1,NA,2,1,1",1,0.002358045651763818,87.57309941520468
"2,1,1,2,2,NA,2,0,NA",1,0.002358045651763818,87.57545746085644
"NA,NA,1,0,2,0,2,NA,NA",1,0.002358045651763818,87.5778155065082
"NA,NA,NA,0,0,0,0,1,NA",1,0.002358045651763818,87.58017355215996
"2,0,NA,2,2,0,NA,NA,0",1,0.002358045651763818,87.58253159781174
"NA,NA,NA,NA,2,2,0,NA,2",1,0.002358045651763818,87.5848896434635
"2,2,NA,2,NA,0,0,NA,1",1,0.002358045651763818,87.58724768911527
"2,2,2,2,2,2,NA,2,0",1,0.002358045651763818,87.58960573476703
"NA,2,2,NA,1,NA,1,0,1",1,0.002358045651763818,87.5919637804188
"0,NA,2,NA,NA,0,NA,2,NA",1,0.002358045651763818,87.59432182607055
"2,2,2,1,2,NA,0,NA,2",1,0.002358045651763818,87.59667987172232
"1,1,0,2,2,2,0,0,2",1,0.002358045651763818,87.59903791737408
"NA,NA,NA,2,0,NA,0,2,NA",1,0.002358045651763818,87.60139596302584
"1,2,2,0,0,1,0,2,2",1,0.002358045651763818,87.6037540086776
"NA,1,2,NA,0,NA,NA,2,NA",1,0.002358045651763818,87.60611205432937
"NA,2,NA,2,NA,1,1,2,1",1,0.002358045651763818,87.60847009998113
"2,2,1,2,0,NA,NA,1,NA",1,0.002358045651763818,87.61082814563291
"2,2,NA,2,0,2,0,2,0",1,0.002358045651763818,87.61318619128467
"2,2,NA,0,NA,0,1,NA,2",1,0.002358045651763818,87.61554423693643
"1,2,0,0,2,2,0,0,NA",1,0.002358045651763818,87.61790228258819
"0,NA,NA,2,NA,0,NA,2,1",1,0.002358045651763818,87.62026032823995
"1,2,2,NA,NA,NA,0,2,NA",1,0.002358045651763818,87.62261837389171
"1,2,2,2,0,0,NA,NA,NA",1,0.002358045651763818,87.62497641954349
"2,2,2,2,0,0,2,NA,NA",1,0.002358045651763818,87.62733446519525
"2,1,0,NA,NA,NA,NA,2,NA",1,0.002358045651763818,87.62969251084701
"1,2,2,NA,NA,0,NA,0,NA",1,0.002358045651763818,87.63205055649877
"NA,1,1,NA,NA,NA,2,2,NA",1,0.002358045651763818,87.63440860215054
"1,NA,1,2,0,0,2,0,NA",1,0.002358045651763818,87.6367666478023
"2,NA,NA,2,2,NA,NA,1,1",1,0.002358045651763818,87.63912469345406
"NA,0,NA,NA,NA,2,NA,NA,1",1,0.002358045651763818,87.64148273910583
"NA,NA,0,2,2,NA,2,NA,NA",1,0.002358045651763818,87.6438407847576
"2,0,NA,0,2,2,2,NA,NA",1,0.002358045651763818,87.64619883040936
"1,2,NA,1,NA,NA,NA,NA,NA",1,0.002358045651763818,87.64855687606112
"1,2,2,1,2,NA,2,2,0",1,0.002358045651763818,87.65091492171288
"2,2,NA,0,0,NA,2,2,0",1,0.002358045651763818,87.65327296736464
"2,1,2,0,0,NA,0,2,2",1,0.002358045651763818,87.6556310130164
"1,2,2,2,2,2,NA,2,2",1,0.002358045651763818,87.65798905866818
"2,2,2,0,NA,2,2,0,2",1,0.002358045651763818,87.66034710431994
"NA,NA,NA,NA,0,2,2,2,2",1,0.002358045651763818,87.6627051499717
"0,2,1,NA,NA,0,2,2,NA",1,0.002358045651763818,87.66506319562347
"NA,0,1,2,1,2,2,2,1",1,0.002358045651763818,87.66742124127524
"2,2,0,2,2,NA,2,0,NA",1,0.002358045651763818,87.669779286927
"2,0,NA,1,1,2,NA,NA,2",1,0.002358045651763818,87.67213733257876
"NA,2,2,NA,0,NA,2,0,NA",1,0.002358045651763818,87.67449537823052
"1,1,NA,0,2,NA,0,2,NA",1,0.002358045651763818,87.67685342388228
"0,NA,NA,2,NA,2,0,NA,NA",1,0.002358045651763818,87.67921146953405
"2,1,NA,2,0,NA,0,NA,2",1,0.002358045651763818,87.68156951518581
"NA,1,2,2,2,NA,NA,0,NA",1,0.002358045651763818,87.68392756083759
"NA,2,1,1,1,2,0,NA,NA",1,0.002358045651763818,87.68628560648935
"0,NA,2,0,2,NA,0,2,NA",1,0.002358045651763818,87.68864365214111
"NA,2,2,0,2,2,2,NA,0",1,0.002358045651763818,87.69100169779287
"0,2,1,NA,2,NA,2,1,NA",1,0.002358045651763818,87.69335974344463
"2,1,2,0,2,2,NA,NA,NA",1,0.002358045651763818,87.69571778909639
"2,0,NA,2,2,2,NA,2,2",1,0.002358045651763818,87.69807583474815
"NA,NA,0,NA,NA,NA,2,NA,0",1,0.002358045651763818,87.70043388039991
"NA,2,NA,NA,1,NA,NA,0,NA",1,0.002358045651763818,87.70279192605169
"1,2,NA,2,2,NA,2,1,NA",1,0.002358045651763818,87.70514997170345
"2,1,1,NA,2,1,2,2,2",1,0.002358045651763818,87.70750801735522
"2,2,NA,2,1,NA,NA,NA,0",1,0.002358045651763818,87.70986606300698
"2,1,0,2,0,2,NA,2,NA",1,0.002358045651763818,87.71222410865875
"NA,NA,0,0,2,2,2,NA,0",1,0.002358045651763818,87.7145821543105
"1,NA,2,0,2,2,0,NA,2",1,0.002358045651763818,87.71694019996227
"NA,NA,2,2,2,2,0,2,1",1,0.002358045651763818,87.71929824561403
"NA,1,NA,2,0,2,1,NA,NA",1,0.002358045651763818,87.7216562912658
"2,2,1,NA,NA,NA,1,0,NA",1,0.002358045651763818,87.72401433691756
"2,2,2,2,0,1,2,2,0",1,0.002358045651763818,87.72637238256932
"NA,2,NA,NA,2,NA,NA,1,NA",1,0.002358045651763818,87.7287304282211
"0,NA,2,2,2,2,2,1,2",1,0.002358045651763818,87.73108847387286
"NA,1,NA,2,NA,2,0,NA,NA",1,0.002358045651763818,87.73344651952462
"NA,1,0,2,0,NA,2,NA,NA",1,0.002358045651763818,87.73580456517638
"NA,1,0,2,2,0,1,NA,0",1,0.002358045651763818,87.73816261082814
"0,2,0,2,0,2,2,NA,NA",1,0.002358045651763818,87.74052065647992
"2,2,0,NA,2,2,NA,2,0",1,0.002358045651763818,87.74287870213168
"2,0,2,NA,NA,2,0,NA,2",1,0.002358045651763818,87.74523674778344
"1,2,0,0,2,0,2,2,NA",1,0.002358045651763818,87.7475947934352
"1,2,0,2,0,2,2,1,2",1,0.002358045651763818,87.74995283908696
"2,1,2,1,2,2,1,NA,2",1,0.002358045651763818,87.75231088473873
"NA,NA,NA,2,NA,1,0,NA,0",1,0.002358045651763818,87.7546689303905
"NA,0,2,0,1,1,NA,1,NA",1,0.002358045651763818,87.75702697604225
"2,NA,NA,NA,1,2,NA,NA,NA",1,0.002358045651763818,87.75938502169403
"2,2,NA,0,2,2,2,NA,1",1,0.002358045651763818,87.76174306734579
"NA,2,2,NA,NA,2,1,2,NA",1,0.002358045651763818,87.76410111299755
"2,2,1,NA,NA,NA,0,2,NA",1,0.002358045651763818,87.76645915864931
"1,2,1,NA,NA,2,2,1,2",1,0.002358045651763818,87.76881720430107
"2,1,NA,2,1,NA,1,NA,NA",1,0.002358045651763818,87.77117524995283
"2,NA,NA,2,2,NA,NA,1,2",1,0.002358045651763818,87.7735332956046
"2,NA,1,NA,NA,1,NA,NA,NA",1,0.002358045651763818,87.77589134125637
"2,2,NA,2,2,1,0,2,NA",1,0.002358045651763818,87.77824938690813
"2,NA,1,2,1,NA,1,NA,NA",1,0.002358045651763818,87.7806074325599
"0,1,NA,NA,NA,0,NA,NA,NA",1,0.002358045651763818,87.78296547821166
"NA,2,2,0,1,0,2,NA,NA",1,0.002358045651763818,87.78532352386343
"2,2,NA,2,1,0,2,NA,1",1,0.002358045651763818,87.78768156951519
"0,NA,2,1,1,2,2,NA,2",1,0.002358045651763818,87.79003961516695
"1,2,2,NA,NA,NA,NA,2,1",1,0.002358045651763818,87.79239766081871
"NA,NA,NA,2,NA,2,0,NA,0",1,0.002358045651763818,87.79475570647047
"2,NA,NA,2,2,NA,1,NA,0",1,0.002358045651763818,87.79711375212223
"NA,NA,NA,0,0,1,NA,0,NA",1,0.002358045651763818,87.799471797774
"2,2,1,NA,NA,NA,2,0,2",1,0.002358045651763818,87.80182984342576
"1,2,2,2,NA,0,NA,NA,NA",1,0.002358045651763818,87.80418788907754
"2,2,NA,0,NA,NA,0,2,NA",1,0.002358045651763818,87.8065459347293
"NA,1,1,NA,2,1,1,1,1",1,0.002358045651763818,87.80890398038106
"NA,NA,2,0,0,2,2,NA,0",1,0.002358045651763818,87.81126202603282
"NA,NA,1,0,NA,NA,1,2,2",1,0.002358045651763818,87.81362007168458
"2,2,0,NA,2,1,2,NA,NA",1,0.002358045651763818,87.81597811733634
"NA,0,NA,0,2,0,NA,0,NA",1,0.002358045651763818,87.81833616298812
"1,1,NA,0,1,NA,2,NA,1",1,0.002358045651763818,87.82069420863988
"0,2,NA,2,1,NA,NA,2,NA",1,0.002358045651763818,87.82305225429164
"0,NA,1,1,2,2,2,NA,1",1,0.002358045651763818,87.82541029994341
"2,2,1,1,2,0,NA,2,NA",1,0.002358045651763818,87.82776834559517
"2,2,2,NA,NA,NA,0,1,2",1,0.002358045651763818,87.83012639124694
"2,0,NA,NA,NA,0,2,NA,0",1,0.002358045651763818,87.8324844368987
"2,2,1,2,1,NA,1,NA,1",1,0.002358045651763818,87.83484248255046
"2,1,0,2,NA,2,2,2,2",1,0.002358045651763818,87.83720052820223
"1,2,2,2,2,0,1,2,NA",1,0.002358045651763818,87.83955857385399
"0,2,2,2,2,2,NA,0,NA",1,0.002358045651763818,87.84191661950575
"0,1,1,NA,NA,0,2,2,2",1,0.002358045651763818,87.84427466515751
"2,1,0,NA,NA,2,2,NA,NA",1,0.002358045651763818,87.84663271080927
"1,1,NA,2,NA,NA,2,NA,NA",1,0.002358045651763818,87.84899075646105
"2,2,0,2,2,1,2,0,0",1,0.002358045651763818,87.85134880211281
"2,0,2,2,NA,NA,NA,NA,0",1,0.002358045651763818,87.85370684776457
"NA,NA,NA,0,NA,2,0,NA,2",1,0.002358045651763818,87.85606489341635
"2,2,0,NA,0,0,2,2,NA",1,0.002358045651763818,87.8584229390681
"1,NA,NA,2,2,NA,2,2,2",1,0.002358045651763818,87.86078098471987
"2,1,2,1,2,2,1,NA,1",1,0.002358045651763818,87.86313903037163
"1,NA,NA,2,1,2,2,1,2",1,0.002358045651763818,87.86549707602339
"NA,NA,0,NA,2,0,2,2,1",1,0.002358045651763818,87.86785512167515
"NA,NA,NA,NA,NA,NA,NA,1,0",1,0.002358045651763818,87.87021316732691
"2,2,NA,2,0,0,NA,2,NA",1,0.002358045651763818,87.87257121297868
"1,2,1,0,2,2,0,NA,2",1,0.002358045651763818,87.87492925863046
"2,2,NA,2,2,1,2,2,NA",1,0.002358045651763818,87.87728730428222
"NA,1,NA,2,2,NA,1,NA,2",1,0.002358045651763818,87.87964534993398
"NA,2,NA,2,1,1,2,NA,1",1,0.002358045651763818,87.88200339558574
"NA,NA,0,2,2,NA,0,2,NA",1,0.002358045651763818,87.8843614412375
"2,NA,NA,NA,NA,0,0,NA,NA",1,0.002358045651763818,87.88671948688926
"NA,NA,NA,1,2,2,2,1,NA",1,0.002358045651763818,87.88907753254102
"2,NA,NA,1,1,0,NA,1,NA",1,0.002358045651763818,87.89143557819278
"1,0,2,2,2,2,2,1,0",1,0.002358045651763818,87.89379362384456
"2,2,0,2,2,1,1,0,2",1,0.002358045651763818,87.89615166949632
"NA,2,NA,NA,1,2,2,NA,1",1,0.002358045651763818,87.8985097151481
"1,0,2,0,0,2,0,2,0",1,0.002358045651763818,87.90086776079985
"1,0,NA,1,NA,1,NA,NA,2",1,0.002358045651763818,87.90322580645162
"2,2,1,2,2,2,0,NA,NA",1,0.002358045651763818,87.90558385210338
"0,2,2,0,2,NA,0,0,2",1,0.002358045651763818,87.90794189775514
"2,0,2,2,2,0,NA,2,2",1,0.002358045651763818,87.9102999434069
"2,NA,NA,0,2,2,2,1,NA",1,0.002358045651763818,87.91265798905867
"0,2,2,NA,NA,NA,1,NA,NA",1,0.002358045651763818,87.91501603471043
"NA,0,2,NA,2,NA,2,2,2",1,0.002358045651763818,87.9173740803622
"1,NA,NA,2,2,NA,2,2,NA",1,0.002358045651763818,87.91973212601395
"NA,2,NA,1,1,NA,NA,NA,1",1,0.002358045651763818,87.92209017166573
"0,2,2,1,2,2,2,2,NA",1,0.002358045651763818,87.92444821731749
"2,2,1,1,2,NA,NA,2,2",1,0.002358045651763818,87.92680626296925
"NA,NA,NA,NA,NA,0,2,2,NA",1,0.002358045651763818,87.92916430862101
"1,2,1,NA,NA,NA,NA,2,NA",1,0.002358045651763818,87.93152235427279
"NA,NA,NA,1,1,0,2,NA,NA",1,0.002358045651763818,87.93388039992455
"0,2,2,0,2,2,0,0,2",1,0.002358045651763818,87.93623844557631
"NA,NA,0,NA,NA,2,0,2,0",1,0.002358045651763818,87.93859649122807
"NA,2,2,2,2,NA,0,0,NA",1,0.002358045651763818,87.94095453687983
"NA,0,NA,1,2,0,2,NA,NA",1,0.002358045651763818,87.94331258253159
"2,0,NA,NA,NA,1,2,2,NA",1,0.002358045651763818,87.94567062818336
"2,2,2,NA,NA,NA,0,NA,0",1,0.002358045651763818,87.94802867383513
"NA,2,0,2,1,2,0,NA,NA",1,0.002358045651763818,87.95038671948689
"2,1,0,2,1,2,2,NA,2",1,0.002358045651763818,87.95274476513866
"NA,0,0,NA,NA,2,2,1,2",1,0.002358045651763818,87.95510281079042
"0,0,1,2,2,0,2,2,NA",1,0.002358045651763818,87.95746085644218
"0,1,NA,NA,1,NA,2,NA,1",1,0.002358045651763818,87.95981890209394
"NA,1,0,NA,NA,NA,NA,0,NA",1,0.002358045651763818,87.9621769477457
"1,1,2,0,1,1,1,1,2",1,0.002358045651763818,87.96453499339746
"2,2,2,1,1,2,NA,NA,1",1,0.002358045651763818,87.96689303904924
"NA,0,2,2,NA,1,1,NA,NA",1,0.002358045651763818,87.969251084701
"2,2,2,NA,2,0,2,NA,1",1,0.002358045651763818,87.97160913035277
"0,2,NA,NA,0,NA,NA,NA,NA",1,0.002358045651763818,87.97396717600454
"1,NA,NA,NA,1,NA,2,2,2",1,0.002358045651763818,87.9763252216563
"2,1,2,2,2,1,2,NA,1",1,0.002358045651763818,87.97868326730806
"NA,2,NA,0,0,2,0,NA,1",1,0.002358045651763818,87.98104131295982
"2,2,0,2,1,2,NA,NA,NA",1,0.002358045651763818,87.98339935861158
"2,2,2,2,0,2,2,1,NA",1,0.002358045651763818,87.98575740426334
"2,2,1,2,1,1,1,0,1",1,0.002358045651763818,87.9881154499151
"NA,2,0,0,2,2,NA,NA,NA",1,0.002358045651763818,87.99047349556687
"2,1,0,NA,NA,NA,1,NA,NA",1,0.002358045651763818,87.99283154121864
"2,0,NA,NA,NA,2,2,1,1",1,0.002358045651763818,87.99518958687041
"2,2,NA,2,0,NA,NA,NA,2",1,0.002358045651763818,87.99754763252217
"0,1,2,2,1,2,2,2,2",1,0.002358045651763818,87.99990567817393
"NA,0,2,1,2,2,2,2,2",1,0.002358045651763818,88.00226372382569
"NA,NA,2,1,NA,1,NA,NA,NA",1,0.002358045651763818,88.00462176947745
"2,0,NA,2,2,NA,NA,NA,0",1,0.002358045651763818,88.00697981512921
"0,0,2,NA,2,0,2,NA,2",1,0.002358045651763818,88.00933786078099
"1,0,NA,NA,2,NA,NA,NA,NA",1,0.002358045651763818,88.01169590643275
"2,2,0,0,1,NA,1,NA,NA",1,0.002358045651763818,88.01405395208451
"2,0,2,NA,NA,0,1,2,2",1,0.002358045651763818,88.01641199773627
"NA,NA,2,NA,NA,2,2,NA,0",1,0.002358045651763818,88.01877004338805
"NA,2,NA,2,1,2,2,2,2",1,0.002358045651763818,88.0211280890398
"2,2,NA,2,1,NA,NA,2,2",1,0.002358045651763818,88.02348613469157
"2,NA,2,1,2,NA,NA,2,NA",1,0.002358045651763818,88.02584418034333
"1,NA,1,0,NA,NA,NA,NA,NA",1,0.002358045651763818,88.0282022259951
"1,2,2,NA,NA,1,NA,2,NA",1,0.002358045651763818,88.03056027164686
"0,1,NA,0,0,1,NA,NA,NA",1,0.002358045651763818,88.03291831729862
"2,2,1,NA,2,2,2,2,1",1,0.002358045651763818,88.03527636295038
"NA,NA,NA,2,2,0,2,2,NA",1,0.002358045651763818,88.03763440860214
"1,2,NA,NA,2,NA,2,NA,2",1,0.002358045651763818,88.0399924542539
"1,1,2,2,0,NA,0,2,NA",1,0.002358045651763818,88.04235049990568
"2,1,0,2,NA,2,2,2,NA",1,0.002358045651763818,88.04470854555744
"2,2,0,2,2,1,0,1,NA",1,0.002358045651763818,88.04706659120922
"2,2,2,2,1,1,NA,NA,NA",1,0.002358045651763818,88.04942463686098
"0,NA,NA,NA,0,2,NA,2,NA",1,0.002358045651763818,88.05178268251274
"2,2,1,0,1,NA,2,1,1",1,0.002358045651763818,88.0541407281645
"1,2,1,2,2,2,1,2,NA",1,0.002358045651763818,88.05649877381626
"0,0,0,2,0,2,2,2,0",1,0.002358045651763818,88.05885681946802
"NA,1,2,NA,NA,NA,2,NA,NA",1,0.002358045651763818,88.06121486511978
"NA,2,2,0,NA,NA,NA,0,NA",1,0.002358045651763818,88.06357291077155
"NA,0,NA,NA,1,0,2,NA,NA",1,0.002358045651763818,88.06593095642332
"2,2,2,2,2,0,NA,1,1",1,0.002358045651763818,88.06828900207509
"0,2,2,0,0,2,1,NA,NA",1,0.002358045651763818,88.07064704772685
"2,2,NA,1,1,NA,NA,NA,0",1,0.002358045651763818,88.07300509337861
"1,1,NA,2,2,2,NA,NA,0",1,0.002358045651763818,88.07536313903037
"NA,NA,NA,2,0,2,1,NA,NA",1,0.002358045651763818,88.07772118468213
"2,NA,2,NA,1,NA,1,NA,2",1,0.002358045651763818,88.0800792303339
"0,NA,2,2,1,1,2,0,NA",1,0.002358045651763818,88.08243727598565
"0,NA,0,0,0,1,0,NA,NA",1,0.002358045651763818,88.08479532163743
"0,2,NA,NA,2,NA,NA,1,2",1,0.002358045651763818,88.08715336728919
"NA,2,2,2,2,2,2,0,2",1,0.002358045651763818,88.08951141294095
"0,2,NA,2,2,2,2,2,NA",1,0.002358045651763818,88.09186945859273
"2,0,NA,NA,NA,0,2,NA,2",1,0.002358045651763818,88.09422750424449
"1,2,NA,1,1,NA,2,NA,2",1,0.002358045651763818,88.09658554989625
"1,NA,NA,2,2,0,0,NA,NA",1,0.002358045651763818,88.09894359554801
"2,1,2,1,2,2,NA,2,2",1,0.002358045651763818,88.10130164119977
"2,NA,2,NA,2,2,2,0,2",1,0.002358045651763818,88.10365968685153
"2,2,2,1,1,NA,2,NA,2",1,0.002358045651763818,88.1060177325033
"2,1,NA,2,2,1,2,NA,1",1,0.002358045651763818,88.10837577815506
"NA,2,NA,1,2,NA,2,1,NA",1,0.002358045651763818,88.11073382380683
"NA,NA,NA,1,0,NA,NA,NA,1",1,0.002358045651763818,88.1130918694586
"0,2,NA,NA,0,0,2,1,2",1,0.002358045651763818,88.11544991511036
"1,NA,0,2,NA,2,NA,NA,NA",1,0.002358045651763818,88.11780796076212
"2,2,NA,2,1,NA,2,0,0",1,0.002358045651763818,88.12016600641388
"0,2,NA,2,2,2,1,2,2",1,0.002358045651763818,88.12252405206564
"2,NA,NA,2,1,2,0,NA,NA",1,0.002358045651763818,88.12488209771742
"2,2,2,2,0,NA,2,NA,2",1,0.002358045651763818,88.12724014336918
"2,NA,2,2,2,NA,0,2,1",1,0.002358045651763818,88.12959818902094
"1,2,1,2,NA,1,2,0,1",1,0.002358045651763818,88.1319562346727
"2,NA,NA,1,2,NA,NA,NA,2",1,0.002358045651763818,88.13431428032446
"1,2,1,1,1,2,1,1,1",1,0.002358045651763818,88.13667232597624
"1,1,2,0,2,NA,2,2,NA",1,0.002358045651763818,88.139030371628
"2,1,2,2,2,NA,1,NA,NA",1,0.002358045651763818,88.14138841727976
"0,1,2,2,2,2,2,2,NA",1,0.002358045651763818,88.14374646293153
"0,NA,NA,NA,NA,2,0,0,2",1,0.002358045651763818,88.14610450858329
"0,1,2,NA,NA,NA,NA,2,NA",1,0.002358045651763818,88.14846255423505
"0,2,NA,2,0,NA,2,1,0",1,0.002358045651763818,88.15082059988681
"NA,NA,NA,1,1,NA,2,NA,0",1,0.002358045651763818,88.15317864553857
"2,NA,NA,1,2,0,2,2,NA",1,0.002358045651763818,88.15553669119033
"1,1,2,2,0,1,2,2,2",1,0.002358045651763818,88.1578947368421
"0,NA,NA,NA,0,0,NA,0,NA",1,0.002358045651763818,88.16025278249387
"NA,NA,2,NA,2,1,NA,1,NA",1,0.002358045651763818,88.16261082814563
"0,2,NA,1,2,NA,2,0,2",1,0.002358045651763818,88.1649688737974
"2,1,2,2,2,2,0,NA,0",1,0.002358045651763818,88.16732691944917
"2,2,2,1,1,NA,NA,2,2",1,0.002358045651763818,88.16968496510093
"2,2,0,1,2,2,2,0,1",1,0.002358045651763818,88.17204301075269
"2,2,2,2,1,2,2,1,0",1,0.002358045651763818,88.17440105640445
"2,0,NA,NA,NA,1,NA,NA,2",1,0.002358045651763818,88.17675910205621
"NA,2,1,NA,1,NA,NA,NA,NA",1,0.002358045651763818,88.17911714770797
"2,NA,0,NA,1,NA,NA,2,NA",1,0.002358045651763818,88.18147519335974
"0,NA,0,NA,0,0,2,0,0",1,0.002358045651763818,88.1838332390115
"1,NA,1,2,2,1,2,NA,2",1,0.002358045651763818,88.18619128466327
"0,1,2,NA,NA,NA,2,2,2",1,0.002358045651763818,88.18854933031504
"2,2,2,2,0,2,1,NA,0",1,0.002358045651763818,88.1909073759668
"1,0,NA,NA,2,NA,0,NA,NA",1,0.002358045651763818,88.19326542161856
"2,2,NA,NA,2,2,2,NA,0",1,0.002358045651763818,88.19562346727032
"NA,1,2,NA,0,2,0,2,0",1,0.002358045651763818,88.19798151292208
"1,NA,0,2,0,2,0,NA,2",1,0.002358045651763818,88.20033955857386
"0,1,2,2,1,0,2,2,2",1,0.002358045651763818,88.20269760422562
"1,2,2,2,2,2,NA,0,NA",1,0.002358045651763818,88.20505564987738
"1,2,2,0,0,2,2,NA,NA",1,0.002358045651763818,88.20741369552914
"2,2,0,NA,1,NA,NA,NA,2",1,0.002358045651763818,88.20977174118092
"2,2,NA,NA,2,2,2,0,2",1,0.002358045651763818,88.21212978683268
"2,2,2,NA,NA,NA,0,2,1",1,0.002358045651763818,88.21448783248444
"2,1,2,1,2,NA,NA,NA,NA",1,0.002358045651763818,88.2168458781362
"2,2,NA,1,2,2,1,2,2",1,0.002358045651763818,88.21920392378797
"2,0,2,0,2,2,NA,0,NA",1,0.002358045651763818,88.22156196943973
"0,1,1,2,2,2,2,NA,2",1,0.002358045651763818,88.2239200150915
"NA,NA,NA,2,1,1,0,NA,0",1,0.002358045651763818,88.22627806074325
"NA,NA,2,NA,2,1,NA,NA,NA",1,0.002358045651763818,88.22863610639502
"2,NA,2,0,NA,2,2,NA,NA",1,0.002358045651763818,88.23099415204678
"0,NA,2,2,1,2,0,2,NA",1,0.002358045651763818,88.23335219769855
"NA,1,1,2,2,2,2,2,NA",1,0.002358045651763818,88.23571024335031
"0,NA,NA,1,1,2,2,NA,1",1,0.002358045651763818,88.23806828900207
"1,2,1,2,2,0,0,NA,NA",1,0.002358045651763818,88.24042633465385
"2,1,NA,0,2,0,2,NA,2",1,0.002358045651763818,88.24278438030561
"NA,0,1,NA,NA,2,2,2,NA",1,0.002358045651763818,88.24514242595737
"2,NA,2,NA,1,NA,NA,1,NA",1,0.002358045651763818,88.24750047160913
"2,2,NA,1,0,2,2,NA,2",1,0.002358045651763818,88.24985851726089
"1,0,NA,1,2,2,2,NA,2",1,0.002358045651763818,88.25221656291265
"1,2,0,2,0,2,2,NA,2",1,0.002358045651763818,88.25457460856441
"2,1,NA,NA,2,2,1,NA,2",1,0.002358045651763818,88.25693265421619
"NA,0,1,2,2,NA,NA,2,2",1,0.002358045651763818,88.25929069986796
"0,2,2,1,2,1,NA,0,NA",1,0.002358045651763818,88.26164874551972
"NA,NA,2,NA,1,2,2,2,NA",1,0.002358045651763818,88.26400679117148
"2,NA,2,2,1,2,2,1,2",1,0.002358045651763818,88.26636483682324
"NA,0,NA,2,2,1,0,NA,NA",1,0.002358045651763818,88.268722882475
"NA,2,1,2,2,0,0,NA,2",1,0.002358045651763818,88.27108092812676
"2,2,2,2,1,0,2,1,2",1,0.002358045651763818,88.27343897377852
"1,1,NA,2,2,NA,2,1,0",1,0.002358045651763818,88.27579701943029
"2,2,NA,NA,2,NA,NA,0,NA",1,0.002358045651763818,88.27815506508206
"0,2,2,1,1,2,0,2,1",1,0.002358045651763818,88.28051311073382
"2,2,1,NA,NA,NA,NA,1,1",1,0.002358045651763818,88.2828711563856
"2,NA,NA,2,2,NA,0,0,2",1,0.002358045651763818,88.28522920203736
"2,1,NA,0,2,NA,1,0,NA",1,0.002358045651763818,88.28758724768912
"NA,0,NA,0,1,NA,2,NA,2",1,0.002358045651763818,88.28994529334088
"2,0,NA,0,0,2,1,NA,NA",1,0.002358045651763818,88.29230333899264
"NA,0,NA,0,0,2,2,0,2",1,0.002358045651763818,88.2946613846444
"2,1,2,NA,NA,2,2,NA,NA",1,0.002358045651763818,88.29701943029617
"0,2,0,2,2,NA,0,2,2",1,0.002358045651763818,88.29937747594794
"2,1,0,2,0,2,2,2,NA",1,0.002358045651763818,88.3017355215997
"NA,NA,0,2,2,2,NA,1,NA",1,0.002358045651763818,88.30409356725146
"NA,2,2,NA,NA,NA,NA,2,0",1,0.002358045651763818,88.30645161290323
"2,2,2,0,2,NA,2,NA,1",1,0.002358045651763818,88.30880965855499
"2,0,NA,1,2,NA,1,2,NA",1,0.002358045651763818,88.31116770420675
"0,NA,NA,NA,2,NA,NA,NA,2",1,0.002358045651763818,88.31352574985851
"2,NA,0,NA,NA,NA,1,1,NA",1,0.002358045651763818,88.31588379551029
"NA,0,2,1,NA,0,2,2,NA",1,0.002358045651763818,88.31824184116205
"0,2,NA,2,0,2,0,NA,NA",1,0.002358045651763818,88.32059988681381
"2,NA,NA,NA,1,2,NA,2,2",1,0.002358045651763818,88.32295793246557
"NA,0,NA,2,NA,NA,NA,1,NA",1,0.002358045651763818,88.32531597811733
"2,2,1,2,2,NA,1,1,NA",1,0.002358045651763818,88.32767402376909
"NA,1,NA,2,2,0,NA,NA,1",1,0.002358045651763818,88.33003206942087
"2,2,0,NA,2,NA,NA,NA,NA",1,0.002358045651763818,88.33239011507263
"0,2,NA,2,2,2,2,2,1",1,0.002358045651763818,88.3347481607244
"2,2,2,1,2,NA,2,1,1",1,0.002358045651763818,88.33710620637616
"0,NA,NA,NA,NA,NA,2,1,0",1,0.002358045651763818,88.33946425202792
"NA,1,2,2,1,2,NA,NA,1",1,0.002358045651763818,88.34182229767968
"2,NA,0,0,0,2,2,NA,2",1,0.002358045651763818,88.34418034333144
"1,2,1,2,2,1,1,NA,NA",1,0.002358045651763818,88.3465383889832
"2,1,2,2,0,2,1,NA,2",1,0.002358045651763818,88.34889643463497
"2,2,1,0,1,1,2,2,1",1,0.002358045651763818,88.35125448028674
"NA,1,NA,2,2,NA,NA,NA,0",1,0.002358045651763818,88.3536125259385
"2,2,1,NA,NA,2,0,2,NA",1,0.002358045651763818,88.35597057159028
"2,NA,1,2,2,2,0,1,NA",1,0.002358045651763818,88.35832861724204
"1,1,0,2,2,1,2,NA,0",1,0.002358045651763818,88.3606866628938
"NA,1,2,NA,2,NA,2,NA,NA",1,0.002358045651763818,88.36304470854556
"1,NA,2,0,NA,2,2,NA,2",1,0.002358045651763818,88.36540275419732
"NA,NA,NA,1,0,2,0,NA,NA",1,0.002358045651763818,88.36776079984908
"2,2,2,0,0,1,2,2,NA",1,0.002358045651763818,88.37011884550084
"NA,NA,NA,0,NA,0,1,2,1",1,0.002358045651763818,88.37247689115262
"0,NA,2,NA,NA,NA,2,1,NA",1,0.002358045651763818,88.37483493680438
"0,0,1,NA,NA,NA,NA,1,1",1,0.002358045651763818,88.37719298245614
"NA,2,NA,1,1,NA,0,2,0",1,0.002358045651763818,88.37955102810791
"NA,2,2,2,2,NA,NA,1,NA",1,0.002358045651763818,88.38190907375967
"1,1,NA,2,2,1,0,NA,NA",1,0.002358045651763818,88.38426711941143
"2,2,0,0,2,NA,0,0,0",1,0.002358045651763818,88.3866251650632
"NA,2,NA,1,NA,2,NA,NA,2",1,0.002358045651763818,88.38898321071495
"NA,1,0,2,2,2,NA,NA,2",1,0.002358045651763818,88.39134125636672
"NA,2,NA,0,0,2,2,2,NA",1,0.002358045651763818,88.39369930201849
"2,2,0,0,2,NA,0,0,2",1,0.002358045651763818,88.39605734767025
"2,0,1,2,1,2,2,1,NA",1,0.002358045651763818,88.39841539332201
"2,2,0,2,1,2,2,0,2",1,0.002358045651763818,88.40077343897377
"NA,NA,2,1,NA,NA,1,2,1",1,0.002358045651763818,88.40313148462555
"NA,NA,2,0,0,NA,0,0,NA",1,0.002358045651763818,88.40548953027731
"0,2,2,2,2,2,0,1,2",1,0.002358045651763818,88.40784757592907
"NA,1,NA,0,2,2,2,NA,2",1,0.002358045651763818,88.41020562158083
"1,2,2,NA,0,NA,2,2,NA",1,0.002358045651763818,88.4125636672326
"NA,2,0,0,0,2,0,0,NA",1,0.002358045651763818,88.41492171288436
"2,1,NA,1,1,0,NA,NA,NA",1,0.002358045651763818,88.41727975853613
"0,1,NA,2,1,2,NA,NA,NA",1,0.002358045651763818,88.41963780418789
"1,1,NA,1,1,NA,2,NA,2",1,0.002358045651763818,88.42199584983965
"0,2,2,NA,NA,NA,0,2,NA",1,0.002358045651763818,88.42435389549141
"NA,2,2,2,2,0,NA,NA,1",1,0.002358045651763818,88.42671194114318
"2,NA,1,2,2,0,1,2,NA",1,0.002358045651763818,88.42906998679494
"NA,2,2,2,NA,NA,NA,0,NA",1,0.002358045651763818,88.43142803244672
"2,0,1,1,1,2,2,2,1",1,0.002358045651763818,88.43378607809848
"1,2,0,2,0,NA,2,1,0",1,0.002358045651763818,88.43614412375024
"2,1,NA,0,0,2,2,0,NA",1,0.002358045651763818,88.438502169402
"1,0,NA,0,NA,NA,NA,0,NA",1,0.002358045651763818,88.44086021505376
"1,1,2,0,NA,NA,2,0,2",1,0.002358045651763818,88.44321826070552
"1,2,NA,2,2,2,1,NA,NA",1,0.002358045651763818,88.44557630635728
"2,1,2,NA,NA,2,2,1,NA",1,0.002358045651763818,88.44793435200906
"2,2,NA,2,2,NA,NA,2,0",1,0.002358045651763818,88.45029239766082
"2,2,NA,0,2,0,NA,2,NA",1,0.002358045651763818,88.45265044331259
"2,NA,NA,NA,2,1,NA,NA,2",1,0.002358045651763818,88.45500848896435
"1,NA,NA,2,2,NA,0,NA,2",1,0.002358045651763818,88.45736653461611
"2,2,1,2,2,2,0,0,2",1,0.002358045651763818,88.45972458026787
"1,1,NA,0,0,2,0,NA,0",1,0.002358045651763818,88.46208262591963
"0,2,1,2,0,0,NA,NA,NA",1,0.002358045651763818,88.4644406715714
"2,2,NA,2,1,NA,NA,2,NA",1,0.002358045651763818,88.46679871722316
"NA,2,1,NA,NA,0,2,2,NA",1,0.002358045651763818,88.46915676287493
"2,NA,0,0,NA,2,0,0,NA",1,0.002358045651763818,88.47151480852669
"2,1,2,0,0,2,1,0,NA",1,0.002358045651763818,88.47387285417845
"0,1,0,0,2,2,0,NA,NA",1,0.002358045651763818,88.47623089983023
"2,0,2,1,2,0,2,2,NA",1,0.002358045651763818,88.47858894548199
"NA,2,0,0,NA,NA,NA,0,NA",1,0.002358045651763818,88.48094699113375
"NA,NA,NA,1,1,0,0,NA,NA",1,0.002358045651763818,88.48330503678551
"2,1,NA,2,0,2,2,0,0",1,0.002358045651763818,88.48566308243727
"1,1,NA,NA,0,NA,NA,NA,NA",1,0.002358045651763818,88.48802112808904
"2,NA,2,2,NA,NA,0,NA,2",1,0.002358045651763818,88.4903791737408
"0,2,2,NA,NA,2,2,1,1",1,0.002358045651763818,88.49273721939257
"2,2,1,0,0,NA,0,NA,2",1,0.002358045651763818,88.49509526504433
"NA,1,1,0,2,2,2,2,NA",1,0.002358045651763818,88.4974533106961
"2,2,0,2,1,2,1,1,NA",1,0.002358045651763818,88.49981135634786
"2,2,2,1,2,2,1,1,0",1,0.002358045651763818,88.50216940199962
"2,2,2,2,0,NA,2,2,1",1,0.002358045651763818,88.50452744765138
"2,2,2,NA,1,1,2,NA,NA",1,0.002358045651763818,88.50688549330316
"NA,2,NA,2,0,0,0,2,NA",1,0.002358045651763818,88.50924353895492
"NA,NA,1,NA,2,1,2,NA,0",1,0.002358045651763818,88.51160158460668
"0,2,NA,2,2,NA,0,NA,0",1,0.002358045651763818,88.51395963025844
"1,1,2,1,2,NA,2,NA,NA",1,0.002358045651763818,88.5163176759102
"2,2,2,1,NA,0,2,1,2",1,0.002358045651763818,88.51867572156196
"2,0,2,0,0,1,2,NA,2",1,0.002358045651763818,88.52103376721374
"NA,2,NA,2,0,NA,2,2,0",1,0.002358045651763818,88.5233918128655
"2,2,NA,NA,2,1,NA,NA,NA",1,0.002358045651763818,88.52574985851727
"NA,2,2,2,1,1,2,2,NA",1,0.002358045651763818,88.52810790416903
"0,1,1,2,2,2,2,NA,NA",1,0.002358045651763818,88.5304659498208
"1,1,2,2,2,2,1,2,0",1,0.002358045651763818,88.53282399547255
"NA,2,NA,NA,2,2,2,0,2",1,0.002358045651763818,88.53518204112432
"0,1,0,0,0,NA,0,1,NA",1,0.002358045651763818,88.53754008677608
"2,NA,2,2,1,1,NA,NA,1",1,0.002358045651763818,88.53989813242784
"NA,2,1,NA,2,2,0,NA,NA",1,0.002358045651763818,88.5422561780796
"NA,NA,NA,2,2,NA,1,2,NA",1,0.002358045651763818,88.54461422373137
"2,NA,NA,1,2,2,NA,NA,2",1,0.002358045651763818,88.54697226938313
"2,1,2,2,2,2,0,NA,1",1,0.002358045651763818,88.54933031503491
"1,NA,NA,2,1,0,2,NA,1",1,0.002358045651763818,88.55168836068667
"NA,0,2,0,NA,NA,NA,NA,NA",1,0.002358045651763818,88.55404640633843
"NA,NA,0,1,NA,NA,NA,NA,NA",1,0.002358045651763818,88.55640445199019
"0,2,1,2,2,0,NA,NA,NA",1,0.002358045651763818,88.55876249764195
"0,2,2,2,2,1,0,2,0",1,0.002358045651763818,88.56112054329371
"2,NA,0,2,1,2,0,NA,NA",1,0.002358045651763818,88.56347858894547
"1,1,2,2,2,NA,2,NA,0",1,0.002358045651763818,88.56583663459725
"NA,NA,NA,0,2,1,NA,NA,2",1,0.002358045651763818,88.56819468024901
"2,2,2,2,1,1,2,2,NA",1,0.002358045651763818,88.57055272590077
"NA,1,1,1,2,2,2,1,NA",1,0.002358045651763818,88.57291077155254
"1,NA,NA,NA,NA,NA,2,NA,0",1,0.002358045651763818,88.5752688172043
"2,2,NA,NA,2,0,NA,2,NA",1,0.002358045651763818,88.57762686285606
"2,2,1,1,2,2,2,0,1",1,0.002358045651763818,88.57998490850783
"NA,NA,NA,NA,NA,0,NA,2,1",1,0.002358045651763818,88.58234295415959
"2,2,2,2,1,1,0,0,2",1,0.002358045651763818,88.58470099981136
"0,1,2,1,1,1,1,NA,2",1,0.002358045651763818,88.58705904546312
"2,2,NA,NA,1,NA,NA,1,NA",1,0.002358045651763818,88.58941709111488
"2,1,2,2,2,0,1,0,2",1,0.002358045651763818,88.59177513676664
"NA,NA,NA,0,NA,NA,2,2,2",1,0.002358045651763818,88.59413318241842
"NA,1,2,0,0,2,0,NA,NA",1,0.002358045651763818,88.59649122807018
"0,NA,1,1,2,0,1,2,2",1,0.002358045651763818,88.59884927372194
"2,1,NA,2,2,1,2,NA,2",1,0.002358045651763818,88.6012073193737
"NA,2,NA,2,NA,1,2,NA,NA",1,0.002358045651763818,88.60356536502547
"2,NA,2,1,1,2,1,NA,2",1,0.002358045651763818,88.60592341067724
"0,2,1,2,2,0,NA,0,0",1,0.002358045651763818,88.608281456329
"2,2,0,0,2,2,1,2,2",1,0.002358045651763818,88.61063950198076
"0,2,0,1,1,2,2,2,2",1,0.002358045651763818,88.61299754763252
"2,1,2,2,1,1,2,2,NA",1,0.002358045651763818,88.61535559328428
"0,2,NA,NA,NA,1,2,1,NA",1,0.002358045651763818,88.61771363893605
"2,2,2,0,0,2,0,0,NA",1,0.002358045651763818,88.62007168458781
"2,NA,NA,2,NA,2,2,NA,0",1,0.002358045651763818,88.62242973023959
"2,0,2,2,2,1,NA,2,2",1,0.002358045651763818,88.62478777589135
"1,1,0,0,0,1,0,NA,NA",1,0.002358045651763818,88.62714582154311
"2,NA,1,0,2,NA,0,NA,1",1,0.002358045651763818,88.62950386719487
"2,2,2,1,0,NA,NA,2,NA",1,0.002358045651763818,88.63186191284663
"NA,0,2,2,1,2,0,NA,2",1,0.002358045651763818,88.63421995849839
"NA,0,NA,2,2,1,2,NA,0",1,0.002358045651763818,88.63657800415015
"2,2,2,NA,1,NA,0,2,NA",1,0.002358045651763818,88.63893604980191
"0,0,NA,NA,1,NA,1,NA,1",1,0.002358045651763818,88.64129409545369
"NA,NA,NA,2,2,NA,NA,0,1",1,0.002358045651763818,88.64365214110546
"NA,2,1,2,2,0,2,2,NA",1,0.002358045651763818,88.64601018675722
"2,1,2,2,0,NA,2,2,NA",1,0.002358045651763818,88.64836823240898
"2,NA,2,1,1,2,1,1,1",1,0.002358045651763818,88.65072627806074
"1,NA,NA,NA,NA,NA,0,2,NA",1,0.002358045651763818,88.6530843237125
"NA,NA,2,0,NA,2,2,NA,NA",1,0.002358045651763818,88.65544236936427
"2,1,2,2,0,2,0,0,1",1,0.002358045651763818,88.65780041501603
"2,2,2,NA,0,NA,2,NA,2",1,0.002358045651763818,88.6601584606678
"2,0,NA,0,2,NA,2,0,0",1,0.002358045651763818,88.66251650631956
"1,1,1,1,2,NA,2,NA,1",1,0.002358045651763818,88.66487455197132
"2,2,2,0,2,2,2,2,1",1,0.002358045651763818,88.6672325976231
"2,1,2,2,0,1,2,2,NA",1,0.002358045651763818,88.66959064327486
"0,0,NA,NA,0,2,2,NA,NA",1,0.002358045651763818,88.67194868892662
"1,0,2,1,1,2,0,NA,NA",1,0.002358045651763818,88.67430673457838
"NA,2,NA,NA,1,2,NA,NA,NA",1,0.002358045651763818,88.67666478023014
"1,1,2,2,0,2,NA,2,0",1,0.002358045651763818,88.6790228258819
"0,0,NA,1,2,NA,2,NA,NA",1,0.002358045651763818,88.68138087153368
"1,NA,NA,NA,1,NA,NA,NA,NA",1,0.002358045651763818,88.68373891718544
"NA,NA,0,NA,NA,NA,NA,2,1",1,0.002358045651763818,88.6860969628372
"0,NA,1,1,1,NA,NA,2,1",1,0.002358045651763818,88.68845500848896
"0,NA,NA,2,1,NA,0,NA,NA",1,0.002358045651763818,88.69081305414073
"2,2,0,2,0,0,2,1,2",1,0.002358045651763818,88.6931710997925
"2,1,NA,0,0,NA,NA,NA,2",1,0.002358045651763818,88.69552914544425
"NA,2,2,2,0,NA,NA,0,NA",1,0.002358045651763818,88.69788719109602
"NA,1,2,2,NA,1,NA,1,NA",1,0.002358045651763818,88.70024523674779
"2,NA,2,0,2,NA,NA,2,1",1,0.002358045651763818,88.70260328239955
"2,2,2,0,1,NA,NA,NA,NA",1,0.002358045651763818,88.70496132805131
"0,2,2,NA,NA,0,NA,NA,NA",1,0.002358045651763818,88.70731937370307
"1,NA,0,0,0,2,0,2,NA",1,0.002358045651763818,88.70967741935483
"1,1,NA,0,NA,2,NA,NA,NA",1,0.002358045651763818,88.7120354650066
"2,1,2,1,2,NA,0,NA,1",1,0.002358045651763818,88.71439351065837
"NA,2,2,0,2,2,NA,0,NA",1,0.002358045651763818,88.71675155631013
"0,1,NA,2,1,NA,1,2,2",1,0.002358045651763818,88.7191096019619
"0,2,2,2,2,1,0,NA,NA",1,0.002358045651763818,88.72146764761366
"NA,0,2,NA,NA,2,1,2,NA",1,0.002358045651763818,88.72382569326543
"0,2,0,2,2,2,NA,1,2",1,0.002358045651763818,88.72618373891719
"0,0,2,2,2,NA,0,1,2",1,0.002358045651763818,88.72854178456895
"0,1,2,NA,NA,2,2,NA,NA",1,0.002358045651763818,88.73089983022071
"2,1,0,0,2,NA,0,2,NA",1,0.002358045651763818,88.73325787587247
"NA,NA,0,NA,NA,1,0,NA,NA",1,0.002358045651763818,88.73561592152424
"0,0,NA,2,2,0,2,NA,1",1,0.002358045651763818,88.737973967176
"NA,2,NA,0,2,0,0,NA,1",1,0.002358045651763818,88.74033201282778
"0,2,0,2,1,NA,2,NA,0",1,0.002358045651763818,88.74269005847954
"2,0,1,2,1,1,1,2,2",1,0.002358045651763818,88.7450481041313
"NA,0,1,NA,NA,0,NA,NA,NA",1,0.002358045651763818,88.74740614978306
"0,2,NA,0,NA,NA,2,NA,NA",1,0.002358045651763818,88.74976419543482
"0,NA,NA,NA,NA,NA,2,0,0",1,0.002358045651763818,88.75212224108658
"1,2,2,NA,NA,2,2,2,2",1,0.002358045651763818,88.75448028673834
"NA,NA,NA,2,0,1,0,NA,2",1,0.002358045651763818,88.75683833239012
"2,1,0,0,0,NA,2,NA,NA",1,0.002358045651763818,88.75919637804188
"2,2,NA,NA,2,NA,NA,1,2",1,0.002358045651763818,88.76155442369364
"0,0,0,2,2,2,0,NA,2",1,0.002358045651763818,88.76391246934541
"0,0,0,1,1,2,1,2,2",1,0.002358045651763818,88.76627051499717
"1,2,NA,0,2,2,0,NA,2",1,0.002358045651763818,88.76862856064893
"NA,2,2,1,1,0,0,2,NA",1,0.002358045651763818,88.7709866063007
"NA,NA,NA,1,0,NA,2,0,0",1,0.002358045651763818,88.77334465195246
"2,2,NA,2,0,1,2,NA,NA",1,0.002358045651763818,88.77570269760423
"0,1,0,0,0,2,2,2,2",1,0.002358045651763818,88.77806074325599
"NA,NA,NA,2,1,1,0,NA,NA",1,0.002358045651763818,88.78041878890775
"1,NA,NA,1,NA,2,NA,2,NA",1,0.002358045651763818,88.78277683455951
"2,2,0,1,2,2,2,NA,NA",1,0.002358045651763818,88.78513488021127
"2,NA,NA,NA,NA,0,1,NA,2",1,0.002358045651763818,88.78749292586305
"1,1,2,2,1,2,1,2,1",1,0.002358045651763818,88.78985097151481
"2,1,0,2,2,NA,2,0,0",1,0.002358045651763818,88.79220901716657
"2,0,NA,NA,2,NA,2,2,NA",1,0.002358045651763818,88.79456706281834
"0,NA,NA,2,0,1,2,NA,2",1,0.002358045651763818,88.7969251084701
"2,2,2,2,1,2,0,1,0",1,0.002358045651763818,88.79928315412187
"2,NA,NA,1,1,2,1,1,1",1,0.002358045651763818,88.80164119977363
"NA,2,2,NA,NA,0,1,1,NA",1,0.002358045651763818,88.80399924542539
"2,1,0,2,2,NA,NA,0,NA",1,0.002358045651763818,88.80635729107715
"NA,2,2,0,2,2,2,2,2",1,0.002358045651763818,88.80871533672891
"1,NA,0,2,1,2,NA,NA,NA",1,0.002358045651763818,88.81107338238068
"NA,1,1,1,2,2,1,2,1",1,0.002358045651763818,88.81343142803246
"1,2,0,2,2,NA,0,NA,0",1,0.002358045651763818,88.81578947368422
"2,2,NA,2,0,NA,NA,0,NA",1,0.002358045651763818,88.81814751933598
"NA,2,2,1,1,2,0,2,NA",1,0.002358045651763818,88.82050556498774
"1,2,2,NA,0,NA,2,2,1",1,0.002358045651763818,88.8228636106395
"1,NA,2,NA,NA,2,2,NA,NA",1,0.002358045651763818,88.82522165629126
"0,2,2,NA,NA,NA,1,1,1",1,0.002358045651763818,88.82757970194302
"0,2,NA,NA,NA,0,2,NA,NA",1,0.002358045651763818,88.82993774759478
"NA,2,2,2,0,1,NA,2,NA",1,0.002358045651763818,88.83229579324656
"1,0,0,2,1,2,2,NA,NA",1,0.002358045651763818,88.83465383889832
"1,1,2,0,2,0,2,0,NA",1,0.002358045651763818,88.8370118845501
"2,NA,0,0,NA,2,2,2,NA",1,0.002358045651763818,88.83936993020185
"2,0,NA,0,2,NA,2,NA,2",1,0.002358045651763818,88.84172797585362
"NA,1,0,NA,0,2,0,0,NA",1,0.002358045651763818,88.84408602150538
"1,0,2,0,2,2,NA,2,1",1,0.002358045651763818,88.84644406715714
"NA,1,2,2,2,0,2,NA,NA",1,0.002358045651763818,88.8488021128089
"0,NA,NA,1,1,2,2,1,NA",1,0.002358045651763818,88.85116015846066
"1,1,NA,2,0,1,NA,NA,0",1,0.002358045651763818,88.85351820411243
"2,0,NA,1,2,NA,2,NA,1",1,0.002358045651763818,88.8558762497642
"0,1,2,1,1,2,2,1,1",1,0.002358045651763818,88.85823429541595
"2,1,0,0,0,NA,2,0,NA",1,0.002358045651763818,88.86059234106773
"NA,2,1,1,1,2,1,NA,NA",1,0.002358045651763818,88.86295038671949
"1,1,1,2,2,0,0,NA,NA",1,0.002358045651763818,88.86530843237125
"NA,2,2,1,NA,2,NA,2,NA",1,0.002358045651763818,88.86766647802301
"2,NA,NA,NA,2,0,1,2,1",1,0.002358045651763818,88.87002452367477
"2,0,NA,NA,0,2,NA,NA,NA",1,0.002358045651763818,88.87238256932655
"NA,2,1,1,2,2,2,2,2",1,0.002358045651763818,88.87474061497831
"2,0,NA,NA,NA,NA,NA,NA,0",1,0.002358045651763818,88.87709866063007
"2,0,NA,NA,NA,NA,0,NA,1",1,0.002358045651763818,88.87945670628183
"NA,NA,0,0,NA,NA,1,NA,NA",1,0.002358045651763818,88.8818147519336
"2,NA,NA,NA,NA,1,2,NA,2",1,0.002358045651763818,88.88417279758536
"0,0,2,1,2,2,2,NA,2",1,0.002358045651763818,88.88653084323713
"2,2,0,2,2,1,0,0,NA",1,0.002358045651763818,88.88888888888889
"NA,2,2,0,0,2,1,2,0",1,0.002358045651763818,88.89124693454066
"NA,2,2,2,2,2,0,NA,0",1,0.002358045651763818,88.89360498019242
"0,0,2,NA,1,NA,NA,NA,NA",1,0.002358045651763818,88.89596302584418
"1,0,2,2,2,2,2,2,NA",1,0.002358045651763818,88.89832107149594
"2,1,NA,2,2,2,0,0,2",1,0.002358045651763818,88.9006791171477
"NA,0,NA,0,2,1,NA,NA,2",1,0.002358045651763818,88.90303716279946
"2,2,NA,NA,1,NA,1,NA,NA",1,0.002358045651763818,88.90539520845124
"2,2,1,2,NA,0,2,2,NA",1,0.002358045651763818,88.907753254103
"2,2,NA,1,2,NA,2,NA,0",1,0.002358045651763818,88.91011129975477
"NA,1,2,0,0,2,0,2,NA",1,0.002358045651763818,88.91246934540654
"0,2,2,2,1,2,1,NA,NA",1,0.002358045651763818,88.9148273910583
"2,2,0,2,2,NA,2,2,NA",1,0.002358045651763818,88.91718543671006
"1,1,NA,2,2,NA,2,1,NA",1,0.002358045651763818,88.91954348236182
"2,2,0,2,1,2,2,2,NA",1,0.002358045651763818,88.92190152801358
"2,2,1,0,0,0,2,2,NA",1,0.002358045651763818,88.92425957366534
"2,2,2,2,NA,2,2,1,NA",1,0.002358045651763818,88.9266176193171
"0,NA,2,2,2,1,NA,2,NA",1,0.002358045651763818,88.92897566496887
"NA,NA,NA,2,1,NA,NA,0,NA",1,0.002358045651763818,88.93133371062063
"0,2,NA,1,1,NA,1,NA,2",1,0.002358045651763818,88.93369175627241
"NA,2,2,2,0,0,0,NA,NA",1,0.002358045651763818,88.93604980192417
"2,1,0,2,0,2,NA,0,NA",1,0.002358045651763818,88.93840784757593
"2,2,1,0,0,1,2,2,0",1,0.002358045651763818,88.94076589322769
"0,0,2,NA,NA,NA,2,NA,NA",1,0.002358045651763818,88.94312393887945
"2,0,NA,NA,0,NA,1,NA,NA",1,0.002358045651763818,88.94548198453121
"2,2,NA,NA,1,0,2,NA,NA",1,0.002358045651763818,88.94784003018299
"0,NA,2,2,1,NA,1,NA,NA",1,0.002358045651763818,88.95019807583475
"0,NA,NA,0,2,NA,2,NA,2",1,0.002358045651763818,88.95255612148651
"0,1,2,2,2,0,2,0,NA",1,0.002358045651763818,88.95491416713827
"1,2,2,0,0,NA,0,0,2",1,0.002358045651763818,88.95727221279004
"NA,NA,2,0,1,2,0,0,NA",1,0.002358045651763818,88.9596302584418
"NA,2,NA,0,2,NA,0,2,2",1,0.002358045651763818,88.96198830409357
"0,2,1,1,2,1,2,NA,NA",1,0.002358045651763818,88.96434634974533
"0,0,0,2,2,2,2,0,2",1,0.002358045651763818,88.9667043953971
"NA,NA,NA,0,0,2,1,NA,0",1,0.002358045651763818,88.96906244104886
"1,0,1,2,2,NA,NA,NA,NA",1,0.002358045651763818,88.97142048670062
"2,NA,2,1,2,2,2,NA,NA",1,0.002358045651763818,88.97377853235238
"0,2,NA,NA,NA,NA,0,NA,1",1,0.002358045651763818,88.97613657800414
"NA,2,1,0,2,0,0,NA,NA",1,0.002358045651763818,88.97849462365592
"2,0,2,NA,0,NA,NA,1,NA",1,0.002358045651763818,88.98085266930768
"0,2,2,NA,NA,NA,2,2,0",1,0.002358045651763818,88.98321071495944
"2,1,NA,NA,NA,NA,2,2,NA",1,0.002358045651763818,88.9855687606112
"NA,0,NA,1,0,NA,NA,NA,NA",1,0.002358045651763818,88.98792680626298
"2,2,2,0,2,NA,0,0,NA",1,0.002358045651763818,88.99028485191474
"2,0,2,2,1,NA,2,2,1",1,0.002358045651763818,88.9926428975665
"2,NA,NA,NA,1,NA,NA,1,NA",1,0.002358045651763818,88.99500094321826
"2,1,1,2,1,1,2,2,1",1,0.002358045651763818,88.99735898887002
"NA,0,0,1,2,2,2,2,2",1,0.002358045651763818,88.99971703452178
"0,NA,NA,NA,NA,2,2,0,NA",1,0.002358045651763818,89.00207508017355
"1,NA,2,2,0,1,2,2,NA",1,0.002358045651763818,89.00443312582532
"NA,NA,NA,1,0,0,NA,NA,1",1,0.002358045651763818,89.00679117147709
"2,NA,NA,NA,NA,NA,2,1,NA",1,0.002358045651763818,89.00914921712885
"NA,2,1,2,2,2,NA,0,1",1,0.002358045651763818,89.01150726278061
"NA,2,1,NA,NA,NA,1,NA,1",1,0.002358045651763818,89.01386530843237
"2,NA,NA,0,2,NA,0,NA,2",1,0.002358045651763818,89.01622335408413
"NA,2,2,1,2,0,2,2,1",1,0.002358045651763818,89.0185813997359
"NA,1,1,1,1,NA,2,NA,2",1,0.002358045651763818,89.02093944538765
"0,0,2,2,2,2,2,1,NA",1,0.002358045651763818,89.02329749103941
"NA,NA,NA,2,NA,1,1,NA,0",1,0.002358045651763818,89.02565553669119
"NA,2,0,NA,2,NA,NA,2,NA",1,0.002358045651763818,89.02801358234296
"NA,2,2,0,NA,0,NA,0,0",1,0.002358045651763818,89.03037162799473
"2,0,2,NA,1,NA,2,NA,NA",1,0.002358045651763818,89.03272967364649
"0,0,0,2,0,2,2,2,2",1,0.002358045651763818,89.03508771929825
"2,2,2,NA,0,0,1,NA,2",1,0.002358045651763818,89.03744576495001
"2,NA,NA,2,NA,0,2,0,0",1,0.002358045651763818,89.03980381060177
"2,1,2,1,2,2,1,2,NA",1,0.002358045651763818,89.04216185625353
"2,2,0,0,2,2,2,NA,0",1,0.002358045651763818,89.0445199019053
"1,2,NA,2,2,1,2,1,2",1,0.002358045651763818,89.04687794755706
"0,NA,0,NA,NA,2,2,0,NA",1,0.002358045651763818,89.04923599320882
"2,NA,NA,1,1,NA,NA,2,2",1,0.002358045651763818,89.0515940388606
"NA,NA,0,NA,NA,0,0,1,NA",1,0.002358045651763818,89.05395208451236
"1,NA,NA,2,2,NA,0,2,2",1,0.002358045651763818,89.05631013016412
"1,2,2,1,2,2,1,NA,NA",1,0.002358045651763818,89.05866817581588
"0,2,NA,0,0,NA,NA,NA,0",1,0.002358045651763818,89.06102622146764
"NA,NA,1,NA,NA,2,2,0,2",1,0.002358045651763818,89.06338426711942
"0,2,NA,2,0,NA,2,0,NA",1,0.002358045651763818,89.06574231277118
"2,NA,1,2,2,0,2,2,1",1,0.002358045651763818,89.06810035842294
"NA,2,NA,2,2,2,0,NA,1",1,0.002358045651763818,89.0704584040747
"2,NA,2,NA,NA,2,2,NA,1",1,0.002358045651763818,89.07281644972646
"0,0,0,2,2,1,1,NA,NA",1,0.002358045651763818,89.07517449537823
"2,2,NA,1,NA,NA,2,2,1",1,0.002358045651763818,89.07753254103
"NA,2,1,1,2,2,2,1,1",1,0.002358045651763818,89.07989058668176
"2,0,2,NA,2,2,2,2,2",1,0.002358045651763818,89.08224863233353
"0,0,NA,NA,NA,NA,NA,0,NA",1,0.002358045651763818,89.08460667798529
"2,2,1,0,1,2,1,NA,0",1,0.002358045651763818,89.08696472363705
"2,2,2,1,NA,NA,NA,2,1",1,0.002358045651763818,89.08932276928881
"NA,NA,2,NA,NA,NA,NA,1,1",1,0.002358045651763818,89.09168081494057
"2,0,2,0,2,NA,2,2,2",1,0.002358045651763818,89.09403886059233
"2,2,2,2,0,2,NA,0,NA",1,0.002358045651763818,89.0963969062441
"0,2,NA,0,2,NA,NA,NA,1",1,0.002358045651763818,89.09875495189587
"NA,1,NA,NA,NA,NA,2,1,NA",1,0.002358045651763818,89.10111299754763
"2,1,NA,2,1,NA,2,1,2",1,0.002358045651763818,89.1034710431994
"2,2,NA,2,NA,NA,2,NA,0",1,0.002358045651763818,89.10582908885117
"0,NA,0,2,2,NA,2,NA,2",1,0.002358045651763818,89.10818713450293
"0,NA,2,2,2,NA,NA,2,NA",1,0.002358045651763818,89.11054518015469
"2,0,2,0,NA,1,2,NA,NA",1,0.002358045651763818,89.11290322580645
"2,1,2,2,2,2,0,2,1",1,0.002358045651763818,89.11526127145821
"NA,NA,NA,2,0,2,0,2,0",1,0.002358045651763818,89.11761931710997
"2,2,NA,1,2,2,1,NA,0",1,0.002358045651763818,89.11997736276174
"2,2,NA,NA,NA,NA,2,1,1",1,0.002358045651763818,89.1223354084135
"2,0,0,1,2,1,2,NA,0",1,0.002358045651763818,89.12469345406528
"NA,2,NA,2,1,2,2,NA,0",1,0.002358045651763818,89.12705149971704
"NA,NA,0,2,2,2,NA,0,NA",1,0.002358045651763818,89.1294095453688
"1,2,NA,1,2,1,NA,NA,0",1,0.002358045651763818,89.13176759102056
"NA,2,2,1,2,NA,2,2,2",1,0.002358045651763818,89.13412563667232
"2,2,2,1,2,1,NA,2,1",1,0.002358045651763818,89.13648368232408
"NA,1,0,2,0,2,0,NA,NA",1,0.002358045651763818,89.13884172797584
"2,1,NA,0,2,2,2,0,2",1,0.002358045651763818,89.14119977362762
"0,1,NA,2,0,NA,0,NA,0",1,0.002358045651763818,89.14355781927938
"0,2,0,2,0,2,0,2,0",1,0.002358045651763818,89.14591586493114
"NA,2,2,2,2,0,1,2,2",1,0.002358045651763818,89.14827391058292
"1,NA,NA,NA,NA,1,0,NA,NA",1,0.002358045651763818,89.15063195623468
"NA,2,NA,2,1,2,NA,NA,1",1,0.002358045651763818,89.15299000188644
"1,2,NA,0,0,NA,2,1,2",1,0.002358045651763818,89.1553480475382
"NA,1,0,2,2,NA,NA,NA,NA",1,0.002358045651763818,89.15770609318996
"1,2,2,NA,0,2,0,2,NA",1,0.002358045651763818,89.16006413884173
"0,2,1,2,2,1,2,2,2",1,0.002358045651763818,89.1624221844935
"0,0,NA,1,2,NA,2,NA,1",1,0.002358045651763818,89.16478023014525
"2,1,2,2,2,0,2,0,2",1,0.002358045651763818,89.16713827579702
"NA,2,2,2,1,0,NA,NA,NA",1,0.002358045651763818,89.16949632144878
"2,0,NA,0,0,NA,2,NA,NA",1,0.002358045651763818,89.17185436710055
"2,2,NA,NA,NA,0,2,2,2",1,0.002358045651763818,89.17421241275231
"1,1,NA,0,0,NA,0,2,0",1,0.002358045651763818,89.17657045840407
"1,2,NA,2,NA,2,0,NA,NA",1,0.002358045651763818,89.17892850405585
"NA,2,NA,2,2,0,0,2,2",1,0.002358045651763818,89.18128654970761
"2,NA,2,0,2,2,0,NA,NA",1,0.002358045651763818,89.18364459535937
"2,1,NA,NA,1,NA,2,2,NA",1,0.002358045651763818,89.18600264101113
"2,0,2,0,2,1,1,NA,2",1,0.002358045651763818,89.18836068666289
"0,2,NA,NA,2,1,2,NA,2",1,0.002358045651763818,89.19071873231465
"2,2,0,2,1,0,2,2,2",1,0.002358045651763818,89.19307677796641
"1,0,NA,2,1,NA,0,NA,NA",1,0.002358045651763818,89.19543482361819
"1,2,2,0,0,2,2,1,1",1,0.002358045651763818,89.19779286926996
"2,2,2,NA,2,1,2,NA,2",1,0.002358045651763818,89.20015091492172
"0,0,1,2,1,2,2,NA,1",1,0.002358045651763818,89.20250896057348
"1,1,NA,2,2,1,1,NA,2",1,0.002358045651763818,89.20486700622524
"NA,NA,2,NA,NA,NA,0,0,NA",1,0.002358045651763818,89.207225051877
"2,NA,1,1,1,2,2,2,1",1,0.002358045651763818,89.20958309752876
"2,2,NA,1,2,NA,NA,NA,1",1,0.002358045651763818,89.21194114318052
"NA,2,2,NA,0,NA,NA,2,NA",1,0.002358045651763818,89.21429918883229
"0,NA,0,0,0,NA,0,2,NA",1,0.002358045651763818,89.21665723448406
"1,0,NA,NA,NA,2,1,NA,NA",1,0.002358045651763818,89.21901528013582
"NA,2,2,NA,NA,NA,2,1,2",1,0.002358045651763818,89.2213733257876
"0,2,NA,1,1,NA,2,NA,2",1,0.002358045651763818,89.22373137143936
"NA,1,NA,2,0,NA,2,NA,2",1,0.002358045651763818,89.22608941709112
"0,2,2,2,NA,0,2,0,2",1,0.002358045651763818,89.22844746274288
"0,NA,NA,0,2,2,2,2,2",1,0.002358045651763818,89.23080550839464
"2,NA,1,2,1,0,0,2,NA",1,0.002358045651763818,89.2331635540464
"1,1,NA,2,2,1,2,NA,1",1,0.002358045651763818,89.23552159969817
"2,2,NA,2,NA,0,2,1,2",1,0.002358045651763818,89.23787964534993
"0,2,1,NA,2,2,2,NA,1",1,0.002358045651763818,89.2402376910017
"NA,2,2,2,2,1,2,0,0",1,0.002358045651763818,89.24259573665346
"1,NA,NA,NA,NA,1,0,0,NA",1,0.002358045651763818,89.24495378230523
"NA,NA,NA,1,1,NA,0,NA,2",1,0.002358045651763818,89.24731182795699
"NA,2,NA,2,1,NA,2,NA,2",1,0.002358045651763818,89.24966987360875
"1,2,NA,0,0,2,2,NA,1",1,0.002358045651763818,89.25202791926051
"0,NA,2,NA,NA,2,NA,2,NA",1,0.002358045651763818,89.25438596491229
"0,2,NA,NA,2,1,NA,NA,NA",1,0.002358045651763818,89.25674401056405
"1,2,NA,2,2,1,NA,NA,NA",1,0.002358045651763818,89.25910205621581
"2,1,2,2,1,1,2,NA,2",1,0.002358045651763818,89.26146010186757
"2,2,1,0,2,2,1,2,NA",1,0.002358045651763818,89.26381814751933
"2,2,NA,NA,2,0,2,NA,2",1,0.002358045651763818,89.2661761931711
"1,2,NA,2,2,2,1,NA,0",1,0.002358045651763818,89.26853423882287
"2,0,2,0,0,NA,2,2,NA",1,0.002358045651763818,89.27089228447463
"NA,2,NA,2,2,NA,2,0,NA",1,0.002358045651763818,89.27325033012639
"2,2,NA,NA,2,0,2,2,1",1,0.002358045651763818,89.27560837577816
"0,0,NA,2,1,NA,NA,1,2",1,0.002358045651763818,89.27796642142992
"0,1,NA,2,2,NA,2,0,NA",1,0.002358045651763818,89.28032446708168
"NA,2,2,NA,2,NA,1,2,NA",1,0.002358045651763818,89.28268251273344
"NA,1,NA,NA,NA,NA,0,2,NA",1,0.002358045651763818,89.2850405583852
"1,2,NA,1,1,NA,0,0,NA",1,0.002358045651763818,89.28739860403697
"1,2,2,NA,NA,0,1,2,2",1,0.002358045651763818,89.28975664968874
"2,0,2,1,2,0,NA,NA,2",1,0.002358045651763818,89.2921146953405
"0,2,2,0,2,0,NA,2,NA",1,0.002358045651763818,89.29447274099228
"1,NA,NA,0,0,2,0,NA,0",1,0.002358045651763818,89.29683078664404
"2,1,NA,2,0,NA,NA,NA,0",1,0.002358045651763818,89.2991888322958
"2,0,2,2,2,0,1,2,0",1,0.002358045651763818,89.30154687794756
"0,1,NA,0,2,NA,NA,NA,0",1,0.002358045651763818,89.30390492359932
"NA,2,2,2,NA,NA,0,NA,NA",1,0.002358045651763818,89.30626296925108
"2,2,0,2,2,2,NA,0,2",1,0.002358045651763818,89.30862101490284
"2,NA,2,2,2,0,2,0,NA",1,0.002358045651763818,89.3109790605546
"NA,2,2,0,2,0,1,2,2",1,0.002358045651763818,89.31333710620638
"2,1,0,0,0,2,0,0,NA",1,0.002358045651763818,89.31569515185814
"0,2,NA,1,1,NA,2,2,NA",1,0.002358045651763818,89.31805319750991
"0,2,2,0,2,2,2,1,1",1,0.002358045651763818,89.32041124316167
"NA,NA,1,NA,2,2,2,NA,2",1,0.002358045651763818,89.32276928881343
"1,0,2,NA,NA,NA,0,2,NA",1,0.002358045651763818,89.3251273344652
"NA,0,NA,1,0,2,2,NA,2",1,0.002358045651763818,89.32748538011695
"0,1,NA,2,0,1,0,NA,NA",1,0.002358045651763818,89.32984342576871
"NA,NA,NA,NA,NA,1,NA,1,NA",1,0.002358045651763818,89.33220147142049
"NA,2,2,0,0,2,0,NA,NA",1,0.002358045651763818,89.33455951707225
"2,0,NA,NA,2,2,NA,NA,NA",1,0.002358045651763818,89.33691756272401
"NA,2,1,2,2,NA,1,NA,NA",1,0.002358045651763818,89.33927560837577
"NA,NA,NA,1,2,2,2,0,0",1,0.002358045651763818,89.34163365402755
"2,2,2,0,NA,NA,NA,NA,NA",1,0.002358045651763818,89.34399169967931
"1,1,2,2,2,2,1,0,2",1,0.002358045651763818,89.34634974533107
"1,2,2,2,1,2,2,2,NA",1,0.002358045651763818,89.34870779098283
"NA,1,NA,2,1,2,2,NA,0",1,0.002358045651763818,89.3510658366346
"2,2,NA,0,NA,NA,NA,2,NA",1,0.002358045651763818,89.35342388228636
"1,1,2,0,0,2,0,0,NA",1,0.002358045651763818,89.35578192793812
"2,1,2,2,0,2,1,0,NA",1,0.002358045651763818,89.35813997358989
"2,1,2,2,NA,1,2,2,NA",1,0.002358045651763818,89.36049801924165
"1,0,2,2,2,0,2,2,2",1,0.002358045651763818,89.36285606489342
"NA,NA,0,0,2,1,2,0,NA",1,0.002358045651763818,89.36521411054518
"2,0,2,2,2,2,2,0,NA",1,0.002358045651763818,89.36757215619694
"0,2,NA,2,1,NA,1,1,0",1,0.002358045651763818,89.36993020184872
"2,NA,0,0,2,NA,0,NA,2",1,0.002358045651763818,89.37228824750048
"2,1,NA,1,1,0,2,1,1",1,0.002358045651763818,89.37464629315224
"NA,2,NA,NA,NA,0,1,NA,NA",1,0.002358045651763818,89.377004338804
"2,NA,1,2,2,2,1,1,1",1,0.002358045651763818,89.37936238445576
"1,NA,NA,2,0,NA,2,2,1",1,0.002358045651763818,89.38172043010752
"NA,NA,NA,NA,1,NA,1,2,1",1,0.002358045651763818,89.38407847575928
"2,0,NA,0,NA,NA,NA,1,2",1,0.002358045651763818,89.38643652141106
"1,1,2,1,1,1,1,1,1",1,0.002358045651763818,89.38879456706282
"0,2,NA,1,1,1,NA,NA,NA",1,0.002358045651763818,89.39115261271459
"2,2,2,0,NA,0,2,1,1",1,0.002358045651763818,89.39351065836635
"NA,NA,NA,2,2,2,2,1,0",1,0.002358045651763818,89.39586870401811
"NA,0,2,2,2,2,NA,2,NA",1,0.002358045651763818,89.39822674966987
"NA,2,1,NA,NA,2,NA,0,1",1,0.002358045651763818,89.40058479532163
"2,NA,NA,1,NA,1,NA,NA,NA",1,0.002358045651763818,89.4029428409734
"NA,NA,1,NA,NA,NA,1,1,NA",1,0.002358045651763818,89.40530088662516
"2,NA,2,NA,NA,1,1,2,2",1,0.002358045651763818,89.40765893227693
"NA,NA,2,NA,NA,1,2,1,1",1,0.002358045651763818,89.41001697792869
"1,0,0,0,2,2,2,0,NA",1,0.002358045651763818,89.41237502358047
"0,1,NA,2,2,2,2,0,NA",1,0.002358045651763818,89.41473306923223
"NA,2,NA,0,1,2,NA,NA,NA",1,0.002358045651763818,89.41709111488399
"2,2,NA,2,0,1,NA,NA,NA",1,0.002358045651763818,89.41944916053575
"NA,NA,NA,2,NA,2,1,NA,2",1,0.002358045651763818,89.42180720618751
"0,0,NA,2,2,2,1,NA,NA",1,0.002358045651763818,89.42416525183927
"NA,0,2,2,NA,NA,NA,NA,NA",1,0.002358045651763818,89.42652329749103
"NA,NA,1,2,2,0,2,NA,NA",1,0.002358045651763818,89.4288813431428
"2,1,NA,2,2,1,1,NA,1",1,0.002358045651763818,89.43123938879457
"2,1,2,2,2,0,1,2,2",1,0.002358045651763818,89.43359743444633
"1,1,NA,2,2,NA,NA,2,2",1,0.002358045651763818,89.4359554800981
"1,2,2,2,2,1,1,2,1",1,0.002358045651763818,89.43831352574986
"2,2,2,1,0,2,2,2,2",1,0.002358045651763818,89.44067157140162
"NA,0,2,2,1,2,2,0,NA",1,0.002358045651763818,89.44302961705338
"NA,2,1,2,0,2,2,2,2",1,0.002358045651763818,89.44538766270514
"0,2,0,2,2,1,1,2,0",1,0.002358045651763818,89.44774570835692
"0,NA,NA,2,NA,2,2,2,NA",1,0.002358045651763818,89.45010375400868
"NA,2,0,2,2,0,2,NA,2",1,0.002358045651763818,89.45246179966044
"NA,NA,1,0,NA,2,2,NA,NA",1,0.002358045651763818,89.4548198453122
"NA,1,0,0,2,2,2,0,NA",1,0.002358045651763818,89.45717789096396
"2,2,2,2,2,NA,1,1,0",1,0.002358045651763818,89.45953593661574
"2,NA,2,0,2,NA,1,NA,NA",1,0.002358045651763818,89.4618939822675
"NA,NA,NA,0,0,2,NA,NA,0",1,0.002358045651763818,89.46425202791926
"0,2,2,0,0,2,0,2,NA",1,0.002358045651763818,89.46661007357103
"0,1,2,1,2,2,2,NA,2",1,0.002358045651763818,89.4689681192228
"1,2,1,0,0,2,2,2,0",1,0.002358045651763818,89.47132616487455
"0,2,1,1,2,NA,0,NA,NA",1,0.002358045651763818,89.47368421052632
"2,NA,0,NA,NA,0,NA,NA,NA",1,0.002358045651763818,89.47604225617808
"2,0,0,0,0,2,2,2,2",1,0.002358045651763818,89.47840030182984
"2,2,1,NA,NA,1,2,NA,NA",1,0.002358045651763818,89.4807583474816
"NA,NA,0,2,0,NA,NA,NA,1",1,0.002358045651763818,89.48311639313337
"2,2,NA,2,2,NA,0,1,1",1,0.002358045651763818,89.48547443878513
"2,2,1,1,2,NA,2,1,1",1,0.002358045651763818,89.48783248443691
"NA,2,2,0,0,2,NA,NA,NA",1,0.002358045651763818,89.49019053008867
"NA,NA,1,0,0,2,NA,2,NA",1,0.002358045651763818,89.49254857574043
"2,NA,2,2,2,NA,2,NA,1",1,0.002358045651763818,89.49490662139219
"NA,NA,1,1,2,NA,1,NA,NA",1,0.002358045651763818,89.49726466704395
"0,2,NA,2,2,1,2,NA,2",1,0.002358045651763818,89.49962271269571
"1,2,NA,NA,NA,1,2,NA,2",1,0.002358045651763818,89.50198075834747
"NA,2,NA,1,1,0,1,2,2",1,0.002358045651763818,89.50433880399925
"2,NA,NA,1,0,NA,0,NA,0",1,0.002358045651763818,89.50669684965101
"2,2,2,2,0,0,0,2,1",1,0.002358045651763818,89.50905489530278
"2,2,NA,1,1,NA,NA,2,NA",1,0.002358045651763818,89.51141294095454
"0,0,2,0,2,NA,2,2,NA",1,0.002358045651763818,89.5137709866063
"NA,NA,0,2,NA,0,NA,0,NA",1,0.002358045651763818,89.51612903225806
"1,0,2,2,2,1,1,NA,2",1,0.002358045651763818,89.51848707790982
"2,2,1,2,1,0,0,2,NA",1,0.002358045651763818,89.52084512356159
"2,1,2,1,2,0,2,2,NA",1,0.002358045651763818,89.52320316921336
"0,0,NA,NA,NA,NA,1,NA,2",1,0.002358045651763818,89.52556121486512
"NA,2,NA,1,2,0,2,NA,2",1,0.002358045651763818,89.52791926051688
"2,NA,0,1,2,0,2,2,1",1,0.002358045651763818,89.53027730616864
"1,2,1,1,2,2,1,NA,2",1,0.002358045651763818,89.53263535182042
"2,2,2,1,2,NA,1,0,2",1,0.002358045651763818,89.53499339747218
"2,0,0,2,2,NA,0,0,NA",1,0.002358045651763818,89.53735144312394
"1,0,NA,NA,1,NA,NA,NA,NA",1,0.002358045651763818,89.5397094887757
"2,2,0,0,0,NA,NA,0,NA",1,0.002358045651763818,89.54206753442747
"2,2,2,1,0,2,0,0,2",1,0.002358045651763818,89.54442558007923
"0,2,2,1,2,2,2,0,NA",1,0.002358045651763818,89.546783625731
"NA,NA,NA,2,NA,NA,NA,1,2",1,0.002358045651763818,89.54914167138276
"2,2,1,1,2,2,1,1,0",1,0.002358045651763818,89.55149971703452
"1,2,0,2,2,NA,0,NA,1",1,0.002358045651763818,89.55385776268628
"NA,2,NA,0,0,2,0,0,NA",1,0.002358045651763818,89.55621580833805
"NA,2,0,1,2,0,2,2,NA",1,0.002358045651763818,89.55857385398981
"NA,0,NA,2,2,2,NA,NA,0",1,0.002358045651763818,89.56093189964157
"2,2,NA,2,1,NA,0,0,1",1,0.002358045651763818,89.56328994529335
"2,2,NA,1,2,0,1,NA,1",1,0.002358045651763818,89.56564799094511
"0,2,2,NA,2,NA,NA,1,NA",1,0.002358045651763818,89.56800603659687
"NA,2,0,2,NA,NA,2,1,NA",1,0.002358045651763818,89.57036408224863
"2,1,2,1,2,2,2,2,NA",1,0.002358045651763818,89.57272212790039
"2,2,1,1,1,2,2,NA,NA",1,0.002358045651763818,89.57508017355215
"0,1,1,2,2,0,NA,NA,NA",1,0.002358045651763818,89.57743821920391
"2,1,0,2,0,2,0,1,0",1,0.002358045651763818,89.57979626485569
"2,NA,1,2,2,2,2,1,2",1,0.002358045651763818,89.58215431050746
"0,0,NA,2,NA,0,2,NA,NA",1,0.002358045651763818,89.58451235615922
"1,NA,NA,NA,NA,NA,2,1,1",1,0.002358045651763818,89.58687040181098
"0,2,1,1,1,2,1,2,1",1,0.002358045651763818,89.58922844746274
"0,2,NA,NA,NA,NA,2,2,2",1,0.002358045651763818,89.5915864931145
"0,2,NA,1,2,0,NA,NA,NA",1,0.002358045651763818,89.59394453876627
"NA,2,NA,2,2,2,NA,0,NA",1,0.002358045651763818,89.59630258441803
"0,NA,0,NA,NA,0,0,2,0",1,0.002358045651763818,89.59866063006979
"2,2,0,0,0,1,0,0,2",1,0.002358045651763818,89.60101867572156
"1,2,2,NA,0,1,2,2,1",1,0.002358045651763818,89.60337672137332
"1,1,0,0,0,NA,2,0,2",1,0.002358045651763818,89.6057347670251
"2,NA,NA,2,NA,0,0,NA,NA",1,0.002358045651763818,89.60809281267686
"NA,0,NA,2,2,NA,NA,NA,1",1,0.002358045651763818,89.61045085832862
"2,NA,2,0,2,2,2,NA,NA",1,0.002358045651763818,89.61280890398038
"NA,NA,NA,2,2,0,NA,1,NA",1,0.002358045651763818,89.61516694963214
"2,0,NA,NA,2,2,2,2,NA",1,0.002358045651763818,89.6175249952839
"0,1,2,2,2,NA,0,0,2",1,0.002358045651763818,89.61988304093568
"NA,1,NA,NA,NA,NA,2,2,1",1,0.002358045651763818,89.62224108658744
"NA,2,1,2,1,2,1,2,NA",1,0.002358045651763818,89.6245991322392
"1,1,2,NA,0,NA,NA,2,NA",1,0.002358045651763818,89.62695717789096
"2,NA,1,NA,NA,2,2,1,2",1,0.002358045651763818,89.62931522354273
"0,1,0,NA,NA,0,2,2,NA",1,0.002358045651763818,89.6316732691945
"2,1,0,0,0,NA,2,NA,0",1,0.002358045651763818,89.63403131484625
"NA,1,2,0,0,1,NA,2,1",1,0.002358045651763818,89.63638936049801
"0,2,1,NA,2,0,2,2,NA",1,0.002358045651763818,89.63874740614979
"2,NA,NA,1,0,NA,2,NA,NA",1,0.002358045651763818,89.64110545180155
"1,0,1,2,2,2,2,2,2",1,0.002358045651763818,89.64346349745331
"2,0,NA,0,0,2,2,2,2",1,0.002358045651763818,89.64582154310507
"2,NA,1,1,1,1,1,1,NA",1,0.002358045651763818,89.64817958875683
"NA,2,NA,0,2,NA,1,0,NA",1,0.002358045651763818,89.65053763440861
"0,0,0,2,2,0,2,NA,NA",1,0.002358045651763818,89.65289568006037
"2,2,NA,NA,2,2,1,NA,NA",1,0.002358045651763818,89.65525372571213
"2,2,0,NA,2,NA,2,0,NA",1,0.002358045651763818,89.6576117713639
"NA,1,0,2,2,1,NA,NA,NA",1,0.002358045651763818,89.65996981701566
"2,0,2,2,2,0,2,1,NA",1,0.002358045651763818,89.66232786266742
"2,2,2,2,2,0,1,1,NA",1,0.002358045651763818,89.66468590831919
"1,NA,NA,0,2,2,NA,NA,NA",1,0.002358045651763818,89.66704395397095
"1,2,2,2,2,0,0,2,0",1,0.002358045651763818,89.6694019996227
"NA,2,2,2,NA,2,1,1,NA",1,0.002358045651763818,89.67176004527447
"NA,NA,NA,NA,NA,1,0,NA,1",1,0.002358045651763818,89.67411809092624
"NA,2,2,2,2,1,2,1,2",1,0.002358045651763818,89.676476136578
"NA,2,2,2,2,NA,2,1,2",1,0.002358045651763818,89.67883418222978
"2,0,2,2,2,1,2,NA,0",1,0.002358045651763818,89.68119222788154
"2,1,2,2,0,1,2,0,2",1,0.002358045651763818,89.6835502735333
"NA,NA,0,NA,0,NA,NA,2,NA",1,0.002358045651763818,89.68590831918506
"2,0,2,1,2,0,2,NA,NA",1,0.002358045651763818,89.68826636483682
"0,2,0,2,2,0,2,1,2",1,0.002358045651763818,89.69062441048858
"0,0,NA,1,NA,2,NA,NA,NA",1,0.002358045651763818,89.69298245614034
"0,1,NA,NA,NA,2,NA,NA,NA",1,0.002358045651763818,89.69534050179212
"2,2,NA,1,2,0,0,NA,NA",1,0.002358045651763818,89.69769854744388
"NA,2,NA,0,NA,1,NA,NA,2",1,0.002358045651763818,89.70005659309564
"2,0,NA,0,0,2,0,NA,0",1,0.002358045651763818,89.70241463874741
"0,2,2,NA,2,2,2,2,NA",1,0.002358045651763818,89.70477268439917
"2,2,NA,1,1,NA,NA,2,1",1,0.002358045651763818,89.70713073005093
"0,0,1,2,2,2,2,0,NA",1,0.002358045651763818,89.7094887757027
"2,2,0,0,2,NA,NA,NA,NA",1,0.002358045651763818,89.71184682135446
"2,2,2,2,2,NA,0,0,NA",1,0.002358045651763818,89.71420486700622
"2,2,2,NA,1,NA,NA,NA,2",1,0.002358045651763818,89.71656291265799
"1,2,NA,2,2,1,2,NA,0",1,0.002358045651763818,89.71892095830975
"2,0,2,NA,NA,1,2,1,2",1,0.002358045651763818,89.72127900396151
"1,2,1,2,1,NA,1,2,1",1,0.002358045651763818,89.72363704961327
"2,1,NA,2,0,NA,NA,NA,2",1,0.002358045651763818,89.72599509526505
"2,2,2,2,0,0,0,1,NA",1,0.002358045651763818,89.72835314091681
"2,1,0,2,2,2,2,0,1",1,0.002358045651763818,89.73071118656857
"2,2,2,NA,0,NA,2,2,1",1,0.002358045651763818,89.73306923222033
"2,1,NA,2,NA,NA,2,2,NA",1,0.002358045651763818,89.7354272778721
"2,2,NA,0,0,0,0,0,0",1,0.002358045651763818,89.73778532352387
"1,2,NA,0,2,1,2,2,NA",1,0.002358045651763818,89.74014336917563
"1,1,2,2,2,2,NA,2,1",1,0.002358045651763818,89.74250141482739
"0,2,0,0,2,2,0,0,NA",1,0.002358045651763818,89.74485946047915
"NA,1,1,NA,NA,2,2,2,NA",1,0.002358045651763818,89.74721750613092
"1,2,2,0,1,NA,0,NA,NA",1,0.002358045651763818,89.74957555178268
"NA,NA,NA,0,1,2,2,NA,2",1,0.002358045651763818,89.75193359743444
"2,0,0,2,2,2,0,2,NA",1,0.002358045651763818,89.75429164308622
"2,1,0,2,2,0,2,1,0",1,0.002358045651763818,89.75664968873798
"1,2,NA,0,2,NA,NA,NA,NA",1,0.002358045651763818,89.75900773438974
"1,NA,0,2,2,2,2,0,NA",1,0.002358045651763818,89.7613657800415
"NA,2,2,1,2,NA,1,NA,2",1,0.002358045651763818,89.76372382569326
"0,2,2,2,2,NA,1,2,1",1,0.002358045651763818,89.76608187134502
"0,NA,2,0,0,NA,2,2,2",1,0.002358045651763818,89.76843991699678
"2,NA,2,NA,NA,1,2,2,NA",1,0.002358045651763818,89.77079796264856
"NA,NA,2,0,2,NA,NA,2,NA",1,0.002358045651763818,89.77315600830032
"1,2,NA,NA,NA,NA,1,NA,1",1,0.002358045651763818,89.7755140539521
"2,2,NA,2,2,NA,1,0,1",1,0.002358045651763818,89.77787209960385
"1,1,2,0,2,NA,2,NA,1",1,0.002358045651763818,89.78023014525562
"0,NA,NA,NA,2,2,0,0,NA",1,0.002358045651763818,89.78258819090738
"0,2,NA,0,1,0,NA,NA,NA",1,0.002358045651763818,89.78494623655914
"1,1,NA,0,0,2,2,0,2",1,0.002358045651763818,89.7873042822109
"2,NA,NA,2,2,NA,1,0,NA",1,0.002358045651763818,89.78966232786266
"2,2,NA,0,0,2,0,2,0",1,0.002358045651763818,89.79202037351443
"2,1,NA,1,2,0,2,NA,NA",1,0.002358045651763818,89.7943784191662
"2,NA,2,2,2,1,1,NA,2",1,0.002358045651763818,89.79673646481797
"2,2,1,NA,NA,0,NA,2,NA",1,0.002358045651763818,89.79909451046973
"2,1,1,2,2,1,2,1,1",1,0.002358045651763818,89.80145255612149
"NA,0,NA,2,1,NA,NA,0,NA",1,0.002358045651763818,89.80381060177325
"2,2,2,0,2,NA,2,2,1",1,0.002358045651763818,89.80616864742501
"1,2,NA,2,1,0,2,NA,NA",1,0.002358045651763818,89.80852669307677
"2,2,2,2,2,0,NA,NA,2",1,0.002358045651763818,89.81088473872855
"0,1,NA,0,NA,NA,NA,NA,NA",1,0.002358045651763818,89.81324278438031
"2,NA,2,2,2,2,0,2,NA",1,0.002358045651763818,89.81560083003207
"0,2,0,NA,NA,2,2,2,1",1,0.002358045651763818,89.81795887568383
"NA,NA,NA,NA,0,2,0,NA,0",1,0.002358045651763818,89.8203169213356
"2,2,NA,2,2,1,2,2,1",1,0.002358045651763818,89.82267496698736
"NA,NA,NA,NA,1,NA,2,2,2",1,0.002358045651763818,89.82503301263912
"NA,1,1,2,NA,NA,0,NA,2",1,0.002358045651763818,89.82739105829089
"1,1,NA,NA,2,NA,2,NA,NA",1,0.002358045651763818,89.82974910394266
"0,2,1,2,2,2,1,2,NA",1,0.002358045651763818,89.83210714959442
"2,NA,NA,2,0,NA,2,0,2",1,0.002358045651763818,89.83446519524618
"2,1,NA,2,0,NA,0,0,0",1,0.002358045651763818,89.83682324089794
"0,2,NA,2,0,0,2,NA,2",1,0.002358045651763818,89.8391812865497
"1,2,0,2,2,0,1,1,2",1,0.002358045651763818,89.84153933220146
"0,1,2,2,2,NA,1,2,NA",1,0.002358045651763818,89.84389737785324
"NA,2,NA,0,0,NA,2,NA,0",1,0.002358045651763818,89.846255423505
"2,1,2,1,2,2,1,1,NA",1,0.002358045651763818,89.84861346915677
"NA,2,2,0,2,2,1,2,NA",1,0.002358045651763818,89.85097151480853
"1,1,2,0,0,2,2,NA,2",1,0.002358045651763818,89.8533295604603
"1,0,NA,NA,2,2,2,NA,2",1,0.002358045651763818,89.85568760611206
"0,2,1,0,1,1,1,NA,2",1,0.002358045651763818,89.85804565176382
"NA,1,0,2,1,0,NA,NA,NA",1,0.002358045651763818,89.86040369741558
"2,1,2,NA,NA,2,0,2,0",1,0.002358045651763818,89.86276174306734
"2,NA,NA,0,NA,2,1,1,NA",1,0.002358045651763818,89.8651197887191
"0,NA,2,2,1,0,NA,2,1",1,0.002358045651763818,89.86747783437087
"NA,2,NA,2,0,0,NA,2,NA",1,0.002358045651763818,89.86983588002263
"NA,NA,0,NA,0,NA,0,2,NA",1,0.002358045651763818,89.87219392567441
"NA,2,NA,2,2,NA,1,0,NA",1,0.002358045651763818,89.87455197132617
"2,1,0,0,0,NA,0,0,2",1,0.002358045651763818,89.87691001697793
"0,2,1,2,1,NA,NA,2,NA",1,0.002358045651763818,89.87926806262969
"2,2,1,1,1,NA,2,1,1",1,0.002358045651763818,89.88162610828145
"2,2,NA,2,2,1,NA,NA,2",1,0.002358045651763818,89.88398415393321
"1,0,NA,2,2,NA,NA,2,2",1,0.002358045651763818,89.88634219958497
"2,0,2,1,2,NA,2,2,0",1,0.002358045651763818,89.88870024523675
"NA,NA,NA,0,1,NA,1,NA,1",1,0.002358045651763818,89.89105829088851
"1,2,NA,1,1,2,NA,NA,NA",1,0.002358045651763818,89.89341633654028
"1,2,NA,0,0,2,NA,NA,NA",1,0.002358045651763818,89.89577438219204
"NA,2,2,NA,NA,2,NA,1,NA",1,0.002358045651763818,89.8981324278438
"NA,1,2,2,0,NA,NA,NA,NA",1,0.002358045651763818,89.90049047349557
"NA,2,NA,2,2,1,2,NA,1",1,0.002358045651763818,89.90284851914733
"2,2,NA,NA,NA,NA,2,NA,0",1,0.002358045651763818,89.90520656479909
"2,0,2,2,1,NA,1,2,1",1,0.002358045651763818,89.90756461045086
"2,0,2,2,1,NA,NA,2,2",1,0.002358045651763818,89.90992265610262
"2,NA,0,2,NA,NA,NA,2,NA",1,0.002358045651763818,89.91228070175438
"0,NA,NA,0,NA,2,2,NA,2",1,0.002358045651763818,89.91463874740614
"NA,NA,2,NA,1,2,2,1,2",1,0.002358045651763818,89.91699679305792
"2,NA,NA,2,2,NA,NA,0,0",1,0.002358045651763818,89.91935483870968
"NA,NA,2,0,2,0,2,NA,NA",1,0.002358045651763818,89.92171288436144
"0,NA,NA,0,2,NA,NA,NA,0",1,0.002358045651763818,89.9240709300132
"0,NA,2,0,2,2,2,0,NA",1,0.002358045651763818,89.92642897566498
"2,1,0,0,2,0,2,NA,NA",1,0.002358045651763818,89.92878702131674
"2,2,1,NA,NA,2,2,NA,NA",1,0.002358045651763818,89.9311450669685
"NA,2,2,2,1,1,2,2,2",1,0.002358045651763818,89.93350311262026
"2,2,2,NA,NA,0,1,1,1",1,0.002358045651763818,89.93586115827202
"1,2,0,2,2,1,0,0,2",1,0.002358045651763818,89.93821920392378
"2,1,2,2,2,NA,0,NA,0",1,0.002358045651763818,89.94057724957555
"NA,2,1,1,2,0,1,1,NA",1,0.002358045651763818,89.94293529522731
"2,2,NA,2,2,2,0,2,2",1,0.002358045651763818,89.94529334087909
"1,1,NA,2,2,2,2,1,0",1,0.002358045651763818,89.94765138653085
"2,2,NA,0,0,2,NA,NA,0",1,0.002358045651763818,89.95000943218261
"2,0,NA,NA,2,2,1,NA,1",1,0.002358045651763818,89.95236747783437
"0,2,2,2,1,2,0,NA,2",1,0.002358045651763818,89.95472552348613
"2,0,NA,2,1,NA,2,2,1",1,0.002358045651763818,89.9570835691379
"NA,NA,0,0,NA,1,0,0,NA",1,0.002358045651763818,89.95944161478965
"2,2,0,2,1,2,0,2,NA",1,0.002358045651763818,89.96179966044141
"NA,2,0,NA,NA,2,NA,NA,1",1,0.002358045651763818,89.96415770609319
"2,2,1,2,0,NA,1,1,NA",1,0.002358045651763818,89.96651575174496
"2,NA,1,2,2,NA,2,NA,2",1,0.002358045651763818,89.96887379739672
"0,2,2,0,0,1,2,2,2",1,0.002358045651763818,89.97123184304849
"2,1,0,2,2,NA,0,2,0",1,0.002358045651763818,89.97358988870025
"1,1,NA,2,2,NA,2,NA,2",1,0.002358045651763818,89.975947934352
"2,2,2,2,1,1,NA,1,2",1,0.002358045651763818,89.97830598000377
"2,2,NA,1,2,0,2,NA,1",1,0.002358045651763818,89.98066402565553
"0,NA,NA,2,0,NA,NA,0,NA",1,0.002358045651763818,89.9830220713073
"NA,1,NA,2,0,2,NA,0,NA",1,0.002358045651763818,89.98538011695906
"1,2,2,2,0,2,NA,NA,2",1,0.002358045651763818,89.98773816261082
"NA,NA,NA,1,0,NA,2,NA,2",1,0.002358045651763818,89.9900962082626
"0,2,NA,0,2,NA,NA,0,NA",1,0.002358045651763818,89.99245425391436
"1,2,0,2,0,2,1,NA,NA",1,0.002358045651763818,89.99481229956612
"0,NA,2,0,2,2,NA,NA,1",1,0.002358045651763818,89.99717034521788
"2,0,1,2,2,NA,NA,2,2",1,0.002358045651763818,89.99952839086964
"2,0,0,NA,NA,NA,NA,1,NA",1,0.002358045651763818,90.0018864365214
"NA,NA,1,2,1,2,NA,1,NA",1,0.002358045651763818,90.00424448217318
"1,2,2,1,2,2,1,NA,2",1,0.002358045651763818,90.00660252782494
"0,0,2,2,2,NA,2,NA,2",1,0.002358045651763818,90.0089605734767
"2,NA,2,0,2,NA,NA,0,NA",1,0.002358045651763818,90.01131861912846
"2,1,2,2,2,0,1,1,NA",1,0.002358045651763818,90.01367666478023
"2,0,1,2,1,1,2,NA,NA",1,0.002358045651763818,90.016034710432
"2,1,2,NA,NA,NA,2,2,2",1,0.002358045651763818,90.01839275608376
"0,NA,2,2,2,NA,2,NA,2",1,0.002358045651763818,90.02075080173552
"2,2,2,2,0,2,NA,2,0",1,0.002358045651763818,90.02310884738729
"NA,0,NA,2,2,NA,2,2,0",1,0.002358045651763818,90.02546689303905
"0,2,0,2,1,NA,1,2,1",1,0.002358045651763818,90.02782493869081
"NA,NA,2,2,2,1,2,0,2",1,0.002358045651763818,90.03018298434257
"NA,NA,2,2,1,NA,NA,2,NA",1,0.002358045651763818,90.03254102999433
"NA,2,2,2,2,1,2,1,1",1,0.002358045651763818,90.03489907564611
"2,NA,0,NA,NA,0,2,2,2",1,0.002358045651763818,90.03725712129787
"0,2,1,NA,2,2,NA,1,NA",1,0.002358045651763818,90.03961516694963
"NA,2,2,1,2,2,2,NA,1",1,0.002358045651763818,90.0419732126014
"1,2,NA,2,0,2,1,NA,2",1,0.002358045651763818,90.04433125825317
"2,0,1,2,2,0,1,NA,1",1,0.002358045651763818,90.04668930390493
"2,2,0,1,1,0,2,2,NA",1,0.002358045651763818,90.04904734955669
"0,1,NA,NA,NA,NA,1,NA,1",1,0.002358045651763818,90.05140539520845
"1,NA,NA,0,2,2,0,NA,NA",1,0.002358045651763818,90.05376344086021
"2,2,2,NA,NA,0,NA,0,0",1,0.002358045651763818,90.05612148651197
"0,NA,NA,0,2,0,NA,NA,NA",1,0.002358045651763818,90.05847953216374
"0,NA,NA,1,2,0,NA,NA,1",1,0.002358045651763818,90.0608375778155
"2,2,2,NA,NA,2,NA,2,1",1,0.002358045651763818,90.06319562346728
"2,0,0,2,2,1,2,0,2",1,0.002358045651763818,90.06555366911904
"0,1,NA,0,0,NA,NA,0,NA",1,0.002358045651763818,90.0679117147708
"2,NA,2,0,2,NA,2,2,NA",1,0.002358045651763818,90.07026976042256
"2,0,2,0,0,2,NA,NA,NA",1,0.002358045651763818,90.07262780607432
"2,1,NA,2,2,1,NA,NA,0",1,0.002358045651763818,90.07498585172608
"1,2,0,NA,NA,2,2,0,NA",1,0.002358045651763818,90.07734389737784
"2,2,2,2,1,2,1,1,NA",1,0.002358045651763818,90.07970194302962
"0,0,NA,NA,NA,0,NA,0,NA",1,0.002358045651763818,90.08205998868138
"2,2,2,1,1,0,2,2,0",1,0.002358045651763818,90.08441803433314
"2,2,NA,1,1,0,2,NA,0",1,0.002358045651763818,90.08677607998492
"NA,1,NA,NA,2,2,2,NA,NA",1,0.002358045651763818,90.08913412563668
"2,1,NA,1,2,0,2,0,2",1,0.002358045651763818,90.09149217128844
"0,0,2,2,2,0,1,2,2",1,0.002358045651763818,90.0938502169402
"2,2,NA,2,0,NA,1,NA,0",1,0.002358045651763818,90.09620826259196
"1,2,2,2,0,NA,2,2,NA",1,0.002358045651763818,90.09856630824373
"2,0,NA,NA,2,NA,0,0,NA",1,0.002358045651763818,90.1009243538955
"NA,0,NA,NA,NA,NA,2,NA,0",1,0.002358045651763818,90.10328239954725
"2,NA,NA,NA,NA,NA,1,0,NA",1,0.002358045651763818,90.10564044519901
"2,1,NA,2,2,NA,1,1,NA",1,0.002358045651763818,90.10799849085078
"2,1,NA,2,2,1,0,0,NA",1,0.002358045651763818,90.11035653650255
"1,2,0,2,2,NA,0,1,2",1,0.002358045651763818,90.11271458215431
"0,2,NA,2,0,1,NA,NA,NA",1,0.002358045651763818,90.11507262780607
"NA,1,2,2,0,0,NA,NA,0",1,0.002358045651763818,90.11743067345785
"1,NA,2,2,1,2,2,2,2",1,0.002358045651763818,90.11978871910961
"0,0,2,1,1,NA,2,2,2",1,0.002358045651763818,90.12214676476137
"NA,NA,NA,NA,NA,0,2,2,0",1,0.002358045651763818,90.12450481041313
"1,1,1,NA,2,2,NA,2,1",1,0.002358045651763818,90.12686285606489
"2,2,2,1,2,1,2,NA,1",1,0.002358045651763818,90.12922090171665
"2,NA,2,1,2,0,2,NA,NA",1,0.002358045651763818,90.13157894736842
"2,2,2,2,2,NA,NA,1,2",1,0.002358045651763818,90.13393699302019
"NA,NA,NA,2,0,1,0,0,NA",1,0.002358045651763818,90.13629503867196
"0,2,NA,1,2,NA,NA,NA,2",1,0.002358045651763818,90.13865308432372
"NA,2,2,0,0,2,1,0,NA",1,0.002358045651763818,90.14101112997548
"2,2,2,0,0,0,0,NA,2",1,0.002358045651763818,90.14336917562724
"2,2,2,2,1,0,2,0,2",1,0.002358045651763818,90.145727221279
"NA,NA,2,NA,1,2,2,0,NA",1,0.002358045651763818,90.14808526693076
"0,1,NA,0,0,NA,0,NA,2",1,0.002358045651763818,90.15044331258252
"1,2,NA,2,2,NA,0,NA,1",1,0.002358045651763818,90.15280135823429
"NA,2,NA,1,NA,2,NA,NA,NA",1,0.002358045651763818,90.15515940388606
"2,0,2,0,0,0,0,2,NA",1,0.002358045651763818,90.15751744953782
"0,2,2,NA,NA,NA,NA,NA,1",1,0.002358045651763818,90.1598754951896
"2,1,0,0,0,NA,0,2,0",1,0.002358045651763818,90.16223354084136
"1,2,1,NA,NA,NA,2,2,2",1,0.002358045651763818,90.16459158649312
"2,0,2,2,2,2,NA,2,0",1,0.002358045651763818,90.16694963214488
"NA,NA,NA,2,NA,2,2,NA,1",1,0.002358045651763818,90.16930767779664
"NA,2,2,NA,1,0,NA,NA,0",1,0.002358045651763818,90.1716657234484
"1,NA,NA,2,0,NA,2,2,2",1,0.002358045651763818,90.17402376910016
"2,2,1,NA,NA,2,1,1,1",1,0.002358045651763818,90.17638181475193
"1,2,NA,2,0,NA,NA,0,NA",1,0.002358045651763818,90.1787398604037
"NA,2,1,0,2,2,NA,2,NA",1,0.002358045651763818,90.18109790605547
"2,NA,2,NA,NA,1,2,NA,NA",1,0.002358045651763818,90.18345595170723
"0,2,NA,NA,NA,NA,0,2,2",1,0.002358045651763818,90.18581399735899
"2,1,1,0,0,NA,2,2,NA",1,0.002358045651763818,90.18817204301075
"2,2,NA,2,1,NA,1,2,NA",1,0.002358045651763818,90.19053008866251
"1,1,2,0,0,NA,2,NA,NA",1,0.002358045651763818,90.19288813431427
"NA,2,0,2,NA,2,2,NA,NA",1,0.002358045651763818,90.19524617996605
"2,2,NA,0,2,2,2,1,2",1,0.002358045651763818,90.19760422561781
"NA,2,2,NA,NA,NA,1,2,1",1,0.002358045651763818,90.19996227126957
"2,0,NA,NA,NA,0,NA,2,2",1,0.002358045651763818,90.20232031692133
"2,2,1,2,2,NA,1,NA,NA",1,0.002358045651763818,90.2046783625731
"NA,1,NA,2,2,NA,NA,0,1",1,0.002358045651763818,90.20703640822487
"0,1,1,2,2,2,2,2,NA",1,0.002358045651763818,90.20939445387663
"0,1,2,1,2,NA,2,NA,1",1,0.002358045651763818,90.21175249952839
"NA,0,2,0,0,NA,2,NA,NA",1,0.002358045651763818,90.21411054518016
"2,0,NA,NA,0,NA,2,2,NA",1,0.002358045651763818,90.21646859083192
"0,2,1,2,2,2,2,NA,0",1,0.002358045651763818,90.21882663648368
"2,2,0,2,2,NA,0,0,0",1,0.002358045651763818,90.22118468213544
"NA,NA,1,NA,NA,1,NA,1,NA",1,0.002358045651763818,90.2235427277872
"2,2,1,2,2,2,0,1,NA",1,0.002358045651763818,90.22590077343897
"NA,NA,1,2,2,0,2,NA,2",1,0.002358045651763818,90.22825881909074
"0,0,NA,2,1,2,NA,NA,2",1,0.002358045651763818,90.2306168647425
"2,NA,2,2,2,2,0,NA,0",1,0.002358045651763818,90.23297491039428
"2,2,1,NA,NA,0,2,NA,2",1,0.002358045651763818,90.23533295604604
"1,NA,NA,0,2,NA,2,NA,0",1,0.002358045651763818,90.2376910016978
"0,0,2,NA,NA,NA,2,2,0",1,0.002358045651763818,90.24004904734956
"1,1,2,1,2,NA,2,2,1",1,0.002358045651763818,90.24240709300132
"2,NA,1,1,2,2,2,NA,2",1,0.002358045651763818,90.24476513865308
"NA,2,NA,NA,NA,NA,2,2,0",1,0.002358045651763818,90.24712318430484
"2,NA,0,NA,2,2,NA,2,NA",1,0.002358045651763818,90.2494812299566
"0,NA,NA,NA,2,NA,2,NA,1",1,0.002358045651763818,90.25183927560838
"NA,NA,2,0,1,NA,NA,NA,NA",1,0.002358045651763818,90.25419732126014
"1,2,2,0,0,NA,1,2,NA",1,0.002358045651763818,90.25655536691191
"2,2,2,0,2,0,2,0,2",1,0.002358045651763818,90.25891341256367
"0,NA,0,NA,NA,NA,0,NA,1",1,0.002358045651763818,90.26127145821543
"NA,NA,2,2,0,NA,0,NA,NA",1,0.002358045651763818,90.2636295038672
"2,1,2,2,1,0,2,1,0",1,0.002358045651763818,90.26598754951895
"1,NA,2,NA,2,NA,0,2,0",1,0.002358045651763818,90.26834559517071
"2,NA,0,NA,NA,NA,NA,NA,1",1,0.002358045651763818,90.27070364082249
"1,1,2,2,0,NA,0,0,2",1,0.002358045651763818,90.27306168647425
"NA,2,NA,2,0,1,2,NA,2",1,0.002358045651763818,90.27541973212601
"1,1,2,NA,NA,NA,0,0,NA",1,0.002358045651763818,90.27777777777779
"NA,NA,2,0,NA,1,2,NA,0",1,0.002358045651763818,90.28013582342955
"NA,NA,2,2,2,2,1,NA,0",1,0.002358045651763818,90.2824938690813
"2,2,NA,NA,2,0,NA,NA,NA",1,0.002358045651763818,90.28485191473307
"NA,2,1,1,2,1,2,NA,2",1,0.002358045651763818,90.28720996038483
"NA,2,2,1,2,2,NA,1,NA",1,0.002358045651763818,90.2895680060366
"2,1,2,NA,NA,1,NA,1,NA",1,0.002358045651763818,90.29192605168836
"2,2,1,1,2,1,NA,1,2",1,0.002358045651763818,90.29428409734012
"NA,NA,NA,1,NA,2,NA,NA,2",1,0.002358045651763818,90.29664214299189
"2,2,NA,NA,2,2,2,0,1",1,0.002358045651763818,90.29900018864365
"0,2,0,2,1,NA,2,2,0",1,0.002358045651763818,90.30135823429542
"2,0,NA,2,0,2,0,2,2",1,0.002358045651763818,90.30371627994718
"2,2,1,NA,NA,0,2,2,1",1,0.002358045651763818,90.30607432559894
"1,2,NA,2,0,NA,2,0,2",1,0.002358045651763818,90.3084323712507
"0,2,2,NA,2,NA,2,1,1",1,0.002358045651763818,90.31079041690248
"NA,2,2,0,NA,2,NA,NA,NA",1,0.002358045651763818,90.31314846255424
"0,0,1,1,1,1,NA,NA,NA",1,0.002358045651763818,90.315506508206
"0,0,2,2,2,0,1,2,NA",1,0.002358045651763818,90.31786455385776
"2,NA,1,1,NA,NA,NA,NA,NA",1,0.002358045651763818,90.32022259950952
"2,2,1,1,1,0,1,2,1",1,0.002358045651763818,90.32258064516128
"NA,2,NA,1,2,NA,2,2,2",1,0.002358045651763818,90.32493869081306
"NA,NA,2,NA,NA,2,0,NA,2",1,0.002358045651763818,90.32729673646482
"1,NA,NA,NA,2,NA,2,NA,NA",1,0.002358045651763818,90.32965478211659
"1,2,1,1,1,NA,2,1,NA",1,0.002358045651763818,90.33201282776835
"2,0,NA,2,NA,0,NA,NA,2",1,0.002358045651763818,90.33437087342011
"0,0,NA,NA,1,0,0,NA,NA",1,0.002358045651763818,90.33672891907187
"2,1,2,0,2,0,2,2,0",1,0.002358045651763818,90.33908696472363
"NA,0,NA,2,2,2,1,1,NA",1,0.002358045651763818,90.3414450103754
"2,1,NA,NA,NA,2,1,NA,NA",1,0.002358045651763818,90.34380305602716
"2,NA,0,1,NA,NA,2,2,NA",1,0.002358045651763818,90.34616110167892
"0,1,1,2,2,2,2,2,2",1,0.002358045651763818,90.34851914733069
"2,2,0,NA,0,2,NA,2,2",1,0.002358045651763818,90.35087719298247
"2,2,NA,2,0,NA,0,0,2",1,0.002358045651763818,90.35323523863423
"1,0,NA,2,2,NA,1,NA,NA",1,0.002358045651763818,90.35559328428599
"1,0,0,2,2,NA,0,NA,NA",1,0.002358045651763818,90.35795132993775
"2,2,1,2,2,1,0,1,2",1,0.002358045651763818,90.36030937558951
"0,2,NA,1,2,NA,1,2,2",1,0.002358045651763818,90.36266742124127
"2,2,2,NA,2,NA,0,NA,2",1,0.002358045651763818,90.36502546689303
"2,1,2,2,2,0,1,NA,2",1,0.002358045651763818,90.3673835125448
"NA,2,NA,0,0,NA,2,0,2",1,0.002358045651763818,90.36974155819657
"NA,0,NA,0,NA,0,NA,NA,NA",1,0.002358045651763818,90.37209960384833
"0,NA,NA,0,0,NA,0,NA,2",1,0.002358045651763818,90.3744576495001
"0,NA,0,NA,NA,2,2,NA,NA",1,0.002358045651763818,90.37681569515186
"NA,2,2,2,NA,NA,NA,1,2",1,0.002358045651763818,90.37917374080362
"NA,2,2,1,NA,NA,NA,1,NA",1,0.002358045651763818,90.38153178645538
"1,2,NA,0,0,0,2,2,2",1,0.002358045651763818,90.38388983210714
"2,2,2,0,2,0,NA,2,1",1,0.002358045651763818,90.38624787775892
"2,2,1,2,1,1,1,1,1",1,0.002358045651763818,90.38860592341068
"1,1,NA,0,0,2,0,0,NA",1,0.002358045651763818,90.39096396906244
"0,0,NA,1,2,2,2,2,NA",1,0.002358045651763818,90.3933220147142
"0,NA,2,NA,NA,NA,NA,2,2",1,0.002358045651763818,90.39568006036596
"0,2,NA,2,2,NA,1,2,2",1,0.002358045651763818,90.39803810601774
"NA,0,1,1,2,0,1,NA,2",1,0.002358045651763818,90.4003961516695
"NA,1,NA,0,1,1,NA,NA,NA",1,0.002358045651763818,90.40275419732126
"0,NA,2,2,2,1,1,2,2",1,0.002358045651763818,90.40511224297303
"NA,2,NA,2,2,0,NA,2,1",1,0.002358045651763818,90.4074702886248
"0,2,0,2,2,2,2,1,2",1,0.002358045651763818,90.40982833427655
"1,NA,NA,0,2,1,NA,NA,NA",1,0.002358045651763818,90.41218637992831
"2,1,2,NA,0,NA,NA,2,NA",1,0.002358045651763818,90.41454442558008
"1,2,0,2,0,1,2,NA,2",1,0.002358045651763818,90.41690247123184
"0,2,1,2,1,NA,2,NA,2",1,0.002358045651763818,90.41926051688361
"2,NA,1,2,NA,1,NA,NA,0",1,0.002358045651763818,90.42161856253537
"1,1,NA,2,2,2,1,NA,NA",1,0.002358045651763818,90.42397660818715
"2,2,1,NA,1,2,2,2,1",1,0.002358045651763818,90.42633465383891
"0,2,2,2,2,2,1,1,NA",1,0.002358045651763818,90.42869269949067
"2,NA,NA,0,2,NA,NA,1,NA",1,0.002358045651763818,90.43105074514243
"1,2,0,2,2,1,2,2,1",1,0.002358045651763818,90.43340879079419
"2,1,1,2,2,2,1,NA,0",1,0.002358045651763818,90.43576683644595
"NA,1,NA,NA,2,NA,NA,NA,NA",1,0.002358045651763818,90.43812488209771
"1,NA,1,2,2,0,2,NA,NA",1,0.002358045651763818,90.44048292774947
"1,2,1,2,1,2,2,2,NA",1,0.002358045651763818,90.44284097340125
"NA,0,0,NA,NA,2,NA,2,NA",1,0.002358045651763818,90.445199019053
"0,2,0,2,0,1,NA,NA,NA",1,0.002358045651763818,90.44755706470478
"2,NA,NA,1,2,2,2,2,2",1,0.002358045651763818,90.44991511035654
"1,1,NA,0,2,NA,0,2,2",1,0.002358045651763818,90.4522731560083
"1,2,NA,2,2,2,2,0,2",1,0.002358045651763818,90.45463120166006
"2,1,NA,NA,0,NA,2,NA,1",1,0.002358045651763818,90.45698924731182
"NA,0,NA,2,1,0,2,NA,NA",1,0.002358045651763818,90.45934729296359
"2,NA,NA,NA,1,2,1,2,1",1,0.002358045651763818,90.46170533861535
"0,NA,2,NA,1,2,NA,2,1",1,0.002358045651763818,90.46406338426712
"NA,0,NA,NA,2,0,0,NA,NA",1,0.002358045651763818,90.46642142991888
"2,2,2,NA,2,NA,2,NA,0",1,0.002358045651763818,90.46877947557064
"2,2,1,NA,NA,0,2,2,2",1,0.002358045651763818,90.47113752122242
"NA,NA,2,1,2,2,0,NA,NA",1,0.002358045651763818,90.47349556687418
"2,2,0,0,1,1,2,2,NA",1,0.002358045651763818,90.47585361252594
"NA,2,NA,NA,NA,NA,0,2,2",1,0.002358045651763818,90.4782116581777
"2,1,NA,2,NA,NA,NA,NA,NA",1,0.002358045651763818,90.48056970382946
"2,NA,2,2,1,NA,2,2,1",1,0.002358045651763818,90.48292774948123
"2,2,NA,0,0,1,0,NA,0",1,0.002358045651763818,90.485285795133
"1,2,0,1,2,2,2,0,2",1,0.002358045651763818,90.48764384078476
"1,2,1,NA,2,1,1,1,NA",1,0.002358045651763818,90.49000188643652
"0,NA,1,NA,NA,2,NA,2,NA",1,0.002358045651763818,90.49235993208828
"NA,NA,NA,1,NA,1,0,NA,NA",1,0.002358045651763818,90.49471797774005
"1,0,NA,2,0,NA,2,NA,NA",1,0.002358045651763818,90.49707602339181
"NA,0,NA,1,NA,NA,NA,NA,1",1,0.002358045651763818,90.49943406904357
"0,NA,NA,1,NA,1,NA,NA,NA",1,0.002358045651763818,90.50179211469535
"NA,2,NA,2,0,2,1,NA,0",1,0.002358045651763818,90.50415016034711
"2,2,1,2,NA,NA,NA,2,2",1,0.002358045651763818,90.50650820599887
"1,1,NA,2,2,2,2,2,1",1,0.002358045651763818,90.50886625165063
"2,1,1,2,0,2,2,2,0",1,0.002358045651763818,90.51122429730239
"0,NA,NA,1,2,1,2,NA,0",1,0.002358045651763818,90.51358234295415
"2,1,0,2,0,2,NA,NA,NA",1,0.002358045651763818,90.51594038860593
"NA,NA,2,NA,0,0,NA,2,2",1,0.002358045651763818,90.51829843425769
"2,2,NA,1,1,NA,0,1,2",1,0.002358045651763818,90.52065647990946
"2,0,2,2,1,NA,2,NA,NA",1,0.002358045651763818,90.52301452556122
"NA,0,0,2,0,2,1,2,NA",1,0.002358045651763818,90.52537257121298
"2,2,0,2,1,1,2,NA,1",1,0.002358045651763818,90.52773061686474
"NA,1,NA,0,2,1,NA,NA,NA",1,0.002358045651763818,90.5300886625165
"1,1,2,2,2,1,0,2,2",1,0.002358045651763818,90.53244670816827
"0,0,0,2,2,0,1,NA,0",1,0.002358045651763818,90.53480475382003
"1,1,0,2,2,NA,0,NA,NA",1,0.002358045651763818,90.53716279947179
"NA,0,2,2,0,0,0,NA,NA",1,0.002358045651763818,90.53952084512356
"0,1,1,2,2,0,2,2,2",1,0.002358045651763818,90.54187889077532
"NA,1,2,1,1,1,2,NA,NA",1,0.002358045651763818,90.5442369364271
"2,NA,2,1,2,0,2,0,NA",1,0.002358045651763818,90.54659498207886
"2,2,2,1,0,1,2,1,2",1,0.002358045651763818,90.54895302773062
"0,2,2,0,0,NA,2,NA,NA",1,0.002358045651763818,90.55131107338238
"2,2,2,NA,0,2,2,2,0",1,0.002358045651763818,90.55366911903414
"NA,0,NA,2,2,2,2,0,2",1,0.002358045651763818,90.5560271646859
"2,2,NA,2,0,0,2,NA,2",1,0.002358045651763818,90.55838521033768
"1,1,2,2,2,NA,2,0,NA",1,0.002358045651763818,90.56074325598944
"1,0,2,2,0,2,2,NA,0",1,0.002358045651763818,90.5631013016412
"2,1,1,2,1,2,1,2,1",1,0.002358045651763818,90.56545934729297
"2,2,2,1,1,2,0,2,2",1,0.002358045651763818,90.56781739294473
"NA,0,2,0,1,2,NA,NA,NA",1,0.002358045651763818,90.5701754385965
"2,0,2,NA,1,NA,2,2,NA",1,0.002358045651763818,90.57253348424825
"1,0,NA,2,0,NA,1,0,NA",1,0.002358045651763818,90.57489152990001
"2,2,1,1,2,NA,NA,2,1",1,0.002358045651763818,90.57724957555179
"2,2,0,NA,NA,2,2,2,1",1,0.002358045651763818,90.57960762120355
"1,2,0,2,2,NA,NA,2,2",1,0.002358045651763818,90.58196566685531
"NA,2,2,0,2,NA,NA,NA,NA",1,0.002358045651763818,90.58432371250707
"2,0,NA,0,2,NA,2,0,NA",1,0.002358045651763818,90.58668175815883
"2,2,2,0,1,2,2,1,2",1,0.002358045651763818,90.5890398038106
"2,NA,2,2,0,2,2,NA,NA",1,0.002358045651763818,90.59139784946237
"0,1,NA,0,2,0,NA,NA,2",1,0.002358045651763818,90.59375589511413
"2,NA,1,NA,2,NA,NA,0,1",1,0.002358045651763818,90.59611394076589
"2,1,2,1,NA,2,2,2,NA",1,0.002358045651763818,90.59847198641766
"0,1,1,1,2,2,2,NA,NA",1,0.002358045651763818,90.60083003206942
"1,1,2,2,2,2,2,1,1",1,0.002358045651763818,90.60318807772119
"NA,2,NA,2,2,0,1,NA,NA",1,0.002358045651763818,90.60554612337295
"NA,NA,0,NA,2,2,0,NA,NA",1,0.002358045651763818,90.6079041690247
"2,2,2,2,0,1,NA,2,NA",1,0.002358045651763818,90.61026221467647
"2,1,NA,NA,NA,0,2,NA,NA",1,0.002358045651763818,90.61262026032824
"2,1,2,2,1,1,2,2,2",1,0.002358045651763818,90.61497830598
"NA,NA,2,NA,1,NA,NA,2,NA",1,0.002358045651763818,90.61733635163178
"2,1,2,1,1,NA,NA,0,NA",1,0.002358045651763818,90.61969439728354
"0,2,1,1,2,1,2,2,2",1,0.002358045651763818,90.6220524429353
"NA,1,2,1,1,0,0,2,NA",1,0.002358045651763818,90.62441048858706
"1,0,1,1,1,2,2,NA,NA",1,0.002358045651763818,90.62676853423882
"0,2,NA,1,2,2,1,2,0",1,0.002358045651763818,90.62912657989058
"2,2,1,2,0,1,2,0,NA",1,0.002358045651763818,90.63148462554234
"NA,NA,NA,0,1,NA,2,NA,2",1,0.002358045651763818,90.6338426711941
"2,NA,2,NA,NA,2,1,2,2",1,0.002358045651763818,90.63620071684588
"2,NA,2,1,2,1,2,2,NA",1,0.002358045651763818,90.63855876249764
"2,0,2,2,2,2,1,0,1",1,0.002358045651763818,90.64091680814941
"0,2,2,2,2,NA,1,2,0",1,0.002358045651763818,90.64327485380117
"NA,2,0,NA,NA,0,NA,0,NA",1,0.002358045651763818,90.64563289945293
"NA,2,NA,1,2,0,0,NA,NA",1,0.002358045651763818,90.6479909451047
"NA,2,2,2,1,1,NA,NA,NA",1,0.002358045651763818,90.65034899075646
"0,NA,NA,1,NA,NA,2,NA,NA",1,0.002358045651763818,90.65270703640822
"2,2,0,2,0,2,2,0,1",1,0.002358045651763818,90.65506508205999
"2,0,1,NA,NA,1,2,2,2",1,0.002358045651763818,90.65742312771175
"2,2,2,NA,0,NA,NA,2,NA",1,0.002358045651763818,90.65978117336351
"0,0,0,2,2,2,NA,NA,0",1,0.002358045651763818,90.66213921901529
"2,1,2,0,0,NA,0,0,0",1,0.002358045651763818,90.66449726466705
"2,NA,NA,NA,1,NA,0,NA,NA",1,0.002358045651763818,90.66685531031881
"2,1,1,2,2,NA,2,0,2",1,0.002358045651763818,90.66921335597057
"NA,NA,NA,2,2,NA,1,2,0",1,0.002358045651763818,90.67157140162233
"2,0,0,1,1,2,2,2,NA",1,0.002358045651763818,90.6739294472741
"2,0,1,1,2,0,2,NA,1",1,0.002358045651763818,90.67628749292587
"2,0,1,2,1,2,2,2,2",1,0.002358045651763818,90.67864553857763
"0,0,NA,2,2,2,0,0,2",1,0.002358045651763818,90.68100358422939
"2,0,1,1,1,2,2,0,1",1,0.002358045651763818,90.68336162988115
"2,1,NA,2,1,2,0,NA,0",1,0.002358045651763818,90.68571967553292
"2,0,0,NA,NA,2,2,1,2",1,0.002358045651763818,90.68807772118468
"NA,NA,2,2,2,0,0,NA,0",1,0.002358045651763818,90.69043576683644
"0,2,NA,NA,NA,NA,1,2,NA",1,0.002358045651763818,90.69279381248822
"NA,NA,NA,2,0,NA,2,0,NA",1,0.002358045651763818,90.69515185813998
"NA,2,2,1,NA,1,1,2,1",1,0.002358045651763818,90.69750990379174
"NA,1,NA,NA,1,NA,NA,0,2",1,0.002358045651763818,90.6998679494435
"1,2,NA,NA,NA,0,2,2,NA",1,0.002358045651763818,90.70222599509526
"2,NA,2,2,2,1,NA,NA,NA",1,0.002358045651763818,90.70458404074702
"NA,NA,NA,2,0,NA,NA,0,NA",1,0.002358045651763818,90.70694208639878
"0,2,1,1,1,2,2,1,2",1,0.002358045651763818,90.70930013205056
"NA,0,NA,0,0,2,NA,1,0",1,0.002358045651763818,90.71165817770233
"NA,NA,2,2,0,2,0,NA,NA",1,0.002358045651763818,90.7140162233541
"1,2,NA,0,NA,NA,0,NA,NA",1,0.002358045651763818,90.71637426900585
"1,1,2,2,0,NA,0,2,0",1,0.002358045651763818,90.71873231465761
"1,1,NA,2,0,NA,2,0,2",1,0.002358045651763818,90.72109036030938
"2,2,NA,0,0,NA,NA,0,NA",1,0.002358045651763818,90.72344840596114
"NA,0,0,0,0,2,NA,NA,NA",1,0.002358045651763818,90.7258064516129
"1,2,0,2,2,1,0,2,NA",1,0.002358045651763818,90.72816449726466
"0,NA,2,2,2,NA,2,0,NA",1,0.002358045651763818,90.73052254291643
"2,0,NA,2,2,0,0,0,NA",1,0.002358045651763818,90.7328805885682
"NA,NA,1,2,0,2,0,NA,NA",1,0.002358045651763818,90.73523863421997
"1,2,2,1,2,0,2,2,NA",1,0.002358045651763818,90.73759667987173
"0,2,0,2,0,NA,0,0,2",1,0.002358045651763818,90.73995472552349
"2,1,NA,2,NA,NA,NA,2,NA",1,0.002358045651763818,90.74231277117525
"1,2,NA,2,0,0,2,NA,NA",1,0.002358045651763818,90.74467081682701
"2,0,NA,NA,1,NA,NA,2,2",1,0.002358045651763818,90.74702886247877
"0,0,1,2,2,1,2,2,NA",1,0.002358045651763818,90.74938690813053
"2,2,2,NA,0,1,2,0,0",1,0.002358045651763818,90.7517449537823
"2,NA,1,NA,NA,2,1,NA,NA",1,0.002358045651763818,90.75410299943407
"2,NA,NA,1,NA,2,1,NA,NA",1,0.002358045651763818,90.75646104508583
"1,2,2,NA,1,NA,2,2,NA",1,0.002358045651763818,90.7588190907376
"2,1,NA,0,2,NA,NA,0,NA",1,0.002358045651763818,90.76117713638936
"NA,0,2,2,2,2,2,2,0",1,0.002358045651763818,90.76353518204112
"2,NA,2,1,2,1,0,NA,NA",1,0.002358045651763818,90.76589322769289
"NA,2,1,NA,NA,2,1,2,NA",1,0.002358045651763818,90.76825127334465
"0,0,NA,2,1,NA,NA,NA,2",1,0.002358045651763818,90.77060931899642
"NA,NA,NA,2,2,NA,0,1,NA",1,0.002358045651763818,90.77296736464818
"2,NA,NA,1,2,0,1,NA,NA",1,0.002358045651763818,90.77532541029994
"1,0,NA,1,2,NA,1,1,NA",1,0.002358045651763818,90.7776834559517
"2,2,2,2,2,NA,1,0,NA",1,0.002358045651763818,90.78004150160346
"NA,2,NA,1,1,2,2,NA,1",1,0.002358045651763818,90.78239954725524
"2,2,0,0,2,NA,2,NA,NA",1,0.002358045651763818,90.784757592907
"2,2,1,1,2,1,2,0,0",1,0.002358045651763818,90.78711563855876
"NA,2,1,2,1,2,2,1,2",1,0.002358045651763818,90.78947368421053
"2,0,2,2,2,2,1,NA,0",1,0.002358045651763818,90.7918317298623
"2,NA,NA,2,2,2,2,2,0",1,0.002358045651763818,90.79418977551406
"0,0,2,2,1,2,0,NA,NA",1,0.002358045651763818,90.79654782116582
"0,1,NA,2,0,2,2,NA,0",1,0.002358045651763818,90.79890586681758
"2,NA,NA,2,2,0,0,NA,1",1,0.002358045651763818,90.80126391246934
"2,2,0,1,2,1,2,NA,1",1,0.002358045651763818,90.80362195812111
"NA,NA,NA,NA,0,NA,NA,2,2",1,0.002358045651763818,90.80598000377287
"NA,NA,NA,0,2,NA,0,NA,1",1,0.002358045651763818,90.80833804942465
"NA,1,2,NA,0,NA,2,2,NA",1,0.002358045651763818,90.81069609507641
"1,NA,NA,NA,0,NA,0,NA,NA",1,0.002358045651763818,90.81305414072817
"0,2,NA,2,2,1,1,NA,2",1,0.002358045651763818,90.81541218637993
"2,1,NA,2,0,0,2,NA,NA",1,0.002358045651763818,90.81777023203169
"1,2,0,2,2,2,2,0,NA",1,0.002358045651763818,90.82012827768345
"2,NA,NA,2,0,2,1,NA,NA",1,0.002358045651763818,90.82248632333521
"1,2,NA,2,0,NA,1,NA,NA",1,0.002358045651763818,90.82484436898697
"1,2,NA,2,1,2,1,NA,1",1,0.002358045651763818,90.82720241463875
"NA,2,NA,2,NA,2,0,0,NA",1,0.002358045651763818,90.82956046029051
"NA,NA,2,0,NA,NA,0,2,NA",1,0.002358045651763818,90.83191850594228
"2,2,1,1,2,2,2,0,2",1,0.002358045651763818,90.83427655159404
"2,2,2,NA,1,2,2,2,1",1,0.002358045651763818,90.8366345972458
"2,NA,2,NA,0,NA,2,2,2",1,0.002358045651763818,90.83899264289757
"2,0,1,2,NA,0,2,NA,NA",1,0.002358045651763818,90.84135068854933
"0,2,NA,2,2,0,NA,NA,0",1,0.002358045651763818,90.84370873420109
"NA,2,1,2,1,2,1,1,2",1,0.002358045651763818,90.84606677985286
"NA,1,2,2,1,2,2,0,NA",1,0.002358045651763818,90.84842482550462
"1,2,0,2,0,1,2,2,2",1,0.002358045651763818,90.85078287115638
"NA,1,1,2,2,1,2,1,NA",1,0.002358045651763818,90.85314091680814
"NA,2,NA,NA,NA,NA,2,2,1",1,0.002358045651763818,90.85549896245992
"NA,2,2,2,1,NA,NA,1,NA",1,0.002358045651763818,90.85785700811168
"0,0,NA,1,1,2,NA,NA,1",1,0.002358045651763818,90.86021505376344
"NA,NA,NA,0,NA,0,1,1,NA",1,0.002358045651763818,90.8625730994152
"2,NA,NA,0,0,0,0,NA,NA",1,0.002358045651763818,90.86493114506698
"2,0,2,0,2,2,2,2,1",1,0.002358045651763818,90.86728919071874
"2,NA,1,2,2,2,1,NA,0",1,0.002358045651763818,90.8696472363705
"2,NA,NA,NA,1,NA,2,NA,0",1,0.002358045651763818,90.87200528202226
"2,NA,1,1,2,2,1,NA,2",1,0.002358045651763818,90.87436332767402
"0,2,NA,NA,1,2,NA,NA,NA",1,0.002358045651763818,90.87672137332578
"NA,2,NA,1,1,NA,0,NA,NA",1,0.002358045651763818,90.87907941897755
"0,NA,2,2,1,2,NA,NA,NA",1,0.002358045651763818,90.88143746462931
"2,NA,NA,1,1,2,NA,NA,1",1,0.002358045651763818,90.88379551028108
"2,1,1,2,1,1,NA,NA,NA",1,0.002358045651763818,90.88615355593285
"NA,2,2,2,0,2,0,0,NA",1,0.002358045651763818,90.88851160158461
"0,0,NA,2,2,2,2,NA,1",1,0.002358045651763818,90.89086964723637
"1,1,NA,0,2,NA,0,NA,0",1,0.002358045651763818,90.89322769288813
"0,2,1,2,1,2,1,2,NA",1,0.002358045651763818,90.89558573853989
"2,0,0,NA,2,0,2,2,2",1,0.002358045651763818,90.89794378419165
"NA,2,2,2,2,2,2,1,0",1,0.002358045651763818,90.90030182984343
"1,1,2,2,2,NA,2,2,NA",1,0.002358045651763818,90.90265987549519
"2,NA,1,1,0,2,2,NA,2",1,0.002358045651763818,90.90501792114696
"NA,2,NA,NA,1,NA,2,0,NA",1,0.002358045651763818,90.90737596679872
"NA,2,NA,NA,NA,NA,NA,2,0",1,0.002358045651763818,90.90973401245049
"NA,1,NA,2,0,NA,NA,2,NA",1,0.002358045651763818,90.91209205810225
"NA,1,NA,2,2,0,0,NA,NA",1,0.002358045651763818,90.914450103754
"2,NA,1,NA,NA,NA,0,NA,NA",1,0.002358045651763818,90.91680814940577
"NA,2,NA,1,2,NA,2,1,2",1,0.002358045651763818,90.91916619505753
"0,2,2,2,2,NA,1,NA,2",1,0.002358045651763818,90.92152424070929
"2,2,0,2,NA,NA,2,NA,2",1,0.002358045651763818,90.92388228636106
"2,0,2,NA,NA,NA,1,NA,NA",1,0.002358045651763818,90.92624033201282
"1,1,2,1,2,NA,1,2,NA",1,0.002358045651763818,90.9285983776646
"1,1,2,0,2,2,2,2,0",1,0.002358045651763818,90.93095642331636
"NA,2,1,NA,NA,NA,0,NA,2",1,0.002358045651763818,90.93331446896812
"NA,1,NA,0,0,1,2,NA,NA",1,0.002358045651763818,90.93567251461988
"2,1,NA,2,1,NA,1,2,NA",1,0.002358045651763818,90.93803056027164
"2,NA,2,0,NA,NA,NA,2,NA",1,0.002358045651763818,90.9403886059234
"NA,0,2,2,2,1,NA,NA,2",1,0.002358045651763818,90.94274665157518
"NA,1,NA,1,NA,2,NA,NA,NA",1,0.002358045651763818,90.94510469722694
"0,NA,NA,NA,NA,2,NA,NA,2",1,0.002358045651763818,90.9474627428787
"NA,2,2,1,2,0,1,2,1",1,0.002358045651763818,90.94982078853047
"0,NA,NA,2,NA,NA,NA,0,NA",1,0.002358045651763818,90.95217883418223
"1,2,2,2,NA,NA,NA,NA,NA",1,0.002358045651763818,90.954536879834
"0,0,2,NA,2,0,2,2,2",1,0.002358045651763818,90.95689492548576
"NA,2,2,1,1,NA,NA,NA,1",1,0.002358045651763818,90.95925297113752
"2,2,2,NA,0,NA,NA,NA,2",1,0.002358045651763818,90.96161101678929
"1,1,1,2,2,0,NA,2,NA",1,0.002358045651763818,90.96396906244105
"NA,NA,1,0,NA,0,NA,2,NA",1,0.002358045651763818,90.96632710809281
"2,2,2,1,1,1,1,NA,2",1,0.002358045651763818,90.96868515374457
"NA,2,2,2,0,NA,0,NA,NA",1,0.002358045651763818,90.97104319939633
"1,1,0,2,0,2,2,NA,NA",1,0.002358045651763818,90.97340124504811
"2,1,NA,2,1,2,2,NA,1",1,0.002358045651763818,90.97575929069987
"1,2,NA,1,2,NA,1,NA,2",1,0.002358045651763818,90.97811733635163
"2,0,2,2,0,1,2,2,2",1,0.002358045651763818,90.9804753820034
"1,NA,1,2,0,0,0,NA,2",1,0.002358045651763818,90.98283342765517
"NA,0,0,2,2,1,0,1,NA",1,0.002358045651763818,90.98519147330693
"0,1,0,2,2,NA,2,NA,NA",1,0.002358045651763818,90.98754951895869
"1,2,2,2,2,0,2,NA,NA",1,0.002358045651763818,90.98990756461045
"0,2,2,2,2,1,0,NA,2",1,0.002358045651763818,90.99226561026221
"2,0,0,NA,NA,2,2,2,2",1,0.002358045651763818,90.99462365591397
"2,NA,2,2,1,1,2,NA,NA",1,0.002358045651763818,90.99698170156574
"NA,0,NA,0,2,NA,0,NA,NA",1,0.002358045651763818,90.9993397472175
"1,0,NA,2,1,2,2,2,2",1,0.002358045651763818,91.00169779286928
"1,2,1,1,0,2,NA,NA,0",1,0.002358045651763818,91.00405583852104
"2,2,1,0,2,2,0,NA,2",1,0.002358045651763818,91.0064138841728
"2,0,1,2,1,2,2,2,0",1,0.002358045651763818,91.00877192982456
"2,0,2,2,2,1,2,0,0",1,0.002358045651763818,91.01112997547632
"0,2,0,2,2,2,0,0,1",1,0.002358045651763818,91.01348802112808
"2,2,2,2,0,1,2,1,2",1,0.002358045651763818,91.01584606677984
"2,2,2,2,1,NA,2,1,2",1,0.002358045651763818,91.01820411243162
"2,NA,2,2,2,1,1,NA,0",1,0.002358045651763818,91.02056215808338
"2,0,2,NA,NA,0,NA,1,NA",1,0.002358045651763818,91.02292020373514
"1,1,2,0,NA,1,0,0,NA",1,0.002358045651763818,91.02527824938691
"2,NA,NA,0,1,0,NA,2,NA",1,0.002358045651763818,91.02763629503868
"2,NA,NA,2,2,NA,0,NA,1",1,0.002358045651763818,91.02999434069044
"2,NA,NA,0,2,NA,2,NA,1",1,0.002358045651763818,91.0323523863422
"2,0,1,2,2,2,2,1,1",1,0.002358045651763818,91.03471043199396
"2,NA,1,0,NA,0,2,0,2",1,0.002358045651763818,91.03706847764572
"2,1,NA,NA,NA,2,2,NA,2",1,0.002358045651763818,91.0394265232975
"0,0,2,2,2,NA,2,2,0",1,0.002358045651763818,91.04178456894925
"2,1,NA,0,0,2,1,NA,NA",1,0.002358045651763818,91.04414261460101
"NA,0,0,2,2,0,1,NA,NA",1,0.002358045651763818,91.04650066025279
"2,0,1,2,2,2,1,NA,0",1,0.002358045651763818,91.04885870590455
"NA,NA,NA,2,1,2,NA,2,NA",1,0.002358045651763818,91.05121675155631
"2,2,NA,1,2,1,0,NA,NA",1,0.002358045651763818,91.05357479720807
"2,1,NA,2,2,NA,2,1,NA",1,0.002358045651763818,91.05593284285983
"NA,1,1,1,1,2,1,1,NA",1,0.002358045651763818,91.0582908885116
"2,0,2,0,0,2,0,2,0",1,0.002358045651763818,91.06064893416337
"1,1,1,2,0,2,2,0,0",1,0.002358045651763818,91.06300697981513
"0,NA,2,NA,2,NA,NA,NA,NA",1,0.002358045651763818,91.06536502546689
"2,0,0,2,2,2,1,2,0",1,0.002358045651763818,91.06772307111865
"2,NA,NA,NA,0,NA,2,1,2",1,0.002358045651763818,91.07008111677042
"2,2,2,1,NA,2,1,1,NA",1,0.002358045651763818,91.07243916242219
"0,2,0,2,2,2,0,2,2",1,0.002358045651763818,91.07479720807395
"2,2,2,1,2,1,1,2,1",1,0.002358045651763818,91.07715525372572
"2,2,2,NA,1,2,1,0,1",1,0.002358045651763818,91.07951329937748
"2,0,NA,NA,1,1,1,2,NA",1,0.002358045651763818,91.08187134502924
"0,2,2,1,2,1,2,2,NA",1,0.002358045651763818,91.084229390681
"2,1,NA,1,2,NA,2,0,2",1,0.002358045651763818,91.08658743633276
"2,NA,NA,NA,2,NA,2,NA,1",1,0.002358045651763818,91.08894548198452
"NA,2,NA,0,2,0,NA,NA,NA",1,0.002358045651763818,91.09130352763628
"NA,NA,NA,NA,NA,0,0,NA,1",1,0.002358045651763818,91.09366157328806
"NA,2,NA,1,NA,NA,NA,NA,2",1,0.002358045651763818,91.09601961893983
"NA,2,2,0,0,2,1,NA,NA",1,0.002358045651763818,91.0983776645916
"NA,1,1,1,1,NA,0,NA,NA",1,0.002358045651763818,91.10073571024336
"0,NA,2,2,2,NA,0,NA,0",1,0.002358045651763818,91.10309375589512
"2,2,2,NA,0,2,2,0,2",1,0.002358045651763818,91.10545180154688
"0,1,NA,2,2,2,1,NA,NA",1,0.002358045651763818,91.10780984719864
"NA,0,NA,0,2,0,2,NA,1",1,0.002358045651763818,91.1101678928504
"2,0,NA,NA,NA,NA,NA,2,2",1,0.002358045651763818,91.11252593850216
"1,0,NA,2,NA,NA,NA,NA,NA",1,0.002358045651763818,91.11488398415393
"0,NA,2,0,NA,0,1,2,NA",1,0.002358045651763818,91.1172420298057
"NA,2,NA,2,2,2,0,2,1",1,0.002358045651763818,91.11960007545747
"NA,0,NA,0,2,2,1,NA,NA",1,0.002358045651763818,91.12195812110923
"NA,2,NA,2,2,2,0,2,2",1,0.002358045651763818,91.12431616676099
"2,1,NA,0,0,2,1,NA,0",1,0.002358045651763818,91.12667421241275
"0,2,1,1,1,2,2,NA,NA",1,0.002358045651763818,91.12903225806451
"NA,NA,NA,2,NA,1,NA,NA,1",1,0.002358045651763818,91.13139030371627
"0,2,1,1,2,NA,1,NA,2",1,0.002358045651763818,91.13374834936805
"1,2,0,2,0,NA,0,2,NA",1,0.002358045651763818,91.13610639501981
"2,2,2,1,2,1,NA,NA,NA",1,0.002358045651763818,91.13846444067157
"NA,NA,NA,1,2,2,1,NA,0",1,0.002358045651763818,91.14082248632333
"0,0,NA,2,NA,NA,NA,NA,NA",1,0.002358045651763818,91.1431805319751
"2,2,2,NA,2,NA,1,2,1",1,0.002358045651763818,91.14553857762687
"1,2,2,1,2,1,1,2,NA",1,0.002358045651763818,91.14789662327863
"2,NA,NA,0,0,2,NA,NA,0",1,0.002358045651763818,91.15025466893039
"2,NA,1,2,NA,2,2,2,1",1,0.002358045651763818,91.15261271458216
"0,2,NA,0,2,2,2,NA,0",1,0.002358045651763818,91.15497076023392
"NA,NA,1,2,NA,2,NA,NA,NA",1,0.002358045651763818,91.15732880588568
"1,2,0,2,2,2,0,1,2",1,0.002358045651763818,91.15968685153744
"2,2,1,1,2,NA,2,2,0",1,0.002358045651763818,91.1620448971892
"1,2,1,0,0,2,2,0,0",1,0.002358045651763818,91.16440294284097
"1,2,NA,2,0,NA,2,NA,0",1,0.002358045651763818,91.16676098849274
"2,2,2,2,2,1,1,NA,2",1,0.002358045651763818,91.1691190341445
"NA,2,2,2,NA,NA,1,2,NA",1,0.002358045651763818,91.17147707979628
"2,2,NA,2,1,2,NA,0,2",1,0.002358045651763818,91.17383512544804
"1,2,0,2,2,1,2,0,NA",1,0.002358045651763818,91.1761931710998
"2,1,2,1,1,2,1,NA,NA",1,0.002358045651763818,91.17855121675156
"NA,NA,NA,NA,NA,1,2,1,2",1,0.002358045651763818,91.18090926240332
"2,2,2,2,1,2,NA,2,1",1,0.002358045651763818,91.18326730805508
"NA,2,2,1,1,2,2,NA,2",1,0.002358045651763818,91.18562535370684
"2,1,NA,0,0,NA,0,NA,0",1,0.002358045651763818,91.18798339935861
"1,2,2,NA,NA,NA,2,0,NA",1,0.002358045651763818,91.19034144501038
"2,NA,NA,NA,2,NA,1,0,NA",1,0.002358045651763818,91.19269949066215
"NA,2,NA,0,0,1,2,0,NA",1,0.002358045651763818,91.19505753631391
"2,1,2,NA,0,NA,2,2,2",1,0.002358045651763818,91.19741558196567
"2,NA,1,2,0,2,NA,2,NA",1,0.002358045651763818,91.19977362761743
"2,2,NA,2,1,1,2,2,2",1,0.002358045651763818,91.2021316732692
"NA,2,1,NA,NA,NA,1,NA,2",1,0.002358045651763818,91.20448971892095
"2,2,0,2,1,NA,2,1,NA",1,0.002358045651763818,91.20684776457271
"1,1,0,2,2,2,2,0,1",1,0.002358045651763818,91.20920581022447
"2,NA,1,2,2,NA,0,2,NA",1,0.002358045651763818,91.21156385587625
"NA,NA,2,0,NA,2,0,NA,NA",1,0.002358045651763818,91.21392190152801
"0,1,NA,NA,NA,NA,0,2,0",1,0.002358045651763818,91.21627994717979
"NA,2,1,2,2,0,NA,2,NA",1,0.002358045651763818,91.21863799283155
"1,2,2,1,1,0,NA,2,NA",1,0.002358045651763818,91.2209960384833
"2,1,0,2,1,2,2,2,2",1,0.002358045651763818,91.22335408413507
"2,1,1,2,2,2,1,NA,1",1,0.002358045651763818,91.22571212978683
"2,1,2,0,2,NA,2,2,0",1,0.002358045651763818,91.22807017543859
"0,2,2,2,NA,0,2,2,NA",1,0.002358045651763818,91.23042822109036
"2,1,NA,2,0,2,2,2,1",1,0.002358045651763818,91.23278626674212
"NA,NA,NA,NA,0,2,2,2,0",1,0.002358045651763818,91.23514431239389
"2,0,0,NA,NA,NA,1,1,NA",1,0.002358045651763818,91.23750235804565
"NA,NA,NA,2,NA,0,2,0,NA",1,0.002358045651763818,91.23986040369742
"0,2,0,2,1,2,2,NA,NA",1,0.002358045651763818,91.24221844934918
"2,1,NA,0,1,2,NA,NA,NA",1,0.002358045651763818,91.24457649500094
"2,NA,NA,2,2,NA,1,NA,2",1,0.002358045651763818,91.2469345406527
"2,NA,1,2,NA,2,0,NA,NA",1,0.002358045651763818,91.24929258630448
"2,1,NA,2,1,NA,2,NA,1",1,0.002358045651763818,91.25165063195624
"1,1,0,0,0,NA,2,0,NA",1,0.002358045651763818,91.254008677608
"NA,NA,2,2,2,2,2,NA,0",1,0.002358045651763818,91.25636672325976
"2,1,2,2,2,0,0,2,NA",1,0.002358045651763818,91.25872476891152
"NA,1,2,NA,2,NA,2,1,NA",1,0.002358045651763818,91.26108281456328
"2,1,2,1,2,NA,NA,2,NA",1,0.002358045651763818,91.26344086021506
"2,0,NA,2,0,0,0,NA,NA",1,0.002358045651763818,91.26579890586682
"1,2,0,0,2,NA,0,NA,NA",1,0.002358045651763818,91.26815695151859
"0,NA,2,NA,0,NA,1,2,2",1,0.002358045651763818,91.27051499717035
"2,0,2,NA,NA,NA,2,NA,1",1,0.002358045651763818,91.27287304282211
"0,0,2,NA,0,2,NA,2,2",1,0.002358045651763818,91.27523108847387
"2,1,NA,NA,2,NA,1,2,1",1,0.002358045651763818,91.27758913412563
"NA,NA,0,0,0,2,0,0,NA",1,0.002358045651763818,91.2799471797774
"1,2,NA,2,NA,2,2,NA,NA",1,0.002358045651763818,91.28230522542916
"NA,NA,0,2,NA,1,NA,2,NA",1,0.002358045651763818,91.28466327108093
"NA,NA,0,2,1,2,2,NA,2",1,0.002358045651763818,91.28702131673269
"2,2,0,2,2,1,0,NA,NA",1,0.002358045651763818,91.28937936238447
"0,1,NA,2,2,NA,0,2,0",1,0.002358045651763818,91.29173740803623
"1,1,1,1,0,1,2,NA,2",1,0.002358045651763818,91.29409545368799
"2,0,2,2,2,NA,2,1,NA",1,0.002358045651763818,91.29645349933975
"2,2,NA,1,1,1,2,NA,NA",1,0.002358045651763818,91.29881154499151
"NA,NA,NA,2,NA,0,1,NA,NA",1,0.002358045651763818,91.30116959064327
"2,1,0,2,2,2,0,0,1",1,0.002358045651763818,91.30352763629503
"1,0,NA,2,1,NA,NA,NA,NA",1,0.002358045651763818,91.3058856819468
"2,NA,NA,NA,NA,NA,2,0,1",1,0.002358045651763818,91.30824372759857
"0,1,NA,2,2,NA,2,NA,2",1,0.002358045651763818,91.31060177325033
"0,2,NA,2,0,NA,1,NA,2",1,0.002358045651763818,91.3129598189021
"1,0,0,2,2,2,0,2,NA",1,0.002358045651763818,91.31531786455386
"1,NA,1,2,2,2,0,NA,NA",1,0.002358045651763818,91.31767591020562
"2,2,1,2,1,2,2,NA,0",1,0.002358045651763818,91.32003395585738
"0,NA,1,0,2,0,NA,NA,NA",1,0.002358045651763818,91.32239200150914
"1,2,2,2,0,NA,1,2,2",1,0.002358045651763818,91.3247500471609
"NA,2,NA,1,NA,2,2,NA,2",1,0.002358045651763818,91.32710809281268
"NA,NA,NA,0,2,0,2,NA,NA",1,0.002358045651763818,91.32946613846444
"2,2,1,2,2,0,NA,0,NA",1,0.002358045651763818,91.3318241841162
"NA,NA,2,0,0,2,0,NA,NA",1,0.002358045651763818,91.33418222976798
"2,NA,NA,2,NA,2,2,NA,1",1,0.002358045651763818,91.33654027541974
"NA,NA,0,2,0,2,1,2,NA",1,0.002358045651763818,91.3388983210715
"2,2,0,0,0,2,0,2,NA",1,0.002358045651763818,91.34125636672326
"2,NA,NA,NA,NA,2,1,1,2",1,0.002358045651763818,91.34361441237502
"1,2,1,2,2,2,NA,2,1",1,0.002358045651763818,91.3459724580268
"2,2,2,NA,NA,2,2,2,0",1,0.002358045651763818,91.34833050367855
"0,2,1,2,2,NA,2,2,0",1,0.002358045651763818,91.35068854933031
"2,2,2,2,NA,2,0,2,0",1,0.002358045651763818,91.35304659498208
"1,2,2,2,0,2,NA,0,NA",1,0.002358045651763818,91.35540464063384
"2,0,2,NA,0,NA,1,2,NA",1,0.002358045651763818,91.35776268628561
"2,0,0,2,1,2,NA,NA,NA",1,0.002358045651763818,91.36012073193737
"NA,NA,NA,2,1,NA,NA,2,NA",1,0.002358045651763818,91.36247877758913
"NA,2,2,NA,2,2,1,2,NA",1,0.002358045651763818,91.3648368232409
"1,0,2,2,2,2,1,2,0",1,0.002358045651763818,91.36719486889267
"NA,1,2,NA,0,NA,NA,NA,NA",1,0.002358045651763818,91.36955291454443
"0,1,NA,2,2,NA,2,2,NA",1,0.002358045651763818,91.37191096019619
"1,NA,NA,NA,2,NA,1,NA,2",1,0.002358045651763818,91.37426900584795
"1,0,NA,2,0,NA,NA,NA,NA",1,0.002358045651763818,91.37662705149971
"NA,2,2,NA,1,NA,1,2,NA",1,0.002358045651763818,91.37898509715147
"2,2,1,2,1,2,1,NA,2",1,0.002358045651763818,91.38134314280325
"2,2,NA,0,2,2,1,NA,NA",1,0.002358045651763818,91.383701188455
"2,NA,NA,2,2,2,2,0,1",1,0.002358045651763818,91.38605923410678
"NA,NA,NA,2,2,1,0,2,NA",1,0.002358045651763818,91.38841727975854
"NA,NA,2,NA,2,NA,2,2,1",1,0.002358045651763818,91.3907753254103
"0,0,NA,2,0,2,2,NA,NA",1,0.002358045651763818,91.39313337106206
"2,NA,NA,0,2,NA,0,2,NA",1,0.002358045651763818,91.39549141671382
"2,2,NA,1,1,0,1,NA,NA",1,0.002358045651763818,91.39784946236558
"0,2,NA,2,2,1,NA,NA,1",1,0.002358045651763818,91.40020750801735
"0,0,1,2,2,2,2,2,1",1,0.002358045651763818,91.40256555366912
"1,NA,2,NA,NA,2,NA,0,NA",1,0.002358045651763818,91.40492359932088
"0,0,NA,2,2,NA,NA,NA,0",1,0.002358045651763818,91.40728164497264
"0,NA,1,1,2,0,NA,2,NA",1,0.002358045651763818,91.40963969062442
"0,NA,2,1,2,2,NA,NA,NA",1,0.002358045651763818,91.41199773627618
"2,2,2,NA,NA,2,0,0,NA",1,0.002358045651763818,91.41435578192794
"0,2,2,0,2,2,2,0,0",1,0.002358045651763818,91.4167138275797
"NA,0,NA,0,0,NA,2,NA,0",1,0.002358045651763818,91.41907187323146
"NA,NA,NA,1,NA,NA,NA,2,NA",1,0.002358045651763818,91.42142991888323
"NA,NA,2,NA,NA,NA,1,NA,1",1,0.002358045651763818,91.423787964535
"NA,NA,2,NA,NA,0,NA,0,NA",1,0.002358045651763818,91.42614601018676
"NA,NA,1,NA,NA,2,NA,2,2",1,0.002358045651763818,91.42850405583852
"1,1,2,2,1,2,2,2,2",1,0.002358045651763818,91.43086210149029
"2,NA,NA,2,2,NA,0,NA,0",1,0.002358045651763818,91.43322014714205
"2,NA,NA,NA,2,2,NA,0,NA",1,0.002358045651763818,91.43557819279381
"2,0,NA,1,1,2,2,NA,2",1,0.002358045651763818,91.43793623844557
"2,2,1,0,0,NA,0,0,NA",1,0.002358045651763818,91.44029428409735
"2,2,0,0,2,1,2,0,0",1,0.002358045651763818,91.44265232974911
"2,NA,0,2,NA,2,0,NA,NA",1,0.002358045651763818,91.44501037540087
"NA,2,NA,NA,NA,0,1,NA,2",1,0.002358045651763818,91.44736842105263
"NA,1,0,2,2,0,2,NA,0",1,0.002358045651763818,91.44972646670439
"0,NA,0,0,0,0,NA,2,NA",1,0.002358045651763818,91.45208451235615
"0,1,NA,2,2,NA,2,NA,1",1,0.002358045651763818,91.45444255800793
"1,2,2,2,2,0,2,0,0",1,0.002358045651763818,91.45680060365969
"2,1,2,0,0,2,NA,0,2",1,0.002358045651763818,91.45915864931146
"2,2,NA,2,2,0,1,1,1",1,0.002358045651763818,91.46151669496322
"2,1,NA,NA,2,1,NA,NA,1",1,0.002358045651763818,91.46387474061498
"2,1,NA,2,2,0,1,NA,2",1,0.002358045651763818,91.46623278626674
"2,0,1,NA,NA,0,2,2,2",1,0.002358045651763818,91.4685908319185
"0,2,2,0,0,2,0,0,0",1,0.002358045651763818,91.47094887757027
"NA,NA,2,0,2,2,2,NA,2",1,0.002358045651763818,91.47330692322203
"1,2,2,2,0,2,0,NA,0",1,0.002358045651763818,91.47566496887379
"NA,2,1,2,2,2,1,2,1",1,0.002358045651763818,91.47802301452556
"0,0,2,2,2,2,NA,2,NA",1,0.002358045651763818,91.48038106017734
"NA,0,NA,NA,1,NA,NA,NA,2",1,0.002358045651763818,91.4827391058291
"0,2,2,2,2,0,1,2,1",1,0.002358045651763818,91.48509715148086
"0,NA,0,2,1,NA,NA,NA,NA",1,0.002358045651763818,91.48745519713262
"2,NA,1,2,2,2,2,0,NA",1,0.002358045651763818,91.48981324278438
"1,2,NA,2,1,NA,NA,NA,1",1,0.002358045651763818,91.49217128843614
"NA,NA,2,0,NA,2,2,2,0",1,0.002358045651763818,91.4945293340879
"0,2,2,NA,1,0,NA,NA,1",1,0.002358045651763818,91.49688737973966
"1,NA,NA,NA,NA,2,1,NA,1",1,0.002358045651763818,91.49924542539144
"0,0,1,NA,1,NA,0,NA,NA",1,0.002358045651763818,91.5016034710432
"1,NA,2,NA,2,2,2,2,2",1,0.002358045651763818,91.50396151669497
"1,2,NA,0,0,NA,NA,0,2",1,0.002358045651763818,91.50631956234673
"1,NA,2,2,1,0,NA,NA,NA",1,0.002358045651763818,91.5086776079985
"1,2,NA,2,0,0,0,NA,1",1,0.002358045651763818,91.51103565365025
"NA,2,1,2,2,2,1,NA,0",1,0.002358045651763818,91.51339369930201
"NA,2,0,1,NA,NA,2,2,2",1,0.002358045651763818,91.51575174495377
"2,NA,NA,1,NA,NA,1,NA,NA",1,0.002358045651763818,91.51810979060555
"NA,NA,0,NA,NA,2,1,1,NA",1,0.002358045651763818,91.52046783625731
"0,0,2,1,1,NA,NA,NA,NA",1,0.002358045651763818,91.52282588190907
"2,2,2,NA,NA,1,NA,2,1",1,0.002358045651763818,91.52518392756083
"NA,NA,2,NA,NA,0,NA,1,1",1,0.002358045651763818,91.5275419732126
"2,2,2,NA,NA,2,2,1,1",1,0.002358045651763818,91.52990001886437
"0,NA,2,2,2,NA,0,0,1",1,0.002358045651763818,91.53225806451613
"0,2,1,1,2,1,2,2,NA",1,0.002358045651763818,91.53461611016789
"0,NA,NA,2,2,2,0,0,2",1,0.002358045651763818,91.53697415581966
"2,1,NA,0,2,NA,1,2,0",1,0.002358045651763818,91.53933220147142
"1,2,2,2,2,2,0,NA,0",1,0.002358045651763818,91.54169024712319
"2,NA,NA,0,2,2,NA,0,NA",1,0.002358045651763818,91.54404829277495
"1,1,NA,2,0,NA,NA,NA,NA",1,0.002358045651763818,91.5464063384267
"NA,1,0,2,2,1,2,2,NA",1,0.002358045651763818,91.54876438407847
"NA,0,1,NA,NA,NA,2,2,0",1,0.002358045651763818,91.55112242973024
"2,2,0,2,1,0,NA,1,1",1,0.002358045651763818,91.553480475382
"2,2,NA,1,1,NA,NA,1,NA",1,0.002358045651763818,91.55583852103378
"2,0,2,1,1,1,2,2,2",1,0.002358045651763818,91.55819656668554
"NA,NA,2,NA,2,NA,0,NA,2",1,0.002358045651763818,91.5605546123373
"0,2,1,2,1,2,1,NA,1",1,0.002358045651763818,91.56291265798906
"1,NA,2,2,2,2,1,NA,2",1,0.002358045651763818,91.56527070364082
"0,0,NA,0,2,2,NA,NA,1",1,0.002358045651763818,91.56762874929258
"2,2,NA,2,0,NA,2,0,2",1,0.002358045651763818,91.56998679494434
"NA,0,NA,NA,NA,NA,1,NA,1",1,0.002358045651763818,91.57234484059612
"0,NA,NA,NA,2,0,2,2,NA",1,0.002358045651763818,91.57470288624788
"2,NA,1,0,2,NA,0,NA,NA",1,0.002358045651763818,91.57706093189965
"2,NA,NA,NA,2,0,2,NA,NA",1,0.002358045651763818,91.57941897755141
"1,2,2,2,2,NA,2,2,NA",1,0.002358045651763818,91.58177702320317
"1,1,0,NA,NA,NA,2,1,1",1,0.002358045651763818,91.58413506885493
"NA,NA,0,2,NA,2,2,2,NA",1,0.002358045651763818,91.5864931145067
"NA,NA,NA,0,2,2,2,NA,1",1,0.002358045651763818,91.58885116015846
"NA,2,2,1,2,0,1,1,2",1,0.002358045651763818,91.59120920581022
"2,NA,1,NA,NA,0,2,2,NA",1,0.002358045651763818,91.59356725146199
"0,2,0,2,2,2,0,0,0",1,0.002358045651763818,91.59592529711375
"1,2,2,0,2,NA,2,0,0",1,0.002358045651763818,91.59828334276551
"2,1,NA,2,2,2,0,2,NA",1,0.002358045651763818,91.60064138841729
"2,2,0,1,2,2,2,2,0",1,0.002358045651763818,91.60299943406905
"0,1,NA,0,NA,2,2,NA,NA",1,0.002358045651763818,91.60535747972081
"1,2,2,1,1,2,1,2,1",1,0.002358045651763818,91.60771552537257
"2,1,1,1,2,2,1,NA,2",1,0.002358045651763818,91.61007357102433
"NA,2,1,2,2,NA,0,0,0",1,0.002358045651763818,91.6124316166761
"0,1,2,0,0,2,0,0,0",1,0.002358045651763818,91.61478966232787
"1,2,2,0,0,2,NA,NA,2",1,0.002358045651763818,91.61714770797963
"0,0,2,NA,2,NA,NA,NA,0",1,0.002358045651763818,91.61950575363139
"NA,0,1,1,2,2,NA,NA,NA",1,0.002358045651763818,91.62186379928315
"0,0,2,1,2,2,NA,NA,2",1,0.002358045651763818,91.62422184493492
"1,2,2,1,2,2,1,NA,1",1,0.002358045651763818,91.62657989058668
"0,2,NA,NA,2,NA,NA,NA,1",1,0.002358045651763818,91.62893793623844
"NA,2,0,2,2,1,2,2,NA",1,0.002358045651763818,91.6312959818902
"1,2,0,NA,0,NA,NA,2,NA",1,0.002358045651763818,91.63365402754198
"1,2,2,2,0,2,2,1,NA",1,0.002358045651763818,91.63601207319374
"NA,NA,0,NA,NA,2,2,2,2",1,0.002358045651763818,91.6383701188455
"0,0,NA,2,2,0,1,NA,NA",1,0.002358045651763818,91.64072816449726
"2,NA,1,2,2,0,1,NA,NA",1,0.002358045651763818,91.64308621014902
"0,1,2,2,2,2,0,0,2",1,0.002358045651763818,91.64544425580078
"NA,0,NA,2,2,2,NA,2,NA",1,0.002358045651763818,91.64780230145256
"2,0,NA,NA,NA,1,NA,NA,NA",1,0.002358045651763818,91.65016034710432
"NA,2,NA,0,2,2,2,NA,1",1,0.002358045651763818,91.6525183927561
"1,1,NA,0,0,1,2,NA,0",1,0.002358045651763818,91.65487643840785
"2,0,2,0,0,NA,NA,NA,NA",1,0.002358045651763818,91.65723448405961
"NA,2,0,2,1,2,2,2,NA",1,0.002358045651763818,91.65959252971138
"NA,2,2,NA,0,2,2,2,2",1,0.002358045651763818,91.66195057536314
"NA,0,0,2,1,2,2,NA,2",1,0.002358045651763818,91.6643086210149
"0,1,NA,NA,0,NA,NA,NA,NA",1,0.002358045651763818,91.66666666666666
"1,NA,NA,NA,0,1,2,NA,NA",1,0.002358045651763818,91.66902471231843
"NA,2,0,NA,NA,NA,NA,NA,0",1,0.002358045651763818,91.67138275797019
"NA,2,0,NA,NA,NA,NA,NA,1",1,0.002358045651763818,91.67374080362197
"NA,NA,2,2,2,0,2,NA,2",1,0.002358045651763818,91.67609884927373
"1,2,2,2,1,2,1,NA,1",1,0.002358045651763818,91.67845689492549
"NA,2,2,0,0,0,2,2,NA",1,0.002358045651763818,91.68081494057725
"2,NA,2,2,2,1,0,NA,NA",1,0.002358045651763818,91.68317298622901
"1,1,1,2,1,NA,0,NA,NA",1,0.002358045651763818,91.68553103188077
"2,2,2,0,0,2,2,1,NA",1,0.002358045651763818,91.68788907753253
"1,2,2,NA,NA,NA,2,2,1",1,0.002358045651763818,91.6902471231843
"2,NA,NA,0,2,NA,2,2,1",1,0.002358045651763818,91.69260516883607
"0,NA,0,0,NA,2,NA,NA,NA",1,0.002358045651763818,91.69496321448783
"0,2,2,2,2,1,1,2,1",1,0.002358045651763818,91.6973212601396
"0,0,NA,NA,NA,NA,0,NA,0",1,0.002358045651763818,91.69967930579136
"NA,NA,2,1,2,2,2,0,2",1,0.002358045651763818,91.70203735144312
"2,0,0,2,2,2,1,NA,2",1,0.002358045651763818,91.70439539709488
"2,NA,NA,2,2,NA,0,2,2",1,0.002358045651763818,91.70675344274665
"NA,2,2,2,2,NA,0,2,2",1,0.002358045651763818,91.70911148839842
"1,NA,NA,2,0,0,2,NA,NA",1,0.002358045651763818,91.71146953405018
"0,1,NA,2,2,2,0,NA,0",1,0.002358045651763818,91.71382757970194
"0,0,NA,2,2,1,1,NA,2",1,0.002358045651763818,91.7161856253537
"0,0,NA,NA,NA,1,NA,NA,NA",1,0.002358045651763818,91.71854367100548
"2,2,2,NA,2,0,NA,1,1",1,0.002358045651763818,91.72090171665724
"0,2,2,0,NA,0,2,2,NA",1,0.002358045651763818,91.723259762309
"1,2,2,0,0,2,2,0,NA",1,0.002358045651763818,91.72561780796076
"0,2,NA,NA,2,0,2,2,2",1,0.002358045651763818,91.72797585361253
"2,0,1,2,1,NA,NA,NA,NA",1,0.002358045651763818,91.7303338992643
"NA,2,2,2,NA,0,2,2,2",1,0.002358045651763818,91.73269194491606
"NA,NA,0,2,0,2,NA,2,2",1,0.002358045651763818,91.73504999056782
"NA,NA,0,2,2,2,2,0,0",1,0.002358045651763818,91.73740803621958
"2,1,2,0,0,2,1,2,0",1,0.002358045651763818,91.73976608187134
"0,0,NA,2,0,NA,2,0,0",1,0.002358045651763818,91.74212412752311
"1,1,2,2,2,0,2,0,1",1,0.002358045651763818,91.74448217317487
"NA,0,2,2,1,2,1,0,NA",1,0.002358045651763818,91.74684021882665
"0,1,1,NA,NA,NA,2,2,NA",1,0.002358045651763818,91.74919826447841
"2,2,NA,0,2,0,2,NA,1",1,0.002358045651763818,91.75155631013017
"2,2,NA,1,1,NA,2,0,NA",1,0.002358045651763818,91.75391435578193
"2,2,1,2,1,NA,2,0,NA",1,0.002358045651763818,91.75627240143369
"1,0,2,2,2,NA,2,0,NA",1,0.002358045651763818,91.75863044708545
"2,NA,NA,NA,2,NA,NA,NA,0",1,0.002358045651763818,91.76098849273721
"NA,1,0,NA,0,NA,0,0,NA",1,0.002358045651763818,91.76334653838897
"2,1,0,0,0,0,2,NA,1",1,0.002358045651763818,91.76570458404075
"NA,2,2,1,2,0,NA,NA,NA",1,0.002358045651763818,91.76806262969251
"1,2,2,NA,0,2,2,2,2",1,0.002358045651763818,91.77042067534428
"2,2,2,2,2,1,0,2,0",1,0.002358045651763818,91.77277872099604
"NA,0,2,1,2,2,2,2,NA",1,0.002358045651763818,91.7751367666478
"0,2,NA,2,NA,2,2,1,2",1,0.002358045651763818,91.77749481229957
"0,NA,2,2,0,0,1,2,2",1,0.002358045651763818,91.77985285795133
"1,2,2,NA,NA,1,2,2,1",1,0.002358045651763818,91.78221090360309
"1,NA,0,2,2,2,1,NA,NA",1,0.002358045651763818,91.78456894925485
"NA,2,0,2,NA,2,2,NA,2",1,0.002358045651763818,91.78692699490662
"2,1,2,2,2,2,1,2,1",1,0.002358045651763818,91.78928504055838
"0,2,0,NA,NA,0,NA,NA,NA",1,0.002358045651763818,91.79164308621014
"0,2,0,2,0,NA,NA,0,NA",1,0.002358045651763818,91.79400113186192
"1,2,NA,2,2,2,NA,0,NA",1,0.002358045651763818,91.79635917751368
"NA,1,0,0,0,NA,1,2,NA",1,0.002358045651763818,91.79871722316544
"2,2,1,NA,1,2,0,NA,NA",1,0.002358045651763818,91.8010752688172
"NA,2,2,0,2,2,1,2,1",1,0.002358045651763818,91.80343331446896
"2,2,2,1,1,0,1,NA,1",1,0.002358045651763818,91.80579136012074
"2,2,2,NA,NA,2,1,1,1",1,0.002358045651763818,91.8081494057725
"2,0,2,1,2,2,2,NA,NA",1,0.002358045651763818,91.81050745142426
"NA,1,2,2,2,2,2,NA,0",1,0.002358045651763818,91.81286549707602
"2,1,NA,2,2,2,0,0,0",1,0.002358045651763818,91.8152235427278
"NA,2,2,0,2,0,2,1,2",1,0.002358045651763818,91.81758158837955
"0,NA,2,2,1,2,1,2,2",1,0.002358045651763818,91.81993963403131
"2,2,2,0,2,0,0,2,0",1,0.002358045651763818,91.82229767968307
"1,NA,NA,NA,2,NA,0,NA,NA",1,0.002358045651763818,91.82465572533485
"NA,NA,NA,1,0,2,1,NA,2",1,0.002358045651763818,91.82701377098661
"1,0,NA,1,1,2,2,NA,2",1,0.002358045651763818,91.82937181663837
"1,2,0,2,2,2,0,0,2",1,0.002358045651763818,91.83172986229013
"1,2,2,2,1,0,2,1,NA",1,0.002358045651763818,91.83408790794189
"2,NA,2,2,0,0,0,NA,2",1,0.002358045651763818,91.83644595359365
"1,1,2,1,2,NA,2,2,2",1,0.002358045651763818,91.83880399924543
"1,1,2,2,0,1,NA,2,NA",1,0.002358045651763818,91.84116204489719
"2,1,2,NA,NA,0,2,2,NA",1,0.002358045651763818,91.84352009054896
"2,2,0,2,2,2,NA,NA,2",1,0.002358045651763818,91.84587813620072
"NA,NA,NA,0,0,1,2,NA,0",1,0.002358045651763818,91.84823618185249
"2,2,NA,0,2,NA,NA,0,NA",1,0.002358045651763818,91.85059422750425
"0,NA,2,1,1,0,2,2,NA",1,0.002358045651763818,91.852952273156
"NA,2,2,2,2,NA,2,NA,1",1,0.002358045651763818,91.85531031880777
"0,2,NA,2,1,NA,2,2,1",1,0.002358045651763818,91.85766836445953
"2,0,NA,2,2,NA,2,0,1",1,0.002358045651763818,91.86002641011129
"1,1,NA,2,2,NA,2,2,NA",1,0.002358045651763818,91.86238445576306
"NA,2,0,0,0,2,0,0,0",1,0.002358045651763818,91.86474250141484
"2,NA,NA,1,1,NA,2,NA,NA",1,0.002358045651763818,91.8671005470666
"2,2,2,0,0,NA,NA,NA,NA",1,0.002358045651763818,91.86945859271836
"0,0,1,1,2,1,2,1,2",1,0.002358045651763818,91.87181663837012
"2,NA,1,2,2,0,2,NA,2",1,0.002358045651763818,91.87417468402188
"2,NA,NA,2,0,1,2,NA,2",1,0.002358045651763818,91.87653272967364
"NA,0,NA,NA,NA,1,NA,NA,2",1,0.002358045651763818,91.8788907753254
"0,0,2,2,2,2,2,0,0",1,0.002358045651763818,91.88124882097718
"0,1,1,2,2,NA,2,NA,NA",1,0.002358045651763818,91.88360686662894
"1,1,1,2,1,1,2,0,1",1,0.002358045651763818,91.8859649122807
"2,2,NA,1,1,1,1,2,2",1,0.002358045651763818,91.88832295793247
"0,2,1,1,1,NA,0,2,1",1,0.002358045651763818,91.89068100358423
"2,2,NA,0,0,NA,0,2,2",1,0.002358045651763818,91.893039049236
"0,2,NA,0,0,NA,NA,NA,1",1,0.002358045651763818,91.89539709488776
"2,1,2,2,1,0,2,2,1",1,0.002358045651763818,91.89775514053952
"0,2,NA,NA,0,2,2,NA,NA",1,0.002358045651763818,91.90011318619129
"2,2,2,NA,NA,NA,2,0,1",1,0.002358045651763818,91.90247123184305
"0,2,1,1,NA,NA,NA,NA,NA",1,0.002358045651763818,91.90482927749481
"NA,2,NA,2,1,2,2,2,1",1,0.002358045651763818,91.90718732314657
"0,NA,0,NA,NA,NA,2,0,NA",1,0.002358045651763818,91.90954536879833
"NA,2,2,1,1,NA,2,1,NA",1,0.002358045651763818,91.91190341445011
"0,2,2,0,2,0,0,2,NA",1,0.002358045651763818,91.91426146010187
"2,NA,0,2,2,2,NA,2,NA",1,0.002358045651763818,91.91661950575363
"NA,2,2,0,1,2,2,2,NA",1,0.002358045651763818,91.91897755140539
"NA,NA,1,NA,1,NA,NA,0,NA",1,0.002358045651763818,91.92133559705717
"1,2,2,1,2,0,2,NA,NA",1,0.002358045651763818,91.92369364270893
"NA,NA,NA,NA,NA,2,2,1,1",1,0.002358045651763818,91.92605168836069
"NA,NA,NA,NA,2,0,NA,NA,2",1,0.002358045651763818,91.92840973401245
"0,0,1,2,2,0,2,1,2",1,0.002358045651763818,91.93076777966421
"2,2,0,NA,2,2,2,1,NA",1,0.002358045651763818,91.93312582531597
"2,NA,NA,1,1,2,2,0,2",1,0.002358045651763818,91.93548387096774
"2,0,NA,2,0,0,2,2,2",1,0.002358045651763818,91.9378419166195
"2,2,NA,1,1,NA,2,2,NA",1,0.002358045651763818,91.94019996227128
"NA,NA,0,1,2,NA,2,NA,NA",1,0.002358045651763818,91.94255800792304
"NA,2,0,2,1,NA,0,2,NA",1,0.002358045651763818,91.9449160535748
"NA,NA,1,0,0,1,NA,NA,NA",1,0.002358045651763818,91.94727409922656
"2,1,NA,0,2,NA,NA,2,NA",1,0.002358045651763818,91.94963214487832
"NA,2,NA,0,2,0,2,NA,NA",1,0.002358045651763818,91.95199019053008
"2,NA,2,NA,1,NA,2,2,0",1,0.002358045651763818,91.95434823618184
"2,2,2,NA,NA,NA,0,NA,1",1,0.002358045651763818,91.95670628183362
"NA,2,0,0,2,NA,2,2,NA",1,0.002358045651763818,91.95906432748538
"NA,2,NA,2,2,1,1,NA,0",1,0.002358045651763818,91.96142237313715
"NA,2,NA,2,0,NA,2,2,2",1,0.002358045651763818,91.96378041878891
"0,NA,NA,NA,NA,2,2,NA,1",1,0.002358045651763818,91.96613846444068
"2,2,0,0,2,0,2,0,0",1,0.002358045651763818,91.96849651009244
"0,2,2,1,1,0,2,2,2",1,0.002358045651763818,91.9708545557442
"NA,NA,NA,2,1,NA,2,NA,0",1,0.002358045651763818,91.97321260139596
"NA,1,0,2,2,2,2,NA,NA",1,0.002358045651763818,91.97557064704772
"2,NA,2,2,0,NA,NA,NA,2",1,0.002358045651763818,91.97792869269949
"NA,2,0,2,2,2,1,2,2",1,0.002358045651763818,91.98028673835125
"2,0,NA,2,1,2,NA,NA,NA",1,0.002358045651763818,91.98264478400301
"NA,2,1,2,2,1,2,1,1",1,0.002358045651763818,91.98500282965479
"2,2,1,2,2,NA,1,2,2",1,0.002358045651763818,91.98736087530655
"NA,2,NA,0,2,NA,NA,NA,2",1,0.002358045651763818,91.98971892095831
"2,0,2,2,2,2,2,0,0",1,0.002358045651763818,91.99207696661007
"1,2,2,NA,2,2,2,NA,NA",1,0.002358045651763818,91.99443501226183
"0,NA,0,2,2,1,2,2,1",1,0.002358045651763818,91.9967930579136
"2,2,0,1,NA,2,2,0,2",1,0.002358045651763818,91.99915110356537
"2,0,NA,1,2,0,0,NA,NA",1,0.002358045651763818,92.00150914921713
"NA,1,1,1,0,NA,NA,NA,NA",1,0.002358045651763818,92.00386719486889
"2,NA,NA,2,2,2,1,0,2",1,0.002358045651763818,92.00622524052065
"2,2,1,NA,NA,0,2,NA,1",1,0.002358045651763818,92.00858328617242
"0,0,NA,NA,NA,NA,0,2,2",1,0.002358045651763818,92.01094133182418
"2,2,2,2,0,1,0,1,2",1,0.002358045651763818,92.01329937747595
"2,2,0,2,2,2,1,2,0",1,0.002358045651763818,92.01565742312772
"NA,1,0,0,2,NA,NA,NA,NA",1,0.002358045651763818,92.01801546877948
"2,NA,0,0,NA,NA,2,2,NA",1,0.002358045651763818,92.02037351443124
"2,2,2,2,1,1,1,NA,0",1,0.002358045651763818,92.022731560083
"NA,1,2,0,0,2,NA,0,0",1,0.002358045651763818,92.02508960573476
"0,NA,NA,2,0,0,NA,2,NA",1,0.002358045651763818,92.02744765138652
"2,NA,1,1,2,2,2,2,1",1,0.002358045651763818,92.02980569703828
"0,NA,2,1,2,NA,NA,NA,NA",1,0.002358045651763818,92.03216374269006
"2,NA,2,1,NA,NA,1,NA,NA",1,0.002358045651763818,92.03452178834183
"2,1,0,2,2,NA,2,0,NA",1,0.002358045651763818,92.0368798339936
"0,0,NA,2,2,2,2,1,2",1,0.002358045651763818,92.03923787964536
"1,2,NA,2,0,0,1,NA,NA",1,0.002358045651763818,92.04159592529712
"2,NA,2,2,2,NA,2,2,0",1,0.002358045651763818,92.04395397094888
"2,2,NA,NA,NA,NA,1,2,1",1,0.002358045651763818,92.04631201660064
"2,NA,NA,1,2,2,2,2,1",1,0.002358045651763818,92.0486700622524
"NA,1,2,2,2,0,1,0,NA",1,0.002358045651763818,92.05102810790416
"2,NA,NA,2,2,NA,2,NA,0",1,0.002358045651763818,92.05338615355593
"2,NA,0,2,0,2,2,0,NA",1,0.002358045651763818,92.0557441992077
"2,1,0,2,2,2,1,1,0",1,0.002358045651763818,92.05810224485947
"1,1,2,2,2,1,2,0,0",1,0.002358045651763818,92.06046029051123
"NA,NA,NA,NA,NA,1,1,0,NA",1,0.002358045651763818,92.06281833616299
"0,NA,NA,NA,NA,NA,NA,0,1",1,0.002358045651763818,92.06517638181475
"2,1,NA,1,1,1,0,NA,1",1,0.002358045651763818,92.06753442746651
"1,2,2,2,NA,2,2,2,2",1,0.002358045651763818,92.06989247311827
"0,2,2,1,1,2,2,2,NA",1,0.002358045651763818,92.07225051877003
"0,NA,2,2,2,2,2,2,1",1,0.002358045651763818,92.07460856442181
"2,0,NA,NA,1,NA,NA,2,0",1,0.002358045651763818,92.07696661007357
"2,2,NA,2,NA,NA,1,1,2",1,0.002358045651763818,92.07932465572533
"2,2,1,0,2,2,1,NA,0",1,0.002358045651763818,92.0816827013771
"0,0,2,NA,2,NA,NA,NA,NA",1,0.002358045651763818,92.08404074702887
"2,0,NA,1,1,2,2,0,NA",1,0.002358045651763818,92.08639879268063
"2,1,2,2,2,NA,0,2,2",1,0.002358045651763818,92.08875683833239
"0,NA,NA,1,1,NA,0,NA,NA",1,0.002358045651763818,92.09111488398415
"2,2,2,2,0,2,1,2,NA",1,0.002358045651763818,92.09347292963592
"0,NA,2,0,2,2,1,NA,NA",1,0.002358045651763818,92.09583097528768
"NA,2,2,2,2,2,NA,1,NA",1,0.002358045651763818,92.09818902093944
"NA,NA,2,NA,NA,2,NA,0,NA",1,0.002358045651763818,92.1005470665912
"NA,2,NA,2,0,NA,NA,NA,1",1,0.002358045651763818,92.10290511224298
"2,2,2,NA,NA,0,1,2,2",1,0.002358045651763818,92.10526315789474
"NA,0,NA,2,2,NA,1,2,NA",1,0.002358045651763818,92.1076212035465
"NA,2,1,NA,2,2,NA,2,NA",1,0.002358045651763818,92.10997924919826
"2,0,NA,2,1,0,1,NA,1",1,0.002358045651763818,92.11233729485004
"2,2,0,NA,NA,2,2,NA,2",1,0.002358045651763818,92.1146953405018
"2,0,NA,0,0,NA,NA,NA,0",1,0.002358045651763818,92.11705338615356
"2,2,NA,2,0,2,0,0,2",1,0.002358045651763818,92.11941143180532
"2,2,0,0,NA,NA,0,NA,NA",1,0.002358045651763818,92.12176947745708
"NA,NA,NA,2,0,0,2,2,1",1,0.002358045651763818,92.12412752310884
"1,2,2,1,1,2,2,1,NA",1,0.002358045651763818,92.12648556876061
"NA,NA,2,NA,NA,1,1,0,NA",1,0.002358045651763818,92.12884361441238
"2,0,NA,NA,2,NA,NA,1,NA",1,0.002358045651763818,92.13120166006415
"2,2,NA,1,0,0,2,NA,2",1,0.002358045651763818,92.13355970571591
"2,2,NA,2,2,1,0,NA,1",1,0.002358045651763818,92.13591775136767
"1,0,NA,NA,NA,NA,1,0,NA",1,0.002358045651763818,92.13827579701943
"2,2,2,2,2,1,NA,2,NA",1,0.002358045651763818,92.14063384267119
"2,1,NA,1,2,NA,NA,NA,2",1,0.002358045651763818,92.14299188832295
"NA,0,NA,2,NA,2,2,NA,NA",1,0.002358045651763818,92.14534993397471
"1,NA,NA,2,0,NA,1,1,0",1,0.002358045651763818,92.14770797962647
"NA,1,2,2,2,1,NA,2,1",1,0.002358045651763818,92.15006602527825
"0,NA,1,0,2,NA,NA,NA,NA",1,0.002358045651763818,92.15242407093001
"2,0,1,2,0,2,2,NA,2",1,0.002358045651763818,92.15478211658179
"2,2,1,NA,NA,NA,NA,NA,0",1,0.002358045651763818,92.15714016223355
"NA,NA,0,NA,NA,0,2,NA,NA",1,0.002358045651763818,92.1594982078853
"2,2,NA,NA,2,NA,NA,NA,1",1,0.002358045651763818,92.16185625353707
"2,1,2,2,0,2,2,1,2",1,0.002358045651763818,92.16421429918883
"NA,2,1,2,0,2,2,2,NA",1,0.002358045651763818,92.16657234484059
"2,0,NA,NA,NA,NA,2,NA,0",1,0.002358045651763818,92.16893039049236
"0,2,NA,NA,2,2,2,2,1",1,0.002358045651763818,92.17128843614412
"NA,0,2,NA,NA,NA,NA,1,2",1,0.002358045651763818,92.17364648179588
"2,NA,NA,1,1,NA,1,NA,NA",1,0.002358045651763818,92.17600452744765
"2,NA,1,1,2,NA,NA,1,NA",1,0.002358045651763818,92.17836257309942
"NA,2,1,2,1,2,2,1,1",1,0.002358045651763818,92.18072061875118
"2,0,2,0,2,2,0,0,2",1,0.002358045651763818,92.18307866440294
"1,NA,NA,1,NA,NA,NA,NA,1",1,0.002358045651763818,92.1854367100547
"1,2,2,2,2,2,NA,NA,2",1,0.002358045651763818,92.18779475570648
"0,0,0,2,2,NA,0,NA,0",1,0.002358045651763818,92.19015280135824
"2,0,2,2,NA,0,2,2,2",1,0.002358045651763818,92.19251084701
"1,0,NA,0,0,NA,0,1,NA",1,0.002358045651763818,92.19486889266176
"NA,NA,2,NA,0,NA,2,2,NA",1,0.002358045651763818,92.19722693831352
"0,0,NA,NA,1,1,0,NA,NA",1,0.002358045651763818,92.1995849839653
"2,1,1,2,1,1,NA,NA,1",1,0.002358045651763818,92.20194302961706
"2,NA,NA,1,2,2,2,1,1",1,0.002358045651763818,92.20430107526882
"NA,0,2,0,0,0,2,0,NA",1,0.002358045651763818,92.20665912092058
"0,2,NA,2,2,1,2,NA,1",1,0.002358045651763818,92.20901716657235
"2,2,1,2,1,1,2,1,2",1,0.002358045651763818,92.21137521222411
"2,2,0,2,2,1,1,2,2",1,0.002358045651763818,92.21373325787587
"2,2,2,2,1,2,0,2,1",1,0.002358045651763818,92.21609130352763
"2,2,0,0,1,0,2,2,2",1,0.002358045651763818,92.2184493491794
"NA,0,2,1,2,2,2,NA,NA",1,0.002358045651763818,92.22080739483116
"0,NA,2,0,1,0,0,2,NA",1,0.002358045651763818,92.22316544048293
"2,2,0,1,2,1,NA,2,NA",1,0.002358045651763818,92.22552348613469
"1,2,NA,2,2,2,2,1,2",1,0.002358045651763818,92.22788153178647
"2,1,1,2,1,2,1,NA,NA",1,0.002358045651763818,92.23023957743823
"0,2,NA,1,2,1,NA,NA,NA",1,0.002358045651763818,92.23259762308999
"NA,NA,2,0,0,2,2,1,2",1,0.002358045651763818,92.23495566874175
"2,NA,NA,1,1,0,2,NA,1",1,0.002358045651763818,92.23731371439351
"0,1,2,NA,2,NA,2,2,1",1,0.002358045651763818,92.23967176004527
"NA,NA,2,2,1,2,NA,1,NA",1,0.002358045651763818,92.24202980569703
"NA,0,NA,0,0,2,0,NA,NA",1,0.002358045651763818,92.24438785134879
"1,NA,NA,1,2,NA,1,2,0",1,0.002358045651763818,92.24674589700057
"2,2,NA,2,NA,NA,1,NA,NA",1,0.002358045651763818,92.24910394265234
"NA,NA,NA,NA,2,2,NA,0,NA",1,0.002358045651763818,92.2514619883041
"NA,0,NA,2,NA,NA,1,NA,NA",1,0.002358045651763818,92.25382003395586
"0,2,2,NA,0,NA,NA,2,0",1,0.002358045651763818,92.25617807960762
"NA,1,1,0,2,1,1,2,1",1,0.002358045651763818,92.25853612525938
"0,1,NA,NA,NA,NA,NA,2,NA",1,0.002358045651763818,92.26089417091114
"NA,2,2,0,1,NA,0,2,NA",1,0.002358045651763818,92.2632522165629
"0,NA,NA,2,NA,1,NA,NA,NA",1,0.002358045651763818,92.26561026221468
"1,1,NA,0,0,2,2,0,NA",1,0.002358045651763818,92.26796830786644
"1,NA,NA,2,2,NA,0,0,NA",1,0.002358045651763818,92.2703263535182
"2,0,1,1,2,2,1,2,2",1,0.002358045651763818,92.27268439916998
"NA,1,2,2,0,NA,0,NA,2",1,0.002358045651763818,92.27504244482174
"2,2,1,2,2,0,2,NA,1",1,0.002358045651763818,92.2774004904735
"1,2,0,1,2,0,2,NA,NA",1,0.002358045651763818,92.27975853612526
"NA,2,NA,2,NA,1,NA,NA,NA",1,0.002358045651763818,92.28211658177702
"2,2,0,2,0,1,0,NA,2",1,0.002358045651763818,92.28447462742879
"2,2,2,NA,NA,NA,2,1,NA",1,0.002358045651763818,92.28683267308055
"0,2,0,0,0,2,NA,2,1",1,0.002358045651763818,92.28919071873231
"0,0,NA,2,2,NA,1,2,0",1,0.002358045651763818,92.29154876438407
"NA,2,2,NA,2,2,1,NA,0",1,0.002358045651763818,92.29390681003584
"2,2,2,0,0,0,0,2,NA",1,0.002358045651763818,92.29626485568761
"0,2,1,2,2,2,NA,NA,NA",1,0.002358045651763818,92.29862290133937
"0,2,0,0,0,2,0,2,0",1,0.002358045651763818,92.30098094699113
"NA,1,1,1,NA,NA,1,2,NA",1,0.002358045651763818,92.3033389926429
"2,2,NA,NA,2,1,NA,NA,1",1,0.002358045651763818,92.30569703829467
"NA,2,2,2,2,NA,2,NA,0",1,0.002358045651763818,92.30805508394643
"2,2,NA,2,1,NA,1,1,NA",1,0.002358045651763818,92.31041312959819
"NA,2,2,2,2,0,0,NA,0",1,0.002358045651763818,92.31277117524995
"0,2,NA,2,1,NA,2,1,1",1,0.002358045651763818,92.31512922090171
"NA,0,NA,2,0,0,2,2,2",1,0.002358045651763818,92.31748726655347
"NA,2,0,2,2,0,NA,2,NA",1,0.002358045651763818,92.31984531220525
"NA,NA,0,1,2,2,2,NA,NA",1,0.002358045651763818,92.322203357857
"2,0,2,2,1,2,1,2,2",1,0.002358045651763818,92.32456140350878
"2,2,1,NA,2,0,NA,2,NA",1,0.002358045651763818,92.32691944916054
"2,NA,2,2,2,1,2,NA,NA",1,0.002358045651763818,92.3292774948123
"1,NA,NA,1,1,2,1,NA,NA",1,0.002358045651763818,92.33163554046406
"2,NA,1,NA,2,NA,NA,2,NA",1,0.002358045651763818,92.33399358611582
"2,NA,NA,2,2,1,NA,NA,2",1,0.002358045651763818,92.33635163176758
"2,2,0,1,1,1,NA,NA,NA",1,0.002358045651763818,92.33870967741935
"NA,2,0,2,1,NA,NA,NA,NA",1,0.002358045651763818,92.34106772307112
"NA,1,NA,1,2,1,0,NA,NA",1,0.002358045651763818,92.34342576872288
"0,NA,NA,1,2,NA,2,NA,0",1,0.002358045651763818,92.34578381437466
"2,0,1,2,2,NA,2,2,2",1,0.002358045651763818,92.34814186002642
"2,2,2,1,1,NA,2,2,0",1,0.002358045651763818,92.35049990567818
"NA,0,NA,2,NA,2,2,NA,2",1,0.002358045651763818,92.35285795132994
"NA,2,2,1,2,NA,2,1,NA",1,0.002358045651763818,92.3552159969817
"0,1,NA,2,2,2,0,0,2",1,0.002358045651763818,92.35757404263346
"NA,1,0,2,NA,NA,NA,NA,NA",1,0.002358045651763818,92.35993208828522
"2,2,2,0,1,2,2,2,NA",1,0.002358045651763818,92.362290133937
"NA,0,2,NA,1,NA,2,2,NA",1,0.002358045651763818,92.36464817958876
"NA,NA,2,2,1,1,1,NA,NA",1,0.002358045651763818,92.36700622524052
"2,NA,NA,2,2,1,2,2,NA",1,0.002358045651763818,92.36936427089229
"2,1,1,2,1,2,0,2,NA",1,0.002358045651763818,92.37172231654405
"2,2,0,NA,1,NA,2,2,NA",1,0.002358045651763818,92.37408036219581
"2,2,0,2,1,2,2,NA,NA",1,0.002358045651763818,92.37643840784757
"2,NA,1,NA,2,1,2,NA,NA",1,0.002358045651763818,92.37879645349933
"0,0,NA,NA,NA,2,0,NA,2",1,0.002358045651763818,92.38115449915111
"NA,NA,NA,0,0,NA,0,0,0",1,0.002358045651763818,92.38351254480287
"2,NA,NA,2,1,2,NA,NA,1",1,0.002358045651763818,92.38587059045463
"0,2,NA,2,2,2,0,2,2",1,0.002358045651763818,92.38822863610639
"2,2,NA,2,1,1,1,NA,NA",1,0.002358045651763818,92.39058668175815
"1,2,0,0,2,2,2,NA,2",1,0.002358045651763818,92.39294472740993
"2,NA,0,2,1,2,NA,NA,2",1,0.002358045651763818,92.39530277306169
"2,2,NA,1,1,NA,2,0,2",1,0.002358045651763818,92.39766081871345
"NA,NA,1,1,0,0,1,NA,0",1,0.002358045651763818,92.40001886436522
"2,NA,1,2,0,2,2,NA,NA",1,0.002358045651763818,92.40237691001698
"2,2,0,0,2,NA,2,2,1",1,0.002358045651763818,92.40473495566874
"2,2,NA,0,NA,0,NA,2,NA",1,0.002358045651763818,92.4070930013205
"1,1,1,1,1,1,1,1,NA",1,0.002358045651763818,92.40945104697226
"0,2,2,2,1,0,2,1,1",1,0.002358045651763818,92.41180909262403
"1,2,NA,NA,NA,NA,2,NA,2",1,0.002358045651763818,92.41416713827579
"NA,NA,1,2,2,2,2,0,2",1,0.002358045651763818,92.41652518392756
"NA,2,2,2,0,1,2,0,NA",1,0.002358045651763818,92.41888322957934
"2,NA,1,2,2,NA,0,2,2",1,0.002358045651763818,92.4212412752311
"2,NA,2,NA,NA,0,2,1,1",1,0.002358045651763818,92.42359932088286
"1,2,NA,2,1,NA,0,NA,NA",1,0.002358045651763818,92.42595736653462
"0,2,NA,0,2,2,2,2,2",1,0.002358045651763818,92.42831541218638
"2,2,2,NA,0,2,2,1,NA",1,0.002358045651763818,92.43067345783814
"2,1,NA,0,0,NA,0,2,NA",1,0.002358045651763818,92.4330315034899
"0,NA,NA,1,1,2,2,NA,NA",1,0.002358045651763818,92.43538954914166
"1,NA,NA,NA,0,NA,2,0,1",1,0.002358045651763818,92.43774759479344
"2,NA,NA,1,1,NA,1,2,2",1,0.002358045651763818,92.4401056404452
"NA,0,2,2,1,1,2,1,2",1,0.002358045651763818,92.44246368609697
"2,2,1,NA,2,NA,2,1,1",1,0.002358045651763818,92.44482173174873
"2,0,2,NA,2,2,2,1,2",1,0.002358045651763818,92.44717977740049
"0,0,2,0,1,2,2,0,2",1,0.002358045651763818,92.44953782305225
"2,2,NA,NA,0,NA,2,1,1",1,0.002358045651763818,92.45189586870401
"2,NA,NA,NA,0,NA,1,2,1",1,0.002358045651763818,92.45425391435577
"2,2,0,2,0,2,0,0,1",1,0.002358045651763818,92.45661196000755
"0,2,2,1,1,2,0,NA,1",1,0.002358045651763818,92.45897000565931
"NA,0,0,0,2,2,2,1,0",1,0.002358045651763818,92.46132805131107
"1,2,NA,NA,NA,NA,2,2,0",1,0.002358045651763818,92.46368609696283
"0,2,1,NA,NA,NA,1,NA,2",1,0.002358045651763818,92.4660441426146
"2,NA,0,NA,1,2,2,2,2",1,0.002358045651763818,92.46840218826637
"0,0,2,NA,NA,NA,0,NA,2",1,0.002358045651763818,92.47076023391813
"NA,2,1,2,2,2,2,NA,0",1,0.002358045651763818,92.47311827956989
"NA,0,0,0,0,2,NA,0,NA",1,0.002358045651763818,92.47547632522166
"2,2,NA,2,0,0,NA,NA,NA",1,0.002358045651763818,92.47783437087342
"NA,2,0,0,2,0,NA,NA,NA",1,0.002358045651763818,92.48019241652518
"NA,NA,2,NA,NA,2,2,1,2",1,0.002358045651763818,92.48255046217695
"1,2,NA,0,2,NA,1,NA,NA",1,0.002358045651763818,92.4849085078287
"NA,1,2,1,2,NA,0,1,NA",1,0.002358045651763818,92.48726655348048
"NA,0,NA,0,NA,2,NA,NA,NA",1,0.002358045651763818,92.48962459913224
"1,2,NA,2,2,1,2,0,0",1,0.002358045651763818,92.491982644784
"NA,NA,NA,1,1,1,2,NA,0",1,0.002358045651763818,92.49434069043578
"NA,NA,NA,0,NA,2,NA,NA,2",1,0.002358045651763818,92.49669873608754
"NA,2,2,NA,2,0,0,2,2",1,0.002358045651763818,92.4990567817393
"2,1,2,0,2,NA,0,NA,2",1,0.002358045651763818,92.50141482739106
"2,1,2,2,0,1,2,2,0",1,0.002358045651763818,92.50377287304282
"2,0,1,2,2,2,1,NA,2",1,0.002358045651763818,92.50613091869458
"1,NA,2,NA,NA,2,2,2,NA",1,0.002358045651763818,92.50848896434634
"NA,NA,2,2,1,2,2,2,1",1,0.002358045651763818,92.51084700999812
"2,2,1,0,0,2,0,NA,0",1,0.002358045651763818,92.51320505564988
"2,0,NA,0,0,NA,NA,NA,NA",1,0.002358045651763818,92.51556310130165
"2,2,1,1,2,0,1,0,NA",1,0.002358045651763818,92.51792114695341
"1,2,2,0,2,NA,2,NA,NA",1,0.002358045651763818,92.52027919260517
"NA,NA,2,1,1,2,0,NA,NA",1,0.002358045651763818,92.52263723825693
"NA,NA,NA,1,0,NA,2,0,2",1,0.002358045651763818,92.5249952839087
"NA,NA,NA,1,2,0,1,NA,2",1,0.002358045651763818,92.52735332956046
"2,1,NA,2,1,2,2,NA,2",1,0.002358045651763818,92.52971137521222
"NA,NA,2,2,2,2,1,1,1",1,0.002358045651763818,92.53206942086398
"NA,2,NA,NA,1,0,NA,NA,1",1,0.002358045651763818,92.53442746651575
"2,0,NA,NA,0,NA,NA,2,NA",1,0.002358045651763818,92.53678551216751
"NA,1,1,1,1,NA,2,NA,1",1,0.002358045651763818,92.53914355781929
"2,2,2,0,NA,2,2,NA,2",1,0.002358045651763818,92.54150160347105
"NA,NA,NA,NA,2,0,NA,0,NA",1,0.002358045651763818,92.54385964912281
"NA,NA,1,0,2,2,2,NA,NA",1,0.002358045651763818,92.54621769477457
"0,NA,NA,1,2,1,2,NA,NA",1,0.002358045651763818,92.54857574042633
"2,2,0,0,0,0,NA,NA,NA",1,0.002358045651763818,92.55093378607809
"0,0,0,2,2,NA,1,NA,NA",1,0.002358045651763818,92.55329183172987
"NA,0,2,NA,0,NA,NA,2,NA",1,0.002358045651763818,92.55564987738163
"NA,NA,2,NA,NA,1,2,2,1",1,0.002358045651763818,92.55800792303339
"2,0,NA,NA,NA,2,1,1,1",1,0.002358045651763818,92.56036596868515
"NA,NA,2,2,NA,2,0,0,NA",1,0.002358045651763818,92.56272401433692
"1,2,NA,2,NA,NA,NA,NA,1",1,0.002358045651763818,92.56508205998868
"1,0,0,2,NA,NA,NA,NA,NA",1,0.002358045651763818,92.56744010564044
"2,1,1,2,2,2,0,0,NA",1,0.002358045651763818,92.5697981512922
"2,2,0,2,2,2,2,1,1",1,0.002358045651763818,92.57215619694398
"2,1,1,2,2,2,0,0,2",1,0.002358045651763818,92.57451424259574
"0,NA,2,2,0,NA,2,NA,2",1,0.002358045651763818,92.5768722882475
"2,1,2,NA,1,NA,0,NA,NA",1,0.002358045651763818,92.57923033389926
"2,1,NA,NA,2,NA,2,NA,2",1,0.002358045651763818,92.58158837955102
"1,1,NA,1,2,2,0,NA,NA",1,0.002358045651763818,92.5839464252028
"2,2,1,2,1,0,1,2,1",1,0.002358045651763818,92.58630447085456
"NA,NA,2,2,2,2,2,1,2",1,0.002358045651763818,92.58866251650632
"0,0,NA,1,2,2,2,NA,0",1,0.002358045651763818,92.59102056215809
"0,2,NA,0,0,NA,2,NA,2",1,0.002358045651763818,92.59337860780985
"0,2,0,2,0,1,2,0,NA",1,0.002358045651763818,92.59573665346161
"2,2,2,2,NA,2,2,2,1",1,0.002358045651763818,92.59809469911337
"2,0,NA,NA,1,NA,NA,NA,1",1,0.002358045651763818,92.60045274476514
"2,2,0,1,0,NA,NA,2,NA",1,0.002358045651763818,92.6028107904169
"2,1,2,2,0,NA,2,NA,0",1,0.002358045651763818,92.60516883606866
"1,1,1,0,2,NA,2,2,2",1,0.002358045651763818,92.60752688172043
"2,NA,2,1,1,NA,2,2,1",1,0.002358045651763818,92.60988492737219
"0,NA,2,1,2,0,1,1,NA",1,0.002358045651763818,92.61224297302397
"2,1,1,2,2,2,2,0,0",1,0.002358045651763818,92.61460101867573
"2,0,NA,NA,2,2,NA,2,0",1,0.002358045651763818,92.61695906432749
"2,0,NA,2,1,2,1,NA,2",1,0.002358045651763818,92.61931710997925
"0,NA,NA,NA,NA,1,2,NA,2",1,0.002358045651763818,92.62167515563101
"0,NA,2,2,1,NA,NA,NA,NA",1,0.002358045651763818,92.62403320128277
"1,2,NA,0,0,NA,NA,0,NA",1,0.002358045651763818,92.62639124693453
"2,NA,0,NA,2,2,1,NA,NA",1,0.002358045651763818,92.6287492925863
"NA,2,NA,NA,NA,1,NA,NA,2",1,0.002358045651763818,92.63110733823807
"2,NA,2,0,NA,NA,2,2,NA",1,0.002358045651763818,92.63346538388984
"1,2,NA,1,2,0,NA,NA,NA",1,0.002358045651763818,92.6358234295416
"NA,1,2,2,2,2,1,2,NA",1,0.002358045651763818,92.63818147519336
"2,0,NA,NA,0,NA,2,NA,NA",1,0.002358045651763818,92.64053952084512
"2,0,2,2,0,2,1,2,2",1,0.002358045651763818,92.64289756649688
"1,2,2,2,0,NA,2,NA,NA",1,0.002358045651763818,92.64525561214865
"2,NA,NA,1,1,2,1,NA,1",1,0.002358045651763818,92.6476136578004
"NA,1,NA,2,0,2,NA,2,NA",1,0.002358045651763818,92.64997170345218
"1,NA,NA,2,1,1,1,NA,2",1,0.002358045651763818,92.65232974910394
"2,NA,2,NA,2,2,NA,2,1",1,0.002358045651763818,92.6546877947557
"NA,NA,0,2,2,2,0,2,0",1,0.002358045651763818,92.65704584040748
"2,NA,0,2,0,0,0,2,0",1,0.002358045651763818,92.65940388605924
"2,2,NA,NA,0,0,2,NA,0",1,0.002358045651763818,92.661761931711
"2,NA,2,1,1,1,0,NA,NA",1,0.002358045651763818,92.66411997736276
"2,0,0,1,2,0,NA,1,NA",1,0.002358045651763818,92.66647802301452
"NA,NA,NA,1,NA,NA,0,NA,2",1,0.002358045651763818,92.6688360686663
"NA,NA,NA,1,2,NA,NA,2,1",1,0.002358045651763818,92.67119411431806
"1,2,NA,2,NA,NA,2,2,2",1,0.002358045651763818,92.67355215996982
"2,0,2,NA,NA,NA,2,NA,2",1,0.002358045651763818,92.67591020562158
"1,2,2,0,2,2,0,NA,2",1,0.002358045651763818,92.67826825127334
"NA,2,1,1,1,1,2,2,2",1,0.002358045651763818,92.68062629692511
"1,0,0,2,2,2,2,0,2",1,0.002358045651763818,92.68298434257687
"1,2,0,2,2,2,NA,NA,1",1,0.002358045651763818,92.68534238822863
"2,0,NA,NA,2,NA,NA,2,NA",1,0.002358045651763818,92.68770043388041
"0,NA,NA,0,0,2,0,NA,NA",1,0.002358045651763818,92.69005847953217
"2,2,2,2,0,1,0,NA,0",1,0.002358045651763818,92.69241652518393
"1,1,2,1,2,2,1,NA,NA",1,0.002358045651763818,92.69477457083569
"1,1,2,NA,0,2,2,2,2",1,0.002358045651763818,92.69713261648745
"1,2,0,0,2,0,2,NA,NA",1,0.002358045651763818,92.69949066213921
"2,0,NA,2,2,2,2,2,1",1,0.002358045651763818,92.70184870779097
"2,2,0,2,1,2,1,2,0",1,0.002358045651763818,92.70420675344275
"1,2,1,0,0,2,2,2,2",1,0.002358045651763818,92.70656479909451
"NA,NA,1,NA,NA,0,2,2,2",1,0.002358045651763818,92.70892284474628
"2,2,1,2,0,2,1,NA,2",1,0.002358045651763818,92.71128089039804
"2,2,1,NA,2,NA,1,1,1",1,0.002358045651763818,92.7136389360498
"2,NA,1,2,2,2,0,NA,0",1,0.002358045651763818,92.71599698170157
"2,NA,0,1,2,1,2,NA,NA",1,0.002358045651763818,92.71835502735333
"2,2,NA,NA,0,NA,2,1,2",1,0.002358045651763818,92.72071307300509
"0,2,NA,2,2,NA,1,0,2",1,0.002358045651763818,92.72307111865685
"0,2,0,0,2,0,0,0,2",1,0.002358045651763818,92.72542916430862
"2,NA,2,2,1,NA,2,NA,NA",1,0.002358045651763818,92.72778720996038
"2,1,0,2,0,NA,NA,NA,NA",1,0.002358045651763818,92.73014525561216
"1,NA,NA,1,2,2,2,NA,NA",1,0.002358045651763818,92.73250330126392
"1,1,2,NA,NA,NA,0,2,NA",1,0.002358045651763818,92.73486134691568
"2,NA,0,2,2,2,0,2,NA",1,0.002358045651763818,92.73721939256744
"2,1,1,2,2,0,2,0,1",1,0.002358045651763818,92.7395774382192
"0,NA,NA,0,0,NA,1,NA,NA",1,0.002358045651763818,92.74193548387096
"0,2,NA,2,NA,NA,NA,NA,0",1,0.002358045651763818,92.74429352952274
"2,2,1,1,1,1,1,2,1",1,0.002358045651763818,92.7466515751745
"1,1,2,2,0,2,2,NA,NA",1,0.002358045651763818,92.74900962082626
"0,NA,NA,2,1,2,2,NA,1",1,0.002358045651763818,92.75136766647802
"2,NA,NA,2,0,NA,0,2,2",1,0.002358045651763818,92.75372571212979
"2,NA,2,2,0,2,0,NA,0",1,0.002358045651763818,92.75608375778155
"0,2,1,2,1,1,1,NA,NA",1,0.002358045651763818,92.75844180343331
"1,2,0,2,1,2,2,NA,2",1,0.002358045651763818,92.76079984908507
"2,2,0,0,0,NA,NA,NA,NA",1,0.002358045651763818,92.76315789473685
"2,0,NA,NA,2,NA,1,2,1",1,0.002358045651763818,92.76551594038861
"2,2,0,0,1,2,2,NA,0",1,0.002358045651763818,92.76787398604037
"0,NA,NA,2,2,NA,1,NA,2",1,0.002358045651763818,92.77023203169213
"0,2,0,2,0,2,0,0,2",1,0.002358045651763818,92.77259007734389
"NA,2,0,1,NA,2,2,NA,1",1,0.002358045651763818,92.77494812299565
"0,2,NA,NA,2,NA,2,NA,NA",1,0.002358045651763818,92.77730616864743
"0,1,1,2,1,2,1,NA,0",1,0.002358045651763818,92.77966421429919
"2,1,2,NA,NA,NA,NA,1,NA",1,0.002358045651763818,92.78202225995096
"2,2,2,2,1,2,2,NA,0",1,0.002358045651763818,92.78438030560272
"2,NA,NA,NA,NA,0,2,NA,2",1,0.002358045651763818,92.78673835125448
"NA,2,NA,2,2,1,2,2,NA",1,0.002358045651763818,92.78909639690625
"NA,0,0,0,2,NA,2,NA,NA",1,0.002358045651763818,92.791454442558
"2,2,2,NA,NA,1,0,2,2",1,0.002358045651763818,92.79381248820977
"1,NA,0,2,2,0,NA,NA,NA",1,0.002358045651763818,92.79617053386153
"2,0,NA,0,2,2,0,2,0",1,0.002358045651763818,92.79852857951329
"NA,0,2,2,2,NA,2,NA,2",1,0.002358045651763818,92.80088662516506
"2,0,0,NA,2,NA,NA,NA,2",1,0.002358045651763818,92.80324467081684
"2,2,NA,2,0,1,2,0,2",1,0.002358045651763818,92.8056027164686
"2,2,NA,2,2,2,0,2,NA",1,0.002358045651763818,92.80796076212036
"NA,1,2,1,2,2,1,2,NA",1,0.002358045651763818,92.81031880777212
"2,1,NA,NA,0,NA,NA,1,NA",1,0.002358045651763818,92.81267685342388
"2,0,1,2,2,2,0,NA,1",1,0.002358045651763818,92.81503489907564
"NA,0,NA,2,2,2,0,1,NA",1,0.002358045651763818,92.8173929447274
"0,NA,NA,NA,1,NA,2,2,NA",1,0.002358045651763818,92.81975099037916
"0,NA,2,NA,2,NA,2,1,1",1,0.002358045651763818,92.82210903603094
"2,2,2,2,2,2,1,0,NA",1,0.002358045651763818,92.8244670816827
"1,1,NA,2,2,NA,NA,1,NA",1,0.002358045651763818,92.82682512733447
"2,1,NA,2,0,2,0,NA,NA",1,0.002358045651763818,92.82918317298623
"1,2,NA,2,2,2,2,0,0",1,0.002358045651763818,92.831541218638
"2,2,2,2,2,NA,0,0,1",1,0.002358045651763818,92.83389926428976
"2,2,2,1,1,NA,2,1,1",1,0.002358045651763818,92.83625730994152
"2,2,0,2,2,2,NA,1,1",1,0.002358045651763818,92.83861535559328
"NA,NA,NA,NA,1,0,1,NA,0",1,0.002358045651763818,92.84097340124505
"NA,2,2,1,2,2,1,1,1",1,0.002358045651763818,92.84333144689681
"2,0,NA,NA,1,2,NA,1,1",1,0.002358045651763818,92.84568949254857
"2,NA,0,2,2,2,2,1,2",1,0.002358045651763818,92.84804753820033
"0,2,0,2,1,NA,NA,NA,NA",1,0.002358045651763818,92.85040558385211
"0,2,2,2,2,1,2,2,1",1,0.002358045651763818,92.85276362950387
"2,NA,NA,0,0,NA,NA,1,NA",1,0.002358045651763818,92.85512167515563
"NA,1,1,NA,NA,NA,1,NA,NA",1,0.002358045651763818,92.85747972080739
"0,1,0,0,2,NA,0,0,NA",1,0.002358045651763818,92.85983776645917
"NA,1,NA,2,0,1,2,NA,NA",1,0.002358045651763818,92.86219581211093
"1,NA,NA,2,2,NA,0,NA,0",1,0.002358045651763818,92.86455385776269
"2,1,NA,NA,NA,NA,NA,1,NA",1,0.002358045651763818,92.86691190341445
"2,0,2,0,0,2,0,2,2",1,0.002358045651763818,92.86926994906621
"NA,NA,NA,NA,NA,1,NA,NA,0",1,0.002358045651763818,92.87162799471798
"NA,0,2,NA,2,NA,NA,1,NA",1,0.002358045651763818,92.87398604036974
"2,NA,NA,2,2,1,0,0,NA",1,0.002358045651763818,92.8763440860215
"2,1,2,NA,NA,0,NA,NA,2",1,0.002358045651763818,92.87870213167328
"NA,NA,NA,NA,2,NA,0,2,NA",1,0.002358045651763818,92.88106017732504
"NA,1,0,2,2,2,0,2,2",1,0.002358045651763818,92.8834182229768
"2,2,0,NA,NA,NA,NA,NA,0",1,0.002358045651763818,92.88577626862856
"2,2,0,2,2,2,0,1,0",1,0.002358045651763818,92.88813431428032
"NA,NA,NA,0,1,NA,1,NA,NA",1,0.002358045651763818,92.89049235993208
"2,0,2,1,1,2,NA,NA,NA",1,0.002358045651763818,92.89285040558384
"NA,2,NA,0,NA,NA,1,NA,NA",1,0.002358045651763818,92.89520845123562
"NA,2,0,NA,2,NA,2,NA,2",1,0.002358045651763818,92.89756649688738
"NA,2,2,NA,0,1,0,2,2",1,0.002358045651763818,92.89992454253915
"NA,NA,2,2,0,2,0,0,NA",1,0.002358045651763818,92.90228258819091
"2,NA,2,0,0,0,NA,NA,NA",1,0.002358045651763818,92.90464063384267
"NA,0,0,2,2,0,0,NA,2",1,0.002358045651763818,92.90699867949444
"2,2,1,0,0,2,0,0,1",1,0.002358045651763818,92.9093567251462
"1,2,0,2,2,NA,1,2,NA",1,0.002358045651763818,92.91171477079796
"2,NA,2,0,1,2,2,2,2",1,0.002358045651763818,92.91407281644972
"1,2,0,2,1,2,1,2,2",1,0.002358045651763818,92.91643086210149
"1,1,2,NA,0,2,2,NA,NA",1,0.002358045651763818,92.91878890775325
"2,2,0,NA,NA,2,NA,2,NA",1,0.002358045651763818,92.92114695340501
"2,2,0,0,NA,2,NA,2,NA",1,0.002358045651763818,92.92350499905679
"2,2,NA,NA,NA,1,2,1,2",1,0.002358045651763818,92.92586304470855
"2,NA,0,0,2,0,2,NA,1",1,0.002358045651763818,92.92822109036031
"NA,1,NA,2,2,NA,NA,NA,2",1,0.002358045651763818,92.93057913601207
"2,NA,NA,0,NA,2,1,NA,NA",1,0.002358045651763818,92.93293718166383
"0,2,0,2,2,0,1,NA,2",1,0.002358045651763818,92.9352952273156
"0,2,2,2,0,2,2,0,0",1,0.002358045651763818,92.93765327296737
"1,2,NA,1,2,2,2,NA,NA",1,0.002358045651763818,92.94001131861913
"2,NA,NA,2,1,2,2,2,NA",1,0.002358045651763818,92.94236936427089
"1,2,2,NA,NA,2,2,2,1",1,0.002358045651763818,92.94472740992265
"1,2,2,1,1,2,1,NA,1",1,0.002358045651763818,92.94708545557442
"1,NA,NA,2,0,1,0,NA,NA",1,0.002358045651763818,92.94944350122618
"2,1,1,2,2,NA,1,1,NA",1,0.002358045651763818,92.95180154687795
"1,2,1,1,2,1,2,NA,NA",1,0.002358045651763818,92.9541595925297
"2,NA,0,NA,2,2,1,2,NA",1,0.002358045651763818,92.95651763818148
"1,2,1,NA,1,1,2,2,2",1,0.002358045651763818,92.95887568383324
"NA,NA,2,2,1,2,NA,1,2",1,0.002358045651763818,92.961233729485
"NA,2,NA,NA,1,NA,0,2,NA",1,0.002358045651763818,92.96359177513676
"0,2,NA,0,2,NA,2,0,2",1,0.002358045651763818,92.96594982078852
"NA,NA,2,2,2,0,2,2,2",1,0.002358045651763818,92.9683078664403
"2,1,NA,2,0,2,NA,0,NA",1,0.002358045651763818,92.97066591209206
"NA,1,1,0,NA,NA,1,1,NA",1,0.002358045651763818,92.97302395774382
"0,1,2,2,2,2,1,0,2",1,0.002358045651763818,92.9753820033956
"NA,NA,NA,NA,1,1,0,0,NA",1,0.002358045651763818,92.97774004904736
"2,1,1,1,1,NA,NA,NA,NA",1,0.002358045651763818,92.98009809469912
"1,1,NA,0,1,NA,NA,NA,NA",1,0.002358045651763818,92.98245614035088
"0,1,2,1,2,0,2,NA,2",1,0.002358045651763818,92.98481418600264
"1,2,NA,2,0,2,NA,NA,NA",1,0.002358045651763818,92.9871722316544
"2,2,2,2,0,1,2,0,NA",1,0.002358045651763818,92.98953027730616
"1,2,NA,2,1,NA,1,2,2",1,0.002358045651763818,92.99188832295793
"NA,2,2,2,1,1,2,NA,1",1,0.002358045651763818,92.9942463686097
"0,0,NA,2,2,2,0,2,2",1,0.002358045651763818,92.99660441426147
"NA,NA,1,2,2,NA,NA,2,NA",1,0.002358045651763818,92.99896245991323
"2,0,NA,NA,2,2,2,NA,2",1,0.002358045651763818,93.00132050556499
"NA,0,NA,NA,0,2,2,NA,NA",1,0.002358045651763818,93.00367855121675
"2,2,NA,NA,NA,1,2,NA,2",1,0.002358045651763818,93.00603659686851
"2,1,2,2,0,2,2,0,1",1,0.002358045651763818,93.00839464252027
"1,1,NA,1,2,NA,1,0,1",1,0.002358045651763818,93.01075268817203
"1,1,2,NA,NA,NA,2,2,0",1,0.002358045651763818,93.01311073382381
"2,2,1,NA,1,2,1,1,1",1,0.002358045651763818,93.01546877947557
"2,2,2,1,1,NA,2,2,NA",1,0.002358045651763818,93.01782682512734
"NA,1,NA,NA,1,NA,NA,2,NA",1,0.002358045651763818,93.0201848707791
"NA,NA,2,0,1,2,2,2,NA",1,0.002358045651763818,93.02254291643087
"0,NA,NA,2,2,1,0,NA,NA",1,0.002358045651763818,93.02490096208263
"2,2,2,0,0,0,0,NA,NA",1,0.002358045651763818,93.02725900773439
"2,0,NA,0,0,NA,0,NA,2",1,0.002358045651763818,93.02961705338615
"NA,2,1,2,1,1,1,NA,NA",1,0.002358045651763818,93.03197509903792
"1,1,NA,0,2,2,NA,0,2",1,0.002358045651763818,93.03433314468968
"2,NA,NA,NA,0,NA,0,NA,2",1,0.002358045651763818,93.03669119034144
"0,2,2,1,2,2,0,NA,2",1,0.002358045651763818,93.0390492359932
"0,NA,2,2,2,2,NA,NA,NA",1,0.002358045651763818,93.04140728164498
"NA,2,NA,2,NA,1,2,NA,0",1,0.002358045651763818,93.04376532729674
"2,2,NA,1,2,NA,0,1,NA",1,0.002358045651763818,93.0461233729485
"0,NA,NA,0,0,NA,2,0,NA",1,0.002358045651763818,93.04848141860026
"NA,2,0,2,2,1,NA,2,NA",1,0.002358045651763818,93.05083946425204
"NA,1,2,2,1,NA,NA,2,NA",1,0.002358045651763818,93.0531975099038
"0,1,NA,2,0,NA,NA,NA,0",1,0.002358045651763818,93.05555555555556
"NA,2,2,2,1,0,2,2,1",1,0.002358045651763818,93.05791360120732
"2,0,NA,2,2,1,1,NA,2",1,0.002358045651763818,93.06027164685908
"0,2,0,2,2,NA,2,2,0",1,0.002358045651763818,93.06262969251084
"2,1,1,2,2,2,NA,1,NA",1,0.002358045651763818,93.06498773816261
"2,1,NA,2,2,2,2,0,0",1,0.002358045651763818,93.06734578381437
"2,2,2,0,2,NA,0,2,0",1,0.002358045651763818,93.06970382946615
"1,2,2,0,2,2,2,NA,2",1,0.002358045651763818,93.07206187511791
"2,NA,NA,2,2,0,1,2,2",1,0.002358045651763818,93.07441992076967
"NA,1,2,1,2,NA,2,2,2",1,0.002358045651763818,93.07677796642143
"2,0,2,2,NA,NA,NA,1,NA",1,0.002358045651763818,93.07913601207319
"NA,0,NA,2,2,NA,1,1,NA",1,0.002358045651763818,93.08149405772495
"2,NA,NA,0,2,1,2,NA,NA",1,0.002358045651763818,93.08385210337671
"2,0,2,2,1,0,1,NA,1",1,0.002358045651763818,93.08621014902847
"0,NA,2,NA,NA,1,2,2,NA",1,0.002358045651763818,93.08856819468025
"2,0,NA,2,NA,2,0,NA,NA",1,0.002358045651763818,93.09092624033201
"2,2,2,2,NA,2,NA,1,1",1,0.002358045651763818,93.09328428598378
"2,2,2,2,2,2,NA,1,1",1,0.002358045651763818,93.09564233163555
"1,1,2,0,2,NA,NA,2,2",1,0.002358045651763818,93.0980003772873
"2,2,0,1,1,2,1,2,2",1,0.002358045651763818,93.10035842293907
"0,1,2,2,2,2,0,NA,2",1,0.002358045651763818,93.10271646859083
"0,2,2,NA,NA,0,NA,1,NA",1,0.002358045651763818,93.10507451424259
"2,1,NA,1,2,2,2,1,1",1,0.002358045651763818,93.10743255989435
"NA,2,NA,1,2,NA,0,NA,NA",1,0.002358045651763818,93.10979060554612
"NA,2,NA,1,2,2,2,2,2",1,0.002358045651763818,93.11214865119788
"NA,2,NA,NA,NA,1,0,NA,NA",1,0.002358045651763818,93.11450669684966
"1,2,2,2,2,2,0,2,1",1,0.002358045651763818,93.11686474250142
"2,1,NA,2,1,NA,0,NA,NA",1,0.002358045651763818,93.11922278815318
"2,0,1,NA,NA,2,2,2,NA",1,0.002358045651763818,93.12158083380494
"2,2,1,0,1,NA,2,NA,2",1,0.002358045651763818,93.1239388794567
"1,NA,1,1,1,NA,2,NA,1",1,0.002358045651763818,93.12629692510846
"1,2,2,0,0,NA,2,2,NA",1,0.002358045651763818,93.12865497076024
"0,2,1,2,1,0,2,NA,NA",1,0.002358045651763818,93.131013016412
"0,NA,NA,2,2,1,1,NA,NA",1,0.002358045651763818,93.13337106206376
"NA,NA,NA,NA,NA,1,2,0,NA",1,0.002358045651763818,93.13572910771552
"NA,0,NA,0,1,1,NA,NA,NA",1,0.002358045651763818,93.1380871533673
"1,NA,NA,NA,0,0,NA,NA,NA",1,0.002358045651763818,93.14044519901906
"0,2,0,2,2,2,NA,0,NA",1,0.002358045651763818,93.14280324467082
"NA,NA,NA,2,NA,0,1,0,NA",1,0.002358045651763818,93.14516129032258
"2,1,0,2,2,2,0,0,2",1,0.002358045651763818,93.14751933597435
"2,2,2,2,2,1,1,NA,1",1,0.002358045651763818,93.14987738162611
"0,2,2,2,1,1,1,2,1",1,0.002358045651763818,93.15223542727787
"1,2,NA,2,0,2,2,2,2",1,0.002358045651763818,93.15459347292963
"0,1,1,2,2,0,2,NA,NA",1,0.002358045651763818,93.1569515185814
"NA,1,2,1,2,NA,NA,NA,NA",1,0.002358045651763818,93.15930956423315
"0,NA,1,2,2,0,2,2,NA",1,0.002358045651763818,93.16166760988493
"0,NA,NA,NA,2,NA,0,NA,NA",1,0.002358045651763818,93.16402565553669
"0,1,1,NA,2,NA,2,1,2",1,0.002358045651763818,93.16638370118847
"2,2,0,2,2,NA,0,2,2",1,0.002358045651763818,93.16874174684023
"NA,NA,NA,1,NA,1,0,NA,2",1,0.002358045651763818,93.17109979249199
"NA,0,NA,1,2,2,2,NA,1",1,0.002358045651763818,93.17345783814375
"2,1,NA,NA,1,NA,0,NA,NA",1,0.002358045651763818,93.17581588379551
"2,2,0,2,0,1,2,NA,NA",1,0.002358045651763818,93.17817392944727
"2,2,2,1,0,NA,2,2,1",1,0.002358045651763818,93.18053197509903
"0,0,2,2,2,2,1,2,0",1,0.002358045651763818,93.18289002075079
"0,1,NA,2,1,NA,2,NA,NA",1,0.002358045651763818,93.18524806640256
"2,1,2,2,2,1,2,0,0",1,0.002358045651763818,93.18760611205434
"1,2,2,0,0,2,0,1,NA",1,0.002358045651763818,93.1899641577061
"1,2,2,NA,NA,NA,2,NA,2",1,0.002358045651763818,93.19232220335786
"2,2,1,2,2,0,2,2,NA",1,0.002358045651763818,93.19468024900962
"2,2,NA,2,0,1,NA,2,NA",1,0.002358045651763818,93.19703829466138
"2,0,0,2,1,2,1,NA,2",1,0.002358045651763818,93.19939634031314
"NA,2,2,1,1,1,0,NA,2",1,0.002358045651763818,93.2017543859649
"NA,NA,2,2,2,0,0,NA,NA",1,0.002358045651763818,93.20411243161668
"2,2,1,NA,2,NA,2,NA,NA",1,0.002358045651763818,93.20647047726844
"NA,NA,NA,2,1,2,0,2,2",1,0.002358045651763818,93.2088285229202
"2,1,0,2,0,2,0,NA,NA",1,0.002358045651763818,93.21118656857197
"2,NA,1,2,1,NA,NA,2,1",1,0.002358045651763818,93.21354461422374
"2,2,1,1,1,1,2,NA,NA",1,0.002358045651763818,93.2159026598755
"2,NA,NA,0,NA,1,0,NA,NA",1,0.002358045651763818,93.21826070552726
"2,0,NA,0,0,0,2,2,2",1,0.002358045651763818,93.22061875117902
"2,1,0,NA,NA,2,2,0,NA",1,0.002358045651763818,93.22297679683079
"NA,2,2,NA,1,NA,0,NA,NA",1,0.002358045651763818,93.22533484248255
"2,2,2,0,2,NA,NA,NA,NA",1,0.002358045651763818,93.22769288813431
"1,NA,0,2,0,2,2,NA,2",1,0.002358045651763818,93.23005093378607
"2,1,1,2,2,2,0,2,0",1,0.002358045651763818,93.23240897943784
"NA,0,NA,0,2,NA,2,NA,2",1,0.002358045651763818,93.23476702508961
"0,0,NA,NA,NA,NA,NA,NA,0",1,0.002358045651763818,93.23712507074137
"NA,2,0,NA,2,NA,0,2,NA",1,0.002358045651763818,93.23948311639313
"0,NA,2,2,2,NA,2,2,NA",1,0.002358045651763818,93.24184116204489
"2,NA,1,2,1,1,1,NA,NA",1,0.002358045651763818,93.24419920769667
"NA,2,2,NA,NA,0,2,2,0",1,0.002358045651763818,93.24655725334843
"1,1,NA,2,2,2,2,NA,0",1,0.002358045651763818,93.24891529900019
"NA,0,NA,0,NA,2,0,NA,NA",1,0.002358045651763818,93.25127334465195
"NA,NA,1,0,2,2,2,1,2",1,0.002358045651763818,93.25363139030371
"2,2,2,1,2,0,NA,2,0",1,0.002358045651763818,93.25598943595548
"1,1,0,2,0,NA,2,2,NA",1,0.002358045651763818,93.25834748160725
"NA,2,0,2,2,2,1,NA,2",1,0.002358045651763818,93.260705527259
"1,2,2,2,0,2,2,2,1",1,0.002358045651763818,93.26306357291078
"1,0,NA,2,2,NA,0,0,0",1,0.002358045651763818,93.26542161856254
"NA,0,2,2,2,2,2,1,1",1,0.002358045651763818,93.2677796642143
"0,NA,0,2,2,NA,NA,2,1",1,0.002358045651763818,93.27013770986606
"NA,2,2,2,2,1,NA,2,2",1,0.002358045651763818,93.27249575551782
"1,1,NA,2,NA,NA,NA,NA,2",1,0.002358045651763818,93.27485380116958
"NA,2,NA,2,2,2,2,2,0",1,0.002358045651763818,93.27721184682134
"2,2,NA,1,NA,NA,2,NA,NA",1,0.002358045651763818,93.27956989247312
"2,2,2,2,2,NA,0,NA,0",1,0.002358045651763818,93.28192793812488
"1,NA,0,2,NA,NA,NA,NA,NA",1,0.002358045651763818,93.28428598377666
"0,0,2,NA,2,2,2,2,2",1,0.002358045651763818,93.28664402942842
"0,NA,NA,NA,2,NA,1,NA,NA",1,0.002358045651763818,93.28900207508018
"2,NA,1,NA,NA,2,2,2,NA",1,0.002358045651763818,93.29136012073194
"NA,2,NA,NA,1,NA,NA,NA,2",1,0.002358045651763818,93.2937181663837
"2,NA,NA,1,1,2,NA,NA,NA",1,0.002358045651763818,93.29607621203546
"2,NA,NA,2,0,2,0,NA,NA",1,0.002358045651763818,93.29843425768722
"2,2,2,2,2,2,1,0,1",1,0.002358045651763818,93.300792303339
"2,0,NA,1,NA,2,2,NA,1",1,0.002358045651763818,93.30315034899075
"1,2,2,2,1,1,2,2,1",1,0.002358045651763818,93.30550839464252
"NA,0,1,NA,0,NA,NA,NA,NA",1,0.002358045651763818,93.30786644029429
"NA,2,2,NA,2,NA,NA,1,1",1,0.002358045651763818,93.31022448594605
"2,2,1,2,2,2,0,1,2",1,0.002358045651763818,93.31258253159781
"1,NA,NA,1,NA,0,NA,NA,NA",1,0.002358045651763818,93.31494057724957
"2,0,0,2,0,2,2,2,0",1,0.002358045651763818,93.31729862290133
"0,0,1,NA,NA,2,2,NA,NA",1,0.002358045651763818,93.31965666855311
"NA,NA,NA,1,2,NA,NA,0,NA",1,0.002358045651763818,93.32201471420487
"NA,NA,2,NA,NA,NA,NA,1,2",1,0.002358045651763818,93.32437275985663
"1,NA,2,NA,NA,NA,1,1,2",1,0.002358045651763818,93.32673080550839
"NA,2,2,NA,2,1,NA,2,NA",1,0.002358045651763818,93.32908885116015
"2,2,2,1,2,0,1,NA,1",1,0.002358045651763818,93.33144689681193
"2,NA,NA,2,2,NA,1,1,NA",1,0.002358045651763818,93.33380494246369
"2,0,NA,2,0,1,NA,2,NA",1,0.002358045651763818,93.33616298811545
"2,0,2,1,NA,NA,NA,2,NA",1,0.002358045651763818,93.33852103376722
"0,NA,NA,2,0,NA,1,NA,0",1,0.002358045651763818,93.34087907941898
"1,2,NA,2,NA,2,NA,NA,0",1,0.002358045651763818,93.34323712507074
"0,NA,NA,2,1,NA,NA,NA,0",1,0.002358045651763818,93.3455951707225
"NA,1,NA,2,2,NA,0,NA,NA",1,0.002358045651763818,93.34795321637426
"0,NA,NA,1,0,NA,2,NA,NA",1,0.002358045651763818,93.35031126202603
"2,2,2,0,1,NA,2,2,0",1,0.002358045651763818,93.3526693076778
"NA,2,2,1,0,2,0,2,NA",1,0.002358045651763818,93.35502735332956
"NA,2,NA,2,1,NA,NA,1,NA",1,0.002358045651763818,93.35738539898134
"2,2,NA,2,2,1,NA,NA,1",1,0.002358045651763818,93.3597434446331
"NA,1,NA,2,0,0,NA,NA,NA",1,0.002358045651763818,93.36210149028486
"2,2,1,2,2,1,0,0,NA",1,0.002358045651763818,93.36445953593662
"NA,2,0,NA,1,0,2,NA,2",1,0.002358045651763818,93.36681758158838
"2,1,NA,0,2,2,NA,NA,NA",1,0.002358045651763818,93.36917562724014
"0,0,NA,0,0,NA,2,NA,NA",1,0.002358045651763818,93.3715336728919
"2,2,0,1,2,2,NA,NA,NA",1,0.002358045651763818,93.37389171854366
"2,0,2,NA,0,2,2,0,2",1,0.002358045651763818,93.37624976419544
"1,2,0,2,2,1,NA,NA,1",1,0.002358045651763818,93.3786078098472
"2,2,2,2,1,NA,1,2,NA",1,0.002358045651763818,93.38096585549897
"2,2,NA,2,2,NA,1,1,1",1,0.002358045651763818,93.38332390115073
"NA,0,2,2,2,0,NA,2,NA",1,0.002358045651763818,93.38568194680249
"NA,2,NA,2,1,NA,1,1,1",1,0.002358045651763818,93.38803999245425
"2,2,NA,NA,NA,2,2,0,2",1,0.002358045651763818,93.39039803810601
"2,2,1,2,1,2,0,NA,0",1,0.002358045651763818,93.39275608375777
"0,NA,0,NA,NA,NA,2,NA,NA",1,0.002358045651763818,93.39511412940954
"2,NA,1,2,2,0,0,NA,NA",1,0.002358045651763818,93.39747217506131
"2,NA,NA,2,1,NA,1,NA,1",1,0.002358045651763818,93.39983022071307
"2,2,0,NA,NA,NA,2,NA,1",1,0.002358045651763818,93.40218826636485
"NA,0,2,0,2,2,2,2,NA",1,0.002358045651763818,93.4045463120166
"2,2,2,2,2,0,1,0,NA",1,0.002358045651763818,93.40690435766837
"2,0,1,1,1,1,2,2,1",1,0.002358045651763818,93.40926240332013
"2,0,2,0,NA,0,2,NA,NA",1,0.002358045651763818,93.41162044897189
"2,0,1,NA,NA,2,2,NA,1",1,0.002358045651763818,93.41397849462365
"0,0,NA,0,2,NA,0,NA,NA",1,0.002358045651763818,93.41633654027542
"1,0,1,2,1,0,1,1,1",1,0.002358045651763818,93.41869458592718
"0,1,NA,2,0,2,1,NA,NA",1,0.002358045651763818,93.42105263157895
"NA,NA,NA,2,1,0,2,NA,2",1,0.002358045651763818,93.4234106772307
"2,2,2,1,2,0,NA,2,NA",1,0.002358045651763818,93.42576872288248
"2,0,NA,1,2,NA,NA,2,NA",1,0.002358045651763818,93.42812676853424
"1,1,0,2,2,2,NA,0,NA",1,0.002358045651763818,93.430484814186
"NA,1,2,0,2,0,2,2,NA",1,0.002358045651763818,93.43284285983776
"0,1,NA,0,0,NA,1,NA,NA",1,0.002358045651763818,93.43520090548954
"2,NA,NA,1,2,NA,0,NA,2",1,0.002358045651763818,93.4375589511413
"NA,0,NA,NA,2,0,2,2,2",1,0.002358045651763818,93.43991699679306
"1,0,0,2,2,2,1,NA,1",1,0.002358045651763818,93.44227504244482
"1,2,0,2,0,1,2,0,0",1,0.002358045651763818,93.44463308809658
"2,2,NA,2,NA,NA,2,0,NA",1,0.002358045651763818,93.44699113374834
"2,2,0,2,NA,0,2,2,0",1,0.002358045651763818,93.44934917940012
"0,2,2,0,2,2,0,NA,NA",1,0.002358045651763818,93.45170722505188
"2,2,0,NA,0,NA,0,2,2",1,0.002358045651763818,93.45406527070365
"2,0,NA,NA,2,2,NA,NA,2",1,0.002358045651763818,93.45642331635541
"0,2,NA,1,0,NA,NA,NA,NA",1,0.002358045651763818,93.45878136200717
"2,0,NA,NA,NA,NA,2,2,0",1,0.002358045651763818,93.46113940765893
"NA,2,1,2,1,2,1,NA,2",1,0.002358045651763818,93.4634974533107
"2,0,2,NA,NA,2,1,NA,NA",1,0.002358045651763818,93.46585549896245
"0,2,NA,NA,NA,2,0,NA,2",1,0.002358045651763818,93.46821354461422
"2,NA,NA,0,2,1,0,NA,NA",1,0.002358045651763818,93.47057159026598
"NA,0,2,NA,1,NA,NA,1,NA",1,0.002358045651763818,93.47292963591775
"2,2,2,1,2,0,1,1,1",1,0.002358045651763818,93.47528768156951
"2,2,NA,NA,0,NA,2,2,2",1,0.002358045651763818,93.47764572722129
"0,2,1,2,2,NA,2,2,2",1,0.002358045651763818,93.48000377287305
"2,2,2,2,0,NA,NA,NA,0",1,0.002358045651763818,93.48236181852481
"2,1,0,2,2,NA,2,NA,0",1,0.002358045651763818,93.48471986417657
"2,0,0,0,NA,NA,NA,2,2",1,0.002358045651763818,93.48707790982833
"NA,NA,NA,NA,NA,2,1,2,NA",1,0.002358045651763818,93.48943595548009
"NA,NA,NA,2,1,2,1,2,NA",1,0.002358045651763818,93.49179400113186
"NA,2,2,2,1,NA,0,2,NA",1,0.002358045651763818,93.49415204678363
"NA,NA,NA,2,0,2,NA,2,NA",1,0.002358045651763818,93.49651009243539
"2,2,2,1,NA,0,2,2,2",1,0.002358045651763818,93.49886813808716
"2,2,NA,NA,2,1,2,NA,1",1,0.002358045651763818,93.50122618373892
"2,2,1,NA,NA,NA,2,1,1",1,0.002358045651763818,93.50358422939068
"0,2,1,1,2,2,1,NA,NA",1,0.002358045651763818,93.50594227504244
"2,1,1,0,0,2,2,2,0",1,0.002358045651763818,93.5083003206942
"0,2,NA,1,1,2,NA,NA,2",1,0.002358045651763818,93.51065836634598
"NA,2,2,2,2,2,0,0,NA",1,0.002358045651763818,93.51301641199774
"0,NA,1,0,2,2,2,2,2",1,0.002358045651763818,93.5153744576495
"2,1,NA,2,0,1,2,NA,0",1,0.002358045651763818,93.51773250330126
"1,2,2,NA,1,NA,NA,2,NA",1,0.002358045651763818,93.52009054895302
"NA,NA,0,2,0,0,2,0,NA",1,0.002358045651763818,93.5224485946048
"NA,2,1,0,0,2,2,NA,NA",1,0.002358045651763818,93.52480664025656
"2,2,0,0,0,0,0,0,0",1,0.002358045651763818,93.52716468590832
"2,2,2,0,0,0,0,NA,0",1,0.002358045651763818,93.52952273156008
"NA,1,2,1,2,2,2,2,NA",1,0.002358045651763818,93.53188077721185
"NA,NA,2,2,2,0,2,0,NA",1,0.002358045651763818,93.53423882286361
"0,0,1,2,2,2,2,0,2",1,0.002358045651763818,93.53659686851537
"NA,NA,0,0,NA,NA,2,2,2",1,0.002358045651763818,93.53895491416714
"2,2,NA,NA,0,NA,NA,NA,1",1,0.002358045651763818,93.5413129598189
"2,1,2,1,2,NA,2,0,2",1,0.002358045651763818,93.54367100547066
"NA,2,2,NA,2,NA,0,2,2",1,0.002358045651763818,93.54602905112243
"1,2,NA,2,2,NA,1,NA,2",1,0.002358045651763818,93.54838709677419
"0,1,NA,2,2,2,2,2,0",1,0.002358045651763818,93.55074514242597
"0,2,NA,2,2,2,2,1,2",1,0.002358045651763818,93.55310318807773
"2,2,1,0,NA,NA,2,2,2",1,0.002358045651763818,93.55546123372949
"0,2,2,2,1,2,2,NA,NA",1,0.002358045651763818,93.55781927938125
"2,2,2,NA,0,1,NA,2,NA",1,0.002358045651763818,93.56017732503301
"2,2,1,2,2,2,1,2,NA",1,0.002358045651763818,93.56253537068477
"0,1,2,2,2,2,2,NA,1",1,0.002358045651763818,93.56489341633653
"NA,NA,NA,0,NA,2,NA,2,2",1,0.002358045651763818,93.56725146198829
"NA,2,2,1,2,1,1,1,NA",1,0.002358045651763818,93.56960950764007
"1,1,2,1,2,2,2,NA,NA",1,0.002358045651763818,93.57196755329184
"2,2,0,1,2,NA,1,NA,2",1,0.002358045651763818,93.5743255989436
"0,2,1,2,2,2,0,2,2",1,0.002358045651763818,93.57668364459536
"2,2,1,2,2,NA,0,NA,NA",1,0.002358045651763818,93.57904169024712
"NA,NA,NA,1,2,NA,1,NA,1",1,0.002358045651763818,93.58139973589888
"1,1,2,2,2,2,0,2,NA",1,0.002358045651763818,93.58375778155064
"2,2,2,1,2,NA,2,NA,0",1,0.002358045651763818,93.5861158272024
"NA,2,NA,NA,2,NA,0,0,0",1,0.002358045651763818,93.58847387285418
"0,1,1,2,2,2,2,NA,0",1,0.002358045651763818,93.59083191850594
"1,2,2,0,0,1,2,NA,NA",1,0.002358045651763818,93.5931899641577
"NA,2,NA,2,1,NA,2,0,NA",1,0.002358045651763818,93.59554800980948
"0,2,2,2,1,1,NA,2,1",1,0.002358045651763818,93.59790605546124
"2,2,2,NA,2,2,1,2,2",1,0.002358045651763818,93.600264101113
"2,2,2,1,2,NA,2,2,0",1,0.002358045651763818,93.60262214676476
"2,2,1,NA,NA,2,2,NA,1",1,0.002358045651763818,93.60498019241652
"0,NA,2,NA,2,0,2,2,0",1,0.002358045651763818,93.6073382380683
"NA,NA,NA,2,2,2,2,1,1",1,0.002358045651763818,93.60969628372006
"NA,1,2,0,0,NA,NA,NA,NA",1,0.002358045651763818,93.61205432937182
"0,2,2,NA,NA,2,2,NA,NA",1,0.002358045651763818,93.61441237502358
"0,2,NA,NA,NA,NA,NA,0,0",1,0.002358045651763818,93.61677042067534
"1,2,1,1,2,2,1,2,2",1,0.002358045651763818,93.61912846632711
"2,2,2,1,1,0,NA,NA,1",1,0.002358045651763818,93.62148651197887
"NA,1,2,NA,NA,NA,2,1,NA",1,0.002358045651763818,93.62384455763063
"1,0,2,2,1,NA,NA,0,NA",1,0.002358045651763818,93.62620260328241
"NA,2,2,NA,NA,2,2,2,1",1,0.002358045651763818,93.62856064893417
"2,1,0,NA,NA,0,2,NA,0",1,0.002358045651763818,93.63091869458593
"2,2,1,NA,NA,0,1,2,1",1,0.002358045651763818,93.63327674023769
"2,NA,2,2,0,2,0,2,NA",1,0.002358045651763818,93.63563478588945
"2,1,2,0,2,2,NA,2,NA",1,0.002358045651763818,93.63799283154121
"0,0,NA,2,2,0,NA,2,NA",1,0.002358045651763818,93.64035087719299
"2,2,1,NA,NA,NA,1,2,NA",1,0.002358045651763818,93.64270892284475
"2,1,2,2,0,2,0,0,0",1,0.002358045651763818,93.64506696849652
"NA,NA,NA,2,NA,0,2,NA,1",1,0.002358045651763818,93.64742501414828
"2,0,2,2,2,NA,1,NA,2",1,0.002358045651763818,93.64978305980004
"1,2,2,0,0,2,0,NA,2",1,0.002358045651763818,93.6521411054518
"NA,NA,NA,0,NA,2,NA,NA,1",1,0.002358045651763818,93.65449915110356
"2,1,2,2,2,1,2,0,2",1,0.002358045651763818,93.65685719675533
"2,2,NA,1,2,2,2,1,1",1,0.002358045651763818,93.65921524240709
"1,NA,NA,NA,0,NA,NA,0,NA",1,0.002358045651763818,93.66157328805885
"2,2,2,2,0,2,1,0,2",1,0.002358045651763818,93.66393133371062
"NA,NA,2,NA,NA,2,2,2,0",1,0.002358045651763818,93.66628937936238
"1,2,NA,2,2,2,0,1,NA",1,0.002358045651763818,93.66864742501416
"0,2,NA,NA,NA,2,NA,NA,NA",1,0.002358045651763818,93.67100547066592
"2,0,1,1,2,2,1,NA,2",1,0.002358045651763818,93.67336351631768
"2,2,1,0,0,NA,2,NA,1",1,0.002358045651763818,93.67572156196944
"1,0,NA,0,0,2,0,NA,NA",1,0.002358045651763818,93.6780796076212
"2,2,1,NA,NA,0,2,2,NA",1,0.002358045651763818,93.68043765327296
"2,1,NA,1,2,NA,NA,2,NA",1,0.002358045651763818,93.68279569892472
"1,2,2,2,0,1,1,2,2",1,0.002358045651763818,93.6851537445765
"0,NA,2,2,2,2,0,2,NA",1,0.002358045651763818,93.68751179022826
"2,0,2,2,2,0,NA,2,NA",1,0.002358045651763818,93.68986983588002
"NA,NA,0,1,2,NA,0,2,NA",1,0.002358045651763818,93.69222788153179
"NA,2,1,2,1,NA,2,NA,NA",1,0.002358045651763818,93.69458592718355
"1,2,NA,2,0,0,NA,NA,NA",1,0.002358045651763818,93.69694397283531
"1,NA,NA,2,NA,0,1,NA,2",1,0.002358045651763818,93.69930201848707
"2,1,NA,1,1,NA,2,NA,2",1,0.002358045651763818,93.70166006413884
"NA,2,2,NA,NA,0,0,2,2",1,0.002358045651763818,93.70401810979061
"2,1,NA,0,2,NA,2,0,NA",1,0.002358045651763818,93.70637615544237
"2,1,2,2,2,2,0,0,2",1,0.002358045651763818,93.70873420109413
"0,1,NA,NA,NA,0,NA,NA,0",1,0.002358045651763818,93.71109224674589
"NA,2,0,NA,NA,2,2,NA,NA",1,0.002358045651763818,93.71345029239765
"2,2,NA,2,0,2,0,0,0",1,0.002358045651763818,93.71580833804943
"2,2,0,1,1,2,1,1,NA",1,0.002358045651763818,93.71816638370119
"NA,NA,1,NA,NA,NA,2,0,NA",1,0.002358045651763818,93.72052442935295
"2,2,2,2,1,2,NA,NA,1",1,0.002358045651763818,93.72288247500472
"2,NA,NA,2,1,0,2,2,0",1,0.002358045651763818,93.72524052065648
"NA,1,1,NA,2,2,2,2,NA",1,0.002358045651763818,93.72759856630825
"2,NA,NA,0,1,NA,2,2,2",1,0.002358045651763818,93.72995661196
"2,NA,2,0,0,NA,0,NA,NA",1,0.002358045651763818,93.73231465761177
"1,1,2,2,0,1,2,2,NA",1,0.002358045651763818,93.73467270326353
"NA,NA,NA,2,NA,NA,NA,NA,0",1,0.002358045651763818,93.7370307489153
"0,2,2,1,1,2,2,NA,2",1,0.002358045651763818,93.73938879456706
"2,2,NA,1,2,NA,NA,1,NA",1,0.002358045651763818,93.74174684021884
"NA,NA,NA,0,0,2,2,0,0",1,0.002358045651763818,93.7441048858706
"2,1,2,2,1,2,2,1,2",1,0.002358045651763818,93.74646293152236
"2,2,NA,NA,NA,1,NA,2,NA",1,0.002358045651763818,93.74882097717412
"2,2,2,2,0,1,1,NA,NA",1,0.002358045651763818,93.75117902282588
"NA,NA,0,0,2,NA,NA,NA,2",1,0.002358045651763818,93.75353706847764
"2,NA,NA,NA,1,2,0,NA,NA",1,0.002358045651763818,93.7558951141294
"2,0,NA,1,1,2,2,NA,NA",1,0.002358045651763818,93.75825315978116
"2,0,2,2,2,2,1,2,NA",1,0.002358045651763818,93.76061120543294
"0,0,2,0,NA,NA,NA,1,NA",1,0.002358045651763818,93.7629692510847
"2,NA,NA,NA,2,2,NA,NA,1",1,0.002358045651763818,93.76532729673647
"2,0,NA,2,2,NA,1,0,NA",1,0.002358045651763818,93.76768534238823
"2,1,NA,2,2,NA,1,NA,NA",1,0.002358045651763818,93.77004338804
"0,0,NA,2,0,2,0,2,0",1,0.002358045651763818,93.77240143369175
"1,NA,0,2,1,1,1,2,1",1,0.002358045651763818,93.77475947934352
"1,2,1,1,1,NA,1,1,1",1,0.002358045651763818,93.77711752499528
"NA,0,NA,2,2,2,0,NA,1",1,0.002358045651763818,93.77947557064705
"2,NA,2,2,2,2,0,1,NA",1,0.002358045651763818,93.78183361629881
"1,2,NA,2,0,1,2,NA,0",1,0.002358045651763818,93.78419166195057
"0,NA,0,NA,1,2,2,NA,2",1,0.002358045651763818,93.78654970760235
"0,0,NA,2,2,0,2,2,2",1,0.002358045651763818,93.78890775325411
"NA,2,1,2,1,0,0,NA,2",1,0.002358045651763818,93.79126579890587
"0,0,2,1,1,NA,NA,2,NA",1,0.002358045651763818,93.79362384455763
"2,1,2,0,2,2,0,0,0",1,0.002358045651763818,93.79598189020939
"NA,0,2,NA,1,0,NA,2,2",1,0.002358045651763818,93.79833993586116
"NA,1,NA,2,1,2,NA,NA,NA",1,0.002358045651763818,93.80069798151293
"2,2,0,2,1,1,2,NA,NA",1,0.002358045651763818,93.80305602716469
"2,NA,NA,0,NA,0,2,NA,NA",1,0.002358045651763818,93.80541407281645
"2,2,2,1,1,NA,2,0,2",1,0.002358045651763818,93.80777211846821
"0,2,2,NA,2,0,2,2,1",1,0.002358045651763818,93.81013016411998
"NA,1,NA,0,2,NA,NA,NA,0",1,0.002358045651763818,93.81248820977174
"2,0,1,1,2,NA,2,NA,2",1,0.002358045651763818,93.8148462554235
"NA,NA,0,2,2,2,1,NA,NA",1,0.002358045651763818,93.81720430107528
"0,0,2,2,2,NA,1,NA,1",1,0.002358045651763818,93.81956234672704
"NA,NA,NA,2,1,0,NA,NA,2",1,0.002358045651763818,93.8219203923788
"0,2,2,0,2,0,0,NA,NA",1,0.002358045651763818,93.82427843803056
"NA,2,0,NA,NA,0,NA,NA,NA",1,0.002358045651763818,93.82663648368232
"NA,0,NA,2,NA,NA,0,NA,NA",1,0.002358045651763818,93.82899452933408
"NA,NA,NA,NA,NA,1,1,NA,2",1,0.002358045651763818,93.83135257498584
"2,2,0,NA,NA,NA,0,NA,NA",1,0.002358045651763818,93.83371062063762
"NA,NA,2,NA,NA,1,2,0,2",1,0.002358045651763818,93.83606866628938
"2,1,1,NA,NA,NA,NA,2,2",1,0.002358045651763818,93.83842671194115
"2,NA,1,2,2,2,1,NA,2",1,0.002358045651763818,93.84078475759291
"2,2,NA,1,2,0,2,1,1",1,0.002358045651763818,93.84314280324467
"2,NA,2,2,0,2,0,NA,NA",1,0.002358045651763818,93.84550084889644
"0,0,NA,0,0,0,0,NA,0",1,0.002358045651763818,93.8478588945482
"2,NA,2,2,1,NA,2,1,1",1,0.002358045651763818,93.85021694019996
"2,NA,2,NA,0,NA,NA,NA,NA",1,0.002358045651763818,93.85257498585172
"2,2,1,0,0,2,0,NA,2",1,0.002358045651763818,93.85493303150348
"2,2,NA,2,0,NA,2,2,0",1,0.002358045651763818,93.85729107715525
"0,2,0,1,1,1,NA,NA,NA",1,0.002358045651763818,93.85964912280701
"0,NA,0,2,2,0,2,2,2",1,0.002358045651763818,93.86200716845879
"NA,NA,NA,2,1,0,1,NA,1",1,0.002358045651763818,93.86436521411055
"2,NA,NA,NA,2,NA,2,2,1",1,0.002358045651763818,93.86672325976231
"0,2,2,1,2,2,2,NA,0",1,0.002358045651763818,93.86908130541407
"NA,0,NA,0,NA,2,0,1,2",1,0.002358045651763818,93.87143935106583
"2,2,NA,2,2,1,2,1,NA",1,0.002358045651763818,93.87379739671759
"2,0,2,1,2,1,2,NA,NA",1,0.002358045651763818,93.87615544236937
"NA,NA,NA,1,1,1,2,NA,2",1,0.002358045651763818,93.87851348802113
"1,NA,0,2,2,1,0,NA,NA",1,0.002358045651763818,93.88087153367289
"NA,1,2,2,1,2,0,2,0",1,0.002358045651763818,93.88322957932466
"NA,2,1,1,1,2,NA,1,2",1,0.002358045651763818,93.88558762497642
"2,NA,2,NA,2,1,2,0,2",1,0.002358045651763818,93.88794567062818
"0,2,2,1,2,1,2,NA,1",1,0.002358045651763818,93.89030371627994
"NA,2,1,2,2,NA,2,2,1",1,0.002358045651763818,93.8926617619317
"1,0,NA,0,0,NA,0,0,0",1,0.002358045651763818,93.89501980758348
"NA,1,NA,0,NA,NA,2,0,NA",1,0.002358045651763818,93.89737785323524
"NA,2,NA,1,1,NA,1,NA,NA",1,0.002358045651763818,93.899735898887
"2,2,2,NA,1,2,2,NA,NA",1,0.002358045651763818,93.90209394453876
"1,1,NA,2,NA,NA,1,NA,NA",1,0.002358045651763818,93.90445199019052
"2,2,NA,NA,NA,NA,1,1,1",1,0.002358045651763818,93.9068100358423
"2,2,2,2,1,NA,2,0,2",1,0.002358045651763818,93.90916808149406
"NA,2,0,2,2,2,0,0,NA",1,0.002358045651763818,93.91152612714582
"2,2,0,NA,2,1,1,2,2",1,0.002358045651763818,93.9138841727976
"NA,2,1,2,2,NA,NA,NA,1",1,0.002358045651763818,93.91624221844936
"2,2,NA,2,2,NA,0,2,0",1,0.002358045651763818,93.91860026410112
"2,2,2,1,1,NA,1,1,NA",1,0.002358045651763818,93.92095830975288
"2,2,2,2,1,NA,0,2,NA",1,0.002358045651763818,93.92331635540464
"1,0,NA,2,2,2,2,2,2",1,0.002358045651763818,93.9256744010564
"2,2,2,2,1,NA,0,0,2",1,0.002358045651763818,93.92803244670816
"0,2,2,2,2,NA,1,0,NA",1,0.002358045651763818,93.93039049235993
"NA,0,2,2,2,0,NA,NA,NA",1,0.002358045651763818,93.93274853801171
"2,1,NA,NA,2,NA,2,NA,1",1,0.002358045651763818,93.93510658366347
"NA,2,NA,1,NA,2,NA,0,NA",1,0.002358045651763818,93.93746462931523
"NA,2,0,2,NA,NA,NA,0,NA",1,0.002358045651763818,93.93982267496699
"NA,1,1,2,2,2,0,NA,NA",1,0.002358045651763818,93.94218072061875
"0,2,0,2,2,NA,2,NA,0",1,0.002358045651763818,93.94453876627051
"0,0,1,0,NA,NA,0,2,NA",1,0.002358045651763818,93.94689681192227
"2,2,2,NA,1,2,1,NA,2",1,0.002358045651763818,93.94925485757403
"NA,1,NA,NA,2,0,NA,NA,NA",1,0.002358045651763818,93.95161290322581
"2,1,0,0,0,2,NA,NA,NA",1,0.002358045651763818,93.95397094887757
"1,NA,1,NA,NA,NA,NA,NA,NA",1,0.002358045651763818,93.95632899452934
"NA,0,0,2,2,2,1,NA,NA",1,0.002358045651763818,93.9586870401811
"NA,NA,2,1,2,2,2,0,NA",1,0.002358045651763818,93.96104508583286
"0,1,NA,NA,NA,NA,2,NA,NA",1,0.002358045651763818,93.96340313148463
"0,NA,2,2,2,NA,2,2,1",1,0.002358045651763818,93.96576117713639
"NA,2,1,NA,NA,NA,1,2,2",1,0.002358045651763818,93.96811922278815
"NA,1,NA,NA,0,1,2,2,0",1,0.002358045651763818,93.97047726843992
"1,0,NA,1,2,NA,NA,NA,NA",1,0.002358045651763818,93.97283531409168
"1,NA,2,2,0,1,2,2,2",1,0.002358045651763818,93.97519335974344
"1,2,NA,NA,0,NA,NA,2,NA",1,0.002358045651763818,93.9775514053952
"1,1,0,0,0,2,0,NA,0",1,0.002358045651763818,93.97990945104698
"0,NA,NA,2,2,NA,0,1,2",1,0.002358045651763818,93.98226749669874
"2,1,NA,NA,NA,2,2,2,NA",1,0.002358045651763818,93.9846255423505
"2,NA,NA,2,2,0,0,NA,2",1,0.002358045651763818,93.98698358800226
"2,2,2,NA,NA,0,0,2,2",1,0.002358045651763818,93.98934163365402
"1,1,NA,2,NA,NA,NA,NA,NA",1,0.002358045651763818,93.9916996793058
"NA,1,2,2,2,0,2,NA,1",1,0.002358045651763818,93.99405772495756
"0,0,NA,2,1,NA,2,NA,0",1,0.002358045651763818,93.99641577060932
"1,2,NA,NA,2,0,2,NA,0",1,0.002358045651763818,93.99877381626108
"2,NA,2,2,0,NA,1,2,NA",1,0.002358045651763818,94.00113186191284
"NA,1,NA,2,2,NA,0,1,NA",1,0.002358045651763818,94.00348990756461
"2,2,2,1,0,2,NA,2,2",1,0.002358045651763818,94.00584795321637
"2,2,2,2,1,1,NA,2,2",1,0.002358045651763818,94.00820599886814
"2,1,NA,2,2,2,NA,1,NA",1,0.002358045651763818,94.01056404451991
"1,NA,NA,2,2,0,1,NA,NA",1,0.002358045651763818,94.01292209017167
"2,NA,2,2,2,2,0,NA,2",1,0.002358045651763818,94.01528013582343
"2,1,2,NA,NA,NA,NA,2,2",1,0.002358045651763818,94.01763818147519
"NA,NA,2,NA,NA,2,NA,2,1",1,0.002358045651763818,94.01999622712695
"2,2,2,NA,2,NA,2,2,1",1,0.002358045651763818,94.02235427277871
"0,NA,NA,2,0,0,2,2,NA",1,0.002358045651763818,94.02471231843049
"1,NA,0,0,2,2,0,0,0",1,0.002358045651763818,94.02707036408225
"0,2,NA,2,1,NA,2,2,NA",1,0.002358045651763818,94.02942840973402
"NA,NA,2,NA,NA,NA,NA,NA,0",1,0.002358045651763818,94.03178645538578
"NA,1,NA,0,0,2,0,NA,0",1,0.002358045651763818,94.03414450103755
"NA,0,NA,2,2,NA,2,0,NA",1,0.002358045651763818,94.0365025466893
"2,2,1,1,2,2,0,NA,NA",1,0.002358045651763818,94.03886059234107
"2,0,NA,2,0,2,NA,NA,NA",1,0.002358045651763818,94.04121863799283
"NA,2,0,0,2,NA,NA,NA,NA",1,0.002358045651763818,94.04357668364459
"0,2,1,1,1,NA,NA,0,NA",1,0.002358045651763818,94.04593472929635
"2,2,1,2,2,NA,1,2,1",1,0.002358045651763818,94.04829277494812
"NA,0,NA,2,NA,NA,NA,NA,1",1,0.002358045651763818,94.05065082059988
"0,2,NA,0,0,NA,NA,0,2",1,0.002358045651763818,94.05300886625166
"1,NA,NA,0,2,NA,NA,NA,2",1,0.002358045651763818,94.05536691190342
"NA,NA,NA,0,2,1,0,NA,NA",1,0.002358045651763818,94.05772495755518
"2,2,NA,0,2,NA,2,0,1",1,0.002358045651763818,94.06008300320694
"NA,2,2,0,2,0,2,1,NA",1,0.002358045651763818,94.0624410488587
"1,NA,NA,2,2,NA,NA,NA,0",1,0.002358045651763818,94.06479909451046
"0,2,2,2,1,2,2,0,2",1,0.002358045651763818,94.06715714016224
"1,1,NA,1,2,NA,2,NA,NA",1,0.002358045651763818,94.069515185814
"2,2,1,2,0,2,2,2,0",1,0.002358045651763818,94.07187323146576
"0,1,NA,0,0,NA,NA,2,2",1,0.002358045651763818,94.07423127711752
"2,2,2,1,1,NA,1,1,2",1,0.002358045651763818,94.0765893227693
"2,0,2,0,2,NA,NA,2,NA",1,0.002358045651763818,94.07894736842105
"0,1,NA,0,0,0,0,2,2",1,0.002358045651763818,94.08130541407282
"NA,2,NA,2,NA,NA,1,NA,1",1,0.002358045651763818,94.08366345972458
"2,2,1,2,1,NA,1,1,0",1,0.002358045651763818,94.08602150537635
"2,NA,1,2,1,2,0,2,2",1,0.002358045651763818,94.08837955102811
"1,1,2,0,0,NA,0,2,NA",1,0.002358045651763818,94.09073759667987
"0,2,1,NA,NA,NA,NA,NA,NA",1,0.002358045651763818,94.09309564233163
"NA,2,2,NA,2,NA,0,NA,NA",1,0.002358045651763818,94.0954536879834
"2,2,NA,1,0,2,0,0,0",1,0.002358045651763818,94.09781173363515
"1,1,0,2,2,NA,2,NA,2",1,0.002358045651763818,94.10016977928693
"1,1,0,2,2,NA,1,NA,NA",1,0.002358045651763818,94.10252782493869
"2,1,2,0,0,NA,0,2,0",1,0.002358045651763818,94.10488587059046
"NA,NA,0,0,NA,NA,NA,2,NA",1,0.002358045651763818,94.10724391624223
"2,2,NA,0,NA,2,NA,NA,0",1,0.002358045651763818,94.10960196189399
"0,1,NA,2,1,2,1,NA,1",1,0.002358045651763818,94.11196000754575
"2,0,2,2,1,NA,2,NA,0",1,0.002358045651763818,94.11431805319751
"1,2,2,2,2,1,2,2,1",1,0.002358045651763818,94.11667609884927
"2,1,NA,2,NA,2,NA,NA,NA",1,0.002358045651763818,94.11903414450103
"2,1,2,0,2,NA,2,0,1",1,0.002358045651763818,94.1213921901528
"NA,2,2,1,1,0,1,NA,NA",1,0.002358045651763818,94.12375023580456
"1,1,2,1,1,1,2,2,1",1,0.002358045651763818,94.12610828145634
"0,2,0,1,2,2,1,1,2",1,0.002358045651763818,94.1284663271081
"0,1,1,2,2,2,1,NA,NA",1,0.002358045651763818,94.13082437275986
"0,NA,NA,1,NA,NA,2,0,NA",1,0.002358045651763818,94.13318241841162
"NA,NA,NA,NA,0,1,2,NA,2",1,0.002358045651763818,94.13554046406338
"2,2,1,2,0,2,2,0,2",1,0.002358045651763818,94.13789850971514
"NA,0,NA,NA,NA,NA,2,NA,1",1,0.002358045651763818,94.1402565553669
"2,2,2,0,2,2,0,NA,NA",1,0.002358045651763818,94.14261460101866
"NA,NA,NA,0,0,0,0,0,NA",1,0.002358045651763818,94.14497264667044
"1,2,2,2,2,2,1,1,NA",1,0.002358045651763818,94.1473306923222
"2,2,2,2,0,2,1,2,2",1,0.002358045651763818,94.14968873797397
"2,0,2,0,2,1,2,2,2",1,0.002358045651763818,94.15204678362574
"NA,2,2,2,2,NA,NA,0,NA",1,0.002358045651763818,94.1544048292775
"0,NA,NA,2,2,0,1,NA,NA",1,0.002358045651763818,94.15676287492926
"NA,1,NA,NA,2,1,2,NA,NA",1,0.002358045651763818,94.15912092058102
"2,1,NA,1,1,NA,1,NA,1",1,0.002358045651763818,94.16147896623278
"2,NA,2,2,1,0,2,2,1",1,0.002358045651763818,94.16383701188455
"NA,NA,2,NA,1,2,1,NA,NA",1,0.002358045651763818,94.16619505753631
"2,NA,NA,NA,0,0,NA,2,NA",1,0.002358045651763818,94.16855310318807
"NA,2,2,2,2,1,2,2,1",1,0.002358045651763818,94.17091114883985
"2,0,0,NA,2,NA,2,NA,2",1,0.002358045651763818,94.17326919449161
"1,2,2,2,0,2,0,2,1",1,0.002358045651763818,94.17562724014337
"0,NA,NA,NA,2,0,2,NA,NA",1,0.002358045651763818,94.17798528579513
"2,2,1,1,2,0,2,1,NA",1,0.002358045651763818,94.18034333144689
"NA,1,2,NA,NA,NA,NA,1,2",1,0.002358045651763818,94.18270137709867
"NA,2,0,NA,NA,2,NA,2,NA",1,0.002358045651763818,94.18505942275043
"2,0,NA,NA,2,NA,2,2,1",1,0.002358045651763818,94.18741746840219
"1,2,NA,1,2,NA,2,2,NA",1,0.002358045651763818,94.18977551405395
"0,NA,0,NA,NA,2,1,1,2",1,0.002358045651763818,94.19213355970571
"0,2,2,2,2,NA,2,1,1",1,0.002358045651763818,94.19449160535748
"0,1,0,1,1,0,2,NA,1",1,0.002358045651763818,94.19684965100925
"1,0,2,2,2,2,2,0,2",1,0.002358045651763818,94.199207696661
"2,2,NA,0,2,1,2,NA,NA",1,0.002358045651763818,94.20156574231278
"NA,2,NA,2,1,0,NA,NA,2",1,0.002358045651763818,94.20392378796454
"2,2,0,2,1,NA,NA,2,NA",1,0.002358045651763818,94.2062818336163
"NA,NA,NA,2,2,NA,0,2,NA",1,0.002358045651763818,94.20863987926806
"2,2,NA,NA,2,2,1,NA,2",1,0.002358045651763818,94.21099792491982
"NA,1,2,NA,NA,NA,0,2,NA",1,0.002358045651763818,94.21335597057158
"2,NA,NA,NA,0,2,1,2,NA",1,0.002358045651763818,94.21571401622334
"NA,0,NA,1,NA,NA,1,NA,NA",1,0.002358045651763818,94.21807206187512
"1,1,1,1,1,2,2,1,1",1,0.002358045651763818,94.22043010752688
"1,0,NA,NA,NA,2,1,NA,2",1,0.002358045651763818,94.22278815317866
"1,2,2,2,1,2,0,NA,NA",1,0.002358045651763818,94.22514619883042
"1,2,0,NA,0,1,0,2,NA",1,0.002358045651763818,94.22750424448218
"NA,NA,2,2,1,NA,1,1,NA",1,0.002358045651763818,94.22986229013394
"NA,0,1,NA,2,NA,1,2,2",1,0.002358045651763818,94.2322203357857
"2,1,1,NA,NA,NA,NA,1,NA",1,0.002358045651763818,94.23457838143746
"0,2,1,2,2,2,0,2,NA",1,0.002358045651763818,94.23693642708922
"0,NA,2,2,0,2,NA,NA,NA",1,0.002358045651763818,94.239294472741
"1,2,0,2,0,2,NA,2,NA",1,0.002358045651763818,94.24165251839275
"2,2,2,0,2,NA,NA,0,NA",1,0.002358045651763818,94.24401056404452
"2,2,NA,2,0,NA,0,NA,0",1,0.002358045651763818,94.24636860969629
"0,2,0,1,1,2,2,NA,0",1,0.002358045651763818,94.24872665534805
"2,2,2,NA,NA,0,2,1,2",1,0.002358045651763818,94.25108470099981
"NA,2,NA,2,NA,2,2,0,2",1,0.002358045651763818,94.25344274665157
"1,2,2,2,2,NA,0,NA,NA",1,0.002358045651763818,94.25580079230333
"NA,1,2,2,2,1,1,NA,NA",1,0.002358045651763818,94.25815883795511
"2,2,2,2,NA,2,2,1,1",1,0.002358045651763818,94.26051688360687
"0,0,NA,2,1,2,1,NA,1",1,0.002358045651763818,94.26287492925863
"2,1,NA,2,1,2,1,NA,1",1,0.002358045651763818,94.26523297491039
"0,1,0,0,2,0,0,NA,NA",1,0.002358045651763818,94.26759102056216
"0,NA,NA,NA,NA,NA,0,0,NA",1,0.002358045651763818,94.26994906621393
"NA,1,0,2,0,2,2,1,NA",1,0.002358045651763818,94.27230711186569
"1,1,NA,2,2,NA,0,0,0",1,0.002358045651763818,94.27466515751745
"0,1,2,2,0,2,2,0,NA",1,0.002358045651763818,94.27702320316921
"2,2,NA,2,NA,NA,1,2,2",1,0.002358045651763818,94.27938124882098
"2,1,2,2,0,2,0,NA,NA",1,0.002358045651763818,94.28173929447274
"0,1,2,2,2,NA,0,2,NA",1,0.002358045651763818,94.2840973401245
"0,2,2,NA,NA,2,2,2,NA",1,0.002358045651763818,94.28645538577626
"NA,1,NA,0,2,NA,0,0,0",1,0.002358045651763818,94.28881343142803
"0,2,NA,1,1,2,2,1,1",1,0.002358045651763818,94.2911714770798
"1,2,NA,1,2,2,1,NA,1",1,0.002358045651763818,94.29352952273156
"2,2,2,1,2,2,0,2,NA",1,0.002358045651763818,94.29588756838332
"1,2,0,1,2,NA,2,NA,2",1,0.002358045651763818,94.2982456140351
"2,0,1,0,2,2,2,2,2",1,0.002358045651763818,94.30060365968686
"2,NA,0,2,2,NA,NA,2,NA",1,0.002358045651763818,94.30296170533862
"0,NA,2,NA,2,NA,NA,NA,2",1,0.002358045651763818,94.30531975099038
"0,0,NA,0,2,0,NA,NA,NA",1,0.002358045651763818,94.30767779664214
"NA,0,2,2,2,2,1,2,1",1,0.002358045651763818,94.3100358422939
"NA,NA,0,0,0,2,NA,0,NA",1,0.002358045651763818,94.31239388794566
"0,0,NA,2,1,0,1,NA,NA",1,0.002358045651763818,94.31475193359744
"2,2,1,1,2,2,0,NA,2",1,0.002358045651763818,94.31710997924921
"0,2,NA,NA,NA,NA,NA,0,NA",1,0.002358045651763818,94.31946802490097
"NA,NA,0,2,2,2,2,0,NA",1,0.002358045651763818,94.32182607055273
"NA,2,NA,2,1,2,1,2,1",1,0.002358045651763818,94.32418411620449
"0,0,NA,0,2,2,0,NA,NA",1,0.002358045651763818,94.32654216185625
"0,0,2,0,2,NA,0,0,0",1,0.002358045651763818,94.32890020750801
"NA,2,0,1,1,2,2,2,NA",1,0.002358045651763818,94.33125825315977
"0,2,0,0,1,2,2,1,1",1,0.002358045651763818,94.33361629881153
"2,2,1,NA,1,2,2,2,2",1,0.002358045651763818,94.33597434446331
"1,NA,2,0,2,NA,2,NA,2",1,0.002358045651763818,94.33833239011507
"2,0,0,2,1,NA,2,NA,NA",1,0.002358045651763818,94.34069043576685
"0,0,NA,2,2,NA,0,2,NA",1,0.002358045651763818,94.3430484814186
"NA,2,1,NA,NA,1,NA,NA,NA",1,0.002358045651763818,94.34540652707037
"0,NA,1,NA,NA,1,0,2,1",1,0.002358045651763818,94.34776457272213
"2,2,1,NA,NA,NA,1,2,2",1,0.002358045651763818,94.35012261837389
"2,1,NA,2,1,NA,2,2,1",1,0.002358045651763818,94.35248066402565
"0,0,NA,2,2,1,0,NA,NA",1,0.002358045651763818,94.35483870967742
"2,2,0,1,2,2,1,NA,1",1,0.002358045651763818,94.35719675532918
"NA,0,NA,0,NA,0,2,NA,NA",1,0.002358045651763818,94.35955480098094
"2,1,NA,2,0,2,2,0,2",1,0.002358045651763818,94.3619128466327
"NA,2,2,1,2,2,NA,2,2",1,0.002358045651763818,94.36427089228448
"NA,1,2,NA,NA,0,2,1,NA",1,0.002358045651763818,94.36662893793624
"NA,2,NA,2,NA,NA,0,1,0",1,0.002358045651763818,94.368986983588
"NA,2,NA,NA,NA,NA,1,0,NA",1,0.002358045651763818,94.37134502923976
"1,0,NA,2,2,1,2,NA,0",1,0.002358045651763818,94.37370307489154
"0,2,NA,NA,NA,NA,1,NA,1",1,0.002358045651763818,94.3760611205433
"0,2,2,NA,NA,NA,2,2,1",1,0.002358045651763818,94.37841916619506
"NA,2,2,NA,1,2,1,1,1",1,0.002358045651763818,94.38077721184682
"1,2,0,2,NA,0,NA,1,NA",1,0.002358045651763818,94.38313525749858
"1,1,NA,2,0,1,2,0,0",1,0.002358045651763818,94.38549330315034
"1,2,NA,2,0,2,0,NA,2",1,0.002358045651763818,94.38785134880212
"NA,0,NA,0,0,NA,2,NA,2",1,0.002358045651763818,94.39020939445388
"NA,NA,NA,NA,0,0,2,NA,NA",1,0.002358045651763818,94.39256744010565
"NA,2,0,2,2,0,2,2,NA",1,0.002358045651763818,94.39492548575741
"2,2,2,NA,NA,1,2,1,2",1,0.002358045651763818,94.39728353140917
"NA,2,1,2,1,1,2,2,NA",1,0.002358045651763818,94.39964157706093
"2,1,1,1,1,NA,1,2,1",1,0.002358045651763818,94.4019996227127
"2,NA,1,1,2,0,2,NA,NA",1,0.002358045651763818,94.40435766836445
"2,0,2,2,2,NA,2,0,NA",1,0.002358045651763818,94.40671571401622
"2,2,NA,0,0,2,2,0,0",1,0.002358045651763818,94.40907375966799
"1,2,0,1,2,2,NA,2,1",1,0.002358045651763818,94.41143180531975
"NA,NA,2,2,2,1,NA,NA,NA",1,0.002358045651763818,94.41378985097153
"0,2,NA,2,NA,0,NA,NA,NA",1,0.002358045651763818,94.41614789662329
"NA,2,0,NA,1,2,1,NA,NA",1,0.002358045651763818,94.41850594227505
"1,1,NA,0,2,2,0,NA,0",1,0.002358045651763818,94.42086398792681
"2,2,0,NA,NA,0,2,1,1",1,0.002358045651763818,94.42322203357857
"0,2,NA,2,2,NA,2,1,2",1,0.002358045651763818,94.42558007923033
"0,2,1,2,1,2,2,2,1",1,0.002358045651763818,94.42793812488209
"2,1,NA,2,2,0,1,NA,NA",1,0.002358045651763818,94.43029617053385
"1,1,NA,2,0,1,2,NA,NA",1,0.002358045651763818,94.43265421618563
"NA,0,0,1,2,0,NA,0,NA",1,0.002358045651763818,94.43501226183739
"2,1,1,0,NA,NA,2,0,NA",1,0.002358045651763818,94.43737030748916
"2,0,1,NA,1,1,2,NA,1",1,0.002358045651763818,94.43972835314092
"NA,2,2,1,2,NA,2,NA,NA",1,0.002358045651763818,94.44208639879268
"2,2,0,2,1,2,NA,NA,1",1,0.002358045651763818,94.44444444444444
"2,0,2,2,2,NA,NA,0,NA",1,0.002358045651763818,94.4468024900962
"NA,2,NA,1,2,NA,2,NA,2",1,0.002358045651763818,94.44916053574796
"0,2,2,NA,2,0,NA,NA,NA",1,0.002358045651763818,94.45151858139974
"1,1,2,0,0,NA,2,1,0",1,0.002358045651763818,94.4538766270515
"0,2,2,2,1,2,1,1,2",1,0.002358045651763818,94.45623467270326
"1,2,1,NA,NA,NA,1,2,NA",1,0.002358045651763818,94.45859271835502
"NA,2,NA,2,0,1,0,NA,1",1,0.002358045651763818,94.4609507640068
"1,NA,NA,1,NA,NA,0,NA,NA",1,0.002358045651763818,94.46330880965856
"NA,NA,1,2,0,2,1,NA,NA",1,0.002358045651763818,94.46566685531032
"1,1,NA,NA,NA,NA,2,NA,0",1,0.002358045651763818,94.46802490096208
"NA,NA,2,2,0,NA,NA,2,NA",1,0.002358045651763818,94.47038294661385
"0,0,2,NA,NA,NA,2,0,NA",1,0.002358045651763818,94.47274099226561
"NA,NA,2,0,1,1,NA,NA,NA",1,0.002358045651763818,94.47509903791737
"2,NA,0,1,1,1,2,2,2",1,0.002358045651763818,94.47745708356913
"0,1,NA,1,2,0,2,1,2",1,0.002358045651763818,94.4798151292209
"1,NA,NA,NA,NA,NA,0,NA,2",1,0.002358045651763818,94.48217317487266
"2,2,1,2,2,0,0,0,2",1,0.002358045651763818,94.48453122052443
"2,2,1,2,2,2,NA,1,NA",1,0.002358045651763818,94.48688926617619
"NA,NA,NA,0,2,NA,0,0,0",1,0.002358045651763818,94.48924731182797
"NA,NA,2,NA,NA,NA,1,1,NA",1,0.002358045651763818,94.49160535747973
"NA,1,NA,2,0,2,2,2,2",1,0.002358045651763818,94.49396340313149
"2,0,1,2,2,2,NA,NA,NA",1,0.002358045651763818,94.49632144878325
"0,2,2,2,1,2,1,NA,2",1,0.002358045651763818,94.49867949443501
"0,0,2,1,2,2,NA,NA,NA",1,0.002358045651763818,94.50103754008677
"NA,0,NA,2,2,NA,1,NA,2",1,0.002358045651763818,94.50339558573853
"2,1,2,NA,2,0,2,2,NA",1,0.002358045651763818,94.5057536313903
"1,2,NA,1,2,NA,1,2,1",1,0.002358045651763818,94.50811167704207
"1,2,NA,NA,2,2,2,0,0",1,0.002358045651763818,94.51046972269384
"2,1,2,2,1,2,2,0,1",1,0.002358045651763818,94.5128277683456
"1,NA,0,2,2,NA,NA,NA,NA",1,0.002358045651763818,94.51518581399736
"1,2,NA,2,0,NA,NA,NA,NA",1,0.002358045651763818,94.51754385964912
"NA,NA,NA,NA,NA,1,2,1,NA",1,0.002358045651763818,94.51990190530088
"2,NA,0,2,0,NA,NA,NA,NA",1,0.002358045651763818,94.52225995095264
"1,NA,0,2,2,NA,2,NA,2",1,0.002358045651763818,94.5246179966044
"2,0,0,2,2,1,NA,1,NA",1,0.002358045651763818,94.52697604225618
"1,0,1,2,1,2,2,NA,2",1,0.002358045651763818,94.52933408790794
"2,2,NA,1,2,0,1,NA,2",1,0.002358045651763818,94.5316921335597
"NA,NA,NA,NA,1,0,2,0,NA",1,0.002358045651763818,94.53405017921148
"2,0,NA,2,NA,2,2,2,0",1,0.002358045651763818,94.53640822486324
"2,2,2,2,0,2,0,1,2",1,0.002358045651763818,94.538766270515
"2,0,2,0,0,2,2,0,NA",1,0.002358045651763818,94.54112431616676
"2,NA,NA,0,0,NA,0,2,NA",1,0.002358045651763818,94.54348236181852
"1,2,NA,0,NA,NA,NA,2,NA",1,0.002358045651763818,94.5458404074703
"2,NA,1,NA,1,2,1,NA,2",1,0.002358045651763818,94.54819845312205
"2,2,0,0,2,0,NA,NA,NA",1,0.002358045651763818,94.55055649877382
"NA,NA,0,NA,NA,1,2,NA,NA",1,0.002358045651763818,94.55291454442558
"1,2,2,0,1,1,2,2,NA",1,0.002358045651763818,94.55527259007735
"2,NA,2,2,1,1,2,2,NA",1,0.002358045651763818,94.55763063572911
"2,NA,NA,NA,0,2,0,NA,NA",1,0.002358045651763818,94.55998868138087
"2,1,1,2,2,NA,0,NA,NA",1,0.002358045651763818,94.56234672703263
"1,1,2,2,2,NA,2,NA,2",1,0.002358045651763818,94.5647047726844
"0,2,0,2,2,1,2,NA,0",1,0.002358045651763818,94.56706281833617
"2,2,0,0,NA,NA,1,0,NA",1,0.002358045651763818,94.56942086398793
"0,2,2,0,NA,2,0,NA,NA",1,0.002358045651763818,94.57177890963969
"2,1,2,2,2,0,NA,1,2",1,0.002358045651763818,94.57413695529145
"NA,1,NA,2,NA,NA,0,NA,NA",1,0.002358045651763818,94.57649500094321
"NA,0,NA,NA,0,NA,2,NA,NA",1,0.002358045651763818,94.57885304659499
"NA,2,2,2,1,NA,1,2,2",1,0.002358045651763818,94.58121109224675
"0,1,1,2,2,0,2,NA,0",1,0.002358045651763818,94.58356913789851
"NA,1,2,NA,2,NA,2,NA,2",1,0.002358045651763818,94.58592718355028
"2,NA,0,0,0,NA,NA,NA,NA",1,0.002358045651763818,94.58828522920204
"2,0,NA,2,2,0,2,2,NA",1,0.002358045651763818,94.5906432748538
"2,2,2,NA,2,0,2,2,0",1,0.002358045651763818,94.59300132050556
"NA,NA,0,NA,NA,0,2,NA,2",1,0.002358045651763818,94.59535936615733
"2,2,1,2,2,1,NA,NA,2",1,0.002358045651763818,94.59771741180909
"2,2,1,2,2,NA,2,NA,1",1,0.002358045651763818,94.60007545746085
"2,2,NA,NA,NA,NA,0,2,2",1,0.002358045651763818,94.60243350311262
"NA,2,0,NA,0,NA,0,2,NA",1,0.002358045651763818,94.60479154876438
"1,2,2,2,2,2,1,1,2",1,0.002358045651763818,94.60714959441616
"2,NA,NA,1,0,2,2,2,1",1,0.002358045651763818,94.60950764006792
"2,NA,0,2,0,2,2,1,0",1,0.002358045651763818,94.61186568571968
"2,NA,NA,1,2,2,2,NA,0",1,0.002358045651763818,94.61422373137144
"2,2,2,1,2,2,2,0,NA",1,0.002358045651763818,94.6165817770232
"2,NA,NA,NA,NA,2,0,2,2",1,0.002358045651763818,94.61893982267496
"NA,0,2,1,2,2,NA,1,2",1,0.002358045651763818,94.62129786832672
"0,1,NA,2,0,NA,NA,2,NA",1,0.002358045651763818,94.6236559139785
"2,NA,0,0,2,0,NA,NA,1",1,0.002358045651763818,94.62601395963026
"NA,0,1,2,2,NA,NA,NA,2",1,0.002358045651763818,94.62837200528202
"2,1,2,1,0,2,2,2,2",1,0.002358045651763818,94.63073005093379
"2,2,2,NA,2,0,1,2,2",1,0.002358045651763818,94.63308809658555
"NA,2,2,NA,NA,1,1,NA,NA",1,0.002358045651763818,94.63544614223731
"0,NA,NA,0,1,2,NA,NA,NA",1,0.002358045651763818,94.63780418788907
"NA,NA,NA,2,2,2,NA,1,NA",1,0.002358045651763818,94.64016223354083
"NA,0,NA,2,NA,NA,2,2,NA",1,0.002358045651763818,94.64252027919261
"0,NA,NA,2,2,NA,1,NA,NA",1,0.002358045651763818,94.64487832484437
"2,2,1,NA,1,2,1,NA,NA",1,0.002358045651763818,94.64723637049613
"1,NA,NA,1,1,NA,1,NA,2",1,0.002358045651763818,94.64959441614789
"2,NA,1,NA,NA,NA,NA,0,2",1,0.002358045651763818,94.65195246179967
"0,1,NA,2,1,0,NA,NA,NA",1,0.002358045651763818,94.65431050745143
"2,NA,1,2,0,NA,NA,NA,NA",1,0.002358045651763818,94.65666855310319
"2,2,2,NA,1,NA,1,NA,NA",1,0.002358045651763818,94.65902659875495
"0,1,2,2,2,2,1,NA,NA",1,0.002358045651763818,94.66138464440672
"NA,NA,NA,1,0,NA,1,NA,NA",1,0.002358045651763818,94.66374269005848
"2,1,2,NA,NA,1,NA,NA,NA",1,0.002358045651763818,94.66610073571024
"NA,NA,1,1,2,2,2,1,NA",1,0.002358045651763818,94.668458781362
"2,2,NA,1,NA,2,1,NA,NA",1,0.002358045651763818,94.67081682701377
"0,2,NA,0,0,2,NA,0,NA",1,0.002358045651763818,94.67317487266553
"0,NA,2,NA,NA,NA,0,NA,NA",1,0.002358045651763818,94.6755329183173
"0,0,2,2,0,2,2,NA,0",1,0.002358045651763818,94.67789096396906
"0,NA,NA,2,2,2,0,2,0",1,0.002358045651763818,94.68024900962084
"2,0,0,0,2,2,1,2,NA",1,0.002358045651763818,94.6826070552726
"2,2,1,NA,2,NA,0,1,2",1,0.002358045651763818,94.68496510092436
"NA,0,2,2,1,0,NA,NA,NA",1,0.002358045651763818,94.68732314657612
"2,1,0,NA,NA,2,NA,2,NA",1,0.002358045651763818,94.68968119222788
"NA,1,NA,2,NA,0,NA,NA,NA",1,0.002358045651763818,94.69203923787964
"2,NA,2,1,NA,NA,2,NA,NA",1,0.002358045651763818,94.6943972835314
"0,NA,NA,2,2,2,2,1,2",1,0.002358045651763818,94.69675532918316
"2,2,2,1,1,2,NA,1,0",1,0.002358045651763818,94.69911337483494
"2,NA,NA,NA,2,2,0,NA,NA",1,0.002358045651763818,94.70147142048671
"NA,2,2,0,1,0,1,2,1",1,0.002358045651763818,94.70382946613847
"2,0,NA,2,0,NA,0,2,NA",1,0.002358045651763818,94.70618751179023
"0,2,2,0,0,2,2,1,2",1,0.002358045651763818,94.708545557442
"NA,NA,NA,2,2,0,1,2,NA",1,0.002358045651763818,94.71090360309375
"2,2,NA,0,0,2,1,0,2",1,0.002358045651763818,94.71326164874552
"2,1,NA,1,1,2,2,1,1",1,0.002358045651763818,94.71561969439728
"2,2,1,2,1,2,1,1,1",1,0.002358045651763818,94.71797774004904
"NA,NA,2,0,NA,NA,1,NA,2",1,0.002358045651763818,94.72033578570081
"0,1,NA,2,0,NA,2,0,2",1,0.002358045651763818,94.72269383135257
"2,NA,2,2,NA,2,1,2,2",1,0.002358045651763818,94.72505187700435
"NA,2,2,1,1,2,2,1,2",1,0.002358045651763818,94.72740992265611
"0,NA,NA,NA,NA,0,NA,2,2",1,0.002358045651763818,94.72976796830787
"1,2,NA,0,2,2,2,NA,0",1,0.002358045651763818,94.73212601395963
"2,2,2,NA,0,0,2,2,2",1,0.002358045651763818,94.73448405961139
"1,2,0,2,1,2,2,2,1",1,0.002358045651763818,94.73684210526315
"0,NA,NA,NA,0,2,0,1,NA",1,0.002358045651763818,94.73920015091493
"2,1,NA,1,2,1,NA,0,NA",1,0.002358045651763818,94.74155819656669
"1,1,0,2,0,2,0,0,0",1,0.002358045651763818,94.74391624221845
"0,2,1,1,1,NA,NA,0,1",1,0.002358045651763818,94.74627428787021
"2,NA,NA,2,1,NA,1,NA,NA",1,0.002358045651763818,94.74863233352198
"NA,NA,NA,0,2,NA,NA,1,1",1,0.002358045651763818,94.75099037917374
"2,2,NA,0,0,2,0,NA,NA",1,0.002358045651763818,94.7533484248255
"0,NA,2,2,0,NA,NA,0,2",1,0.002358045651763818,94.75570647047726
"2,NA,NA,1,1,2,2,2,1",1,0.002358045651763818,94.75806451612904
"0,2,2,0,0,NA,0,0,0",1,0.002358045651763818,94.7604225617808
"0,0,2,2,0,2,2,2,2",1,0.002358045651763818,94.76278060743256
"0,NA,NA,1,1,0,2,NA,NA",1,0.002358045651763818,94.76513865308432
"1,0,2,2,2,2,2,1,NA",1,0.002358045651763818,94.76749669873608
"2,1,NA,1,2,2,1,NA,2",1,0.002358045651763818,94.76985474438784
"NA,2,0,2,2,2,2,0,NA",1,0.002358045651763818,94.77221279003962
"NA,NA,NA,NA,2,1,NA,NA,2",1,0.002358045651763818,94.77457083569138
"0,0,1,2,2,NA,2,2,NA",1,0.002358045651763818,94.77692888134315
"2,NA,1,0,0,2,1,NA,NA",1,0.002358045651763818,94.77928692699491
"NA,NA,NA,NA,NA,2,2,1,NA",1,0.002358045651763818,94.78164497264667
"1,1,NA,1,1,NA,2,NA,1",1,0.002358045651763818,94.78400301829843
"NA,2,1,1,1,NA,NA,NA,NA",1,0.002358045651763818,94.7863610639502
"0,2,NA,NA,0,1,2,NA,2",1,0.002358045651763818,94.78871910960196
"NA,2,NA,1,2,2,1,NA,1",1,0.002358045651763818,94.79107715525372
"2,0,1,2,2,1,2,2,1",1,0.002358045651763818,94.79343520090549
"2,0,NA,1,1,1,0,NA,NA",1,0.002358045651763818,94.79579324655725
"NA,NA,NA,0,2,1,1,NA,NA",1,0.002358045651763818,94.79815129220903
"NA,1,NA,2,0,2,0,NA,NA",1,0.002358045651763818,94.80050933786079
"0,0,NA,2,2,0,NA,NA,1",1,0.002358045651763818,94.80286738351255
"NA,2,1,2,2,0,2,NA,1",1,0.002358045651763818,94.80522542916431
"2,NA,2,NA,2,NA,1,2,NA",1,0.002358045651763818,94.80758347481607
"2,NA,2,NA,NA,0,1,2,NA",1,0.002358045651763818,94.80994152046783
"NA,NA,NA,0,1,NA,NA,NA,0",1,0.002358045651763818,94.81229956611959
"NA,NA,2,1,NA,0,0,2,NA",1,0.002358045651763818,94.81465761177137
"1,0,0,2,2,2,2,0,NA",1,0.002358045651763818,94.81701565742313
"2,NA,2,NA,NA,0,2,NA,2",1,0.002358045651763818,94.81937370307489
"2,0,2,2,2,NA,2,1,2",1,0.002358045651763818,94.82173174872666
"2,0,2,2,1,2,2,NA,2",1,0.002358045651763818,94.82408979437842
"0,NA,2,NA,NA,2,2,NA,NA",1,0.002358045651763818,94.82644784003018
"0,0,0,0,0,2,2,NA,NA",1,0.002358045651763818,94.82880588568194
"1,1,NA,1,1,NA,NA,NA,1",1,0.002358045651763818,94.8311639313337
"1,NA,NA,1,2,NA,2,NA,2",1,0.002358045651763818,94.83352197698548
"2,2,2,1,1,1,1,2,1",1,0.002358045651763818,94.83588002263724
"2,NA,1,2,2,NA,NA,NA,1",1,0.002358045651763818,94.838238068289
"2,NA,NA,1,0,NA,NA,NA,NA",1,0.002358045651763818,94.84059611394076
"NA,0,NA,0,0,NA,NA,NA,2",1,0.002358045651763818,94.84295415959252
"1,2,2,1,2,NA,1,2,NA",1,0.002358045651763818,94.8453122052443
"2,NA,0,2,2,2,2,NA,0",1,0.002358045651763818,94.84767025089606
"2,NA,NA,1,0,NA,1,NA,2",1,0.002358045651763818,94.85002829654782
"NA,1,NA,2,2,1,NA,NA,1",1,0.002358045651763818,94.8523863421996
"2,NA,2,2,0,1,2,NA,2",1,0.002358045651763818,94.85474438785135
"1,0,NA,2,0,2,NA,NA,NA",1,0.002358045651763818,94.85710243350312
"1,2,NA,2,2,2,NA,NA,0",1,0.002358045651763818,94.85946047915488
"2,0,0,2,0,1,0,2,NA",1,0.002358045651763818,94.86181852480664
"1,2,2,NA,NA,NA,2,2,0",1,0.002358045651763818,94.8641765704584
"0,2,NA,NA,NA,2,1,NA,2",1,0.002358045651763818,94.86653461611016
"1,1,NA,2,2,NA,0,NA,0",1,0.002358045651763818,94.86889266176193
"0,NA,NA,1,2,NA,NA,0,NA",1,0.002358045651763818,94.8712507074137
"NA,1,2,0,2,NA,2,2,NA",1,0.002358045651763818,94.87360875306547
"NA,2,2,0,2,0,2,0,0",1,0.002358045651763818,94.87596679871723
"NA,2,2,NA,1,NA,1,NA,NA",1,0.002358045651763818,94.87832484436899
"0,NA,1,2,2,0,0,NA,NA",1,0.002358045651763818,94.88068289002075
"0,0,1,1,2,2,2,1,NA",1,0.002358045651763818,94.88304093567251
"0,NA,2,2,2,1,2,NA,2",1,0.002358045651763818,94.88539898132427
"1,2,NA,0,0,0,NA,NA,NA",1,0.002358045651763818,94.88775702697603
"0,2,NA,0,2,NA,2,2,2",1,0.002358045651763818,94.89011507262781
"0,2,2,NA,NA,NA,2,NA,2",1,0.002358045651763818,94.89247311827957
"0,2,NA,2,2,0,0,NA,2",1,0.002358045651763818,94.89483116393134
"2,2,1,0,0,2,2,0,2",1,0.002358045651763818,94.8971892095831
"NA,2,0,NA,0,0,2,2,NA",1,0.002358045651763818,94.89954725523486
"NA,0,0,2,NA,NA,NA,NA,NA",1,0.002358045651763818,94.90190530088663
"1,2,0,1,2,0,NA,2,2",1,0.002358045651763818,94.90426334653839
"0,2,2,2,2,2,1,1,1",1,0.002358045651763818,94.90662139219015
"0,2,0,1,0,1,0,NA,2",1,0.002358045651763818,94.90897943784191
"0,NA,NA,2,1,NA,NA,NA,1",1,0.002358045651763818,94.91133748349368
"NA,2,NA,NA,NA,NA,NA,2,1",1,0.002358045651763818,94.91369552914544
"2,2,2,0,2,2,2,1,1",1,0.002358045651763818,94.9160535747972
"2,1,2,1,2,0,1,2,NA",1,0.002358045651763818,94.91841162044898
"NA,2,NA,0,NA,NA,1,0,NA",1,0.002358045651763818,94.92076966610074
"0,NA,2,0,0,2,0,NA,2",1,0.002358045651763818,94.9231277117525
"1,NA,NA,2,1,NA,2,NA,2",1,0.002358045651763818,94.92548575740426
"2,2,1,NA,2,2,2,NA,NA",1,0.002358045651763818,94.92784380305602
"NA,1,0,2,2,2,2,0,2",1,0.002358045651763818,94.9302018487078
"NA,0,2,NA,0,NA,2,1,2",1,0.002358045651763818,94.93255989435956
"0,0,2,2,1,2,2,0,2",1,0.002358045651763818,94.93491794001132
"NA,2,0,2,2,2,2,2,NA",1,0.002358045651763818,94.93727598566308
"2,0,NA,2,2,0,2,NA,2",1,0.002358045651763818,94.93963403131485
"0,NA,2,NA,NA,2,2,2,1",1,0.002358045651763818,94.94199207696661
"2,2,1,0,2,2,2,1,1",1,0.002358045651763818,94.94435012261837
"NA,1,2,0,0,2,2,2,NA",1,0.002358045651763818,94.94670816827013
"1,1,2,2,0,2,0,0,NA",1,0.002358045651763818,94.94906621392191
"0,2,NA,NA,2,1,0,NA,NA",1,0.002358045651763818,94.95142425957367
"NA,1,0,0,2,NA,0,0,NA",1,0.002358045651763818,94.95378230522543
"2,1,2,2,0,0,2,2,2",1,0.002358045651763818,94.95614035087719
"NA,2,0,2,1,2,2,2,1",1,0.002358045651763818,94.95849839652895
"NA,NA,0,2,0,2,2,NA,NA",1,0.002358045651763818,94.96085644218071
"NA,0,NA,NA,NA,1,NA,2,NA",1,0.002358045651763818,94.96321448783249
"NA,2,2,0,NA,NA,2,2,2",1,0.002358045651763818,94.96557253348425
"1,2,2,0,0,NA,2,0,0",1,0.002358045651763818,94.96793057913602
"2,NA,2,NA,1,0,NA,2,NA",1,0.002358045651763818,94.97028862478778
"0,0,2,0,2,NA,NA,NA,NA",1,0.002358045651763818,94.97264667043954
"2,0,NA,2,2,1,1,0,2",1,0.002358045651763818,94.9750047160913
"2,NA,1,1,1,NA,2,0,NA",1,0.002358045651763818,94.97736276174307
"2,NA,NA,0,NA,NA,NA,0,NA",1,0.002358045651763818,94.97972080739483
"NA,1,NA,2,2,2,1,NA,NA",1,0.002358045651763818,94.98207885304659
"2,1,2,NA,NA,2,NA,0,1",1,0.002358045651763818,94.98443689869835
"NA,2,2,2,NA,2,2,1,NA",1,0.002358045651763818,94.98679494435012
"NA,2,0,NA,NA,NA,NA,2,2",1,0.002358045651763818,94.98915299000188
"NA,NA,0,NA,2,NA,NA,0,NA",1,0.002358045651763818,94.99151103565366
"1,NA,NA,NA,NA,0,1,1,NA",1,0.002358045651763818,94.99386908130542
"1,1,2,2,1,2,2,2,1",1,0.002358045651763818,94.99622712695718
"2,0,NA,2,2,1,1,2,NA",1,0.002358045651763818,94.99858517260894
"NA,2,2,1,NA,2,2,1,NA",1,0.002358045651763818,95.0009432182607
"NA,2,2,0,NA,2,NA,2,NA",1,0.002358045651763818,95.00330126391246
"0,1,NA,2,2,0,2,2,2",1,0.002358045651763818,95.00565930956422
"2,2,1,2,1,NA,0,NA,1",1,0.002358045651763818,95.008017355216
"NA,0,2,NA,NA,0,2,NA,NA",1,0.002358045651763818,95.01037540086776
"0,NA,NA,0,0,0,NA,2,2",1,0.002358045651763818,95.01273344651952
"NA,NA,NA,NA,1,1,2,2,2",1,0.002358045651763818,95.0150914921713
"NA,0,2,2,NA,1,0,2,NA",1,0.002358045651763818,95.01744953782305
"2,NA,NA,1,1,NA,NA,1,NA",1,0.002358045651763818,95.01980758347482
"0,2,2,2,1,2,NA,2,NA",1,0.002358045651763818,95.02216562912658
"2,2,NA,1,1,2,0,1,1",1,0.002358045651763818,95.02452367477834
"2,NA,2,0,2,NA,0,NA,NA",1,0.002358045651763818,95.02688172043011
"2,2,2,1,2,1,0,2,2",1,0.002358045651763818,95.02923976608187
"NA,2,0,2,2,1,2,NA,2",1,0.002358045651763818,95.03159781173363
"NA,1,0,2,2,2,2,2,2",1,0.002358045651763818,95.0339558573854
"2,2,0,0,1,2,2,2,2",1,0.002358045651763818,95.03631390303717
"1,1,2,2,2,2,NA,1,NA",1,0.002358045651763818,95.03867194868893
"1,2,NA,2,0,0,1,NA,0",1,0.002358045651763818,95.04102999434069
"0,0,0,NA,1,0,2,2,NA",1,0.002358045651763818,95.04338803999245
"NA,2,2,2,2,2,1,1,NA",1,0.002358045651763818,95.04574608564423
"0,2,2,2,0,2,1,0,2",1,0.002358045651763818,95.04810413129599
"NA,2,NA,2,NA,NA,2,0,2",1,0.002358045651763818,95.05046217694775
"2,NA,0,0,2,2,NA,NA,NA",1,0.002358045651763818,95.05282022259951
"2,2,0,2,2,2,1,1,2",1,0.002358045651763818,95.05517826825127
"2,2,2,2,2,2,NA,1,NA",1,0.002358045651763818,95.05753631390303
"2,NA,2,2,1,2,0,NA,2",1,0.002358045651763818,95.0598943595548
"1,1,NA,2,0,NA,NA,0,NA",1,0.002358045651763818,95.06225240520656
"NA,2,2,NA,2,NA,0,NA,2",1,0.002358045651763818,95.06461045085834
"2,1,1,2,0,2,0,2,2",1,0.002358045651763818,95.0669684965101
"2,1,1,2,1,NA,NA,NA,0",1,0.002358045651763818,95.06932654216186
"1,1,NA,NA,NA,NA,2,0,NA",1,0.002358045651763818,95.07168458781362
"NA,0,1,1,2,0,2,NA,NA",1,0.002358045651763818,95.07404263346538
"2,0,NA,2,2,2,1,NA,0",1,0.002358045651763818,95.07640067911714
"1,NA,NA,2,NA,NA,2,NA,2",1,0.002358045651763818,95.0787587247689
"NA,2,2,1,2,1,2,2,1",1,0.002358045651763818,95.08111677042066
"2,0,0,2,2,2,1,NA,0",1,0.002358045651763818,95.08347481607244
"1,NA,NA,NA,NA,2,2,NA,1",1,0.002358045651763818,95.08583286172421
"0,2,2,1,2,2,2,1,1",1,0.002358045651763818,95.08819090737597
"1,2,2,1,1,NA,NA,NA,1",1,0.002358045651763818,95.09054895302774
"2,2,0,2,2,NA,NA,2,NA",1,0.002358045651763818,95.0929069986795
"1,2,NA,0,0,NA,0,0,0",1,0.002358045651763818,95.09526504433126
"NA,2,1,NA,NA,NA,NA,2,2",1,0.002358045651763818,95.09762308998302
"0,2,0,0,2,2,2,2,2",1,0.002358045651763818,95.09998113563478
"0,1,2,0,2,NA,2,2,2",1,0.002358045651763818,95.10233918128655
"2,1,NA,0,0,NA,0,2,2",1,0.002358045651763818,95.10469722693831
"NA,1,0,0,2,2,2,NA,NA",1,0.002358045651763818,95.10705527259007
"2,2,2,1,2,0,2,1,1",1,0.002358045651763818,95.10941331824185
"2,2,2,2,1,1,2,NA,1",1,0.002358045651763818,95.11177136389361
"2,2,0,NA,NA,0,1,2,NA",1,0.002358045651763818,95.11412940954537
"NA,NA,1,NA,2,NA,1,1,NA",1,0.002358045651763818,95.11648745519713
"1,2,0,2,2,2,2,1,1",1,0.002358045651763818,95.11884550084889
"NA,2,2,NA,NA,0,NA,2,1",1,0.002358045651763818,95.12120354650067
"1,NA,NA,0,NA,NA,NA,NA,1",1,0.002358045651763818,95.12356159215243
"NA,2,NA,1,2,NA,0,2,2",1,0.002358045651763818,95.12591963780419
"1,NA,0,0,2,2,0,NA,NA",1,0.002358045651763818,95.12827768345595
"0,0,NA,NA,NA,NA,1,2,NA",1,0.002358045651763818,95.13063572910771
"2,2,1,NA,2,1,2,2,2",1,0.002358045651763818,95.13299377475948
"2,0,NA,0,2,2,0,NA,2",1,0.002358045651763818,95.13535182041124
"2,2,NA,0,2,2,0,0,NA",1,0.002358045651763818,95.137709866063
"2,2,NA,2,2,NA,1,NA,0",1,0.002358045651763818,95.14006791171478
"2,NA,2,0,0,NA,NA,NA,NA",1,0.002358045651763818,95.14242595736654
"2,1,2,NA,2,2,NA,2,NA",1,0.002358045651763818,95.1447840030183
"1,2,NA,2,0,0,2,1,2",1,0.002358045651763818,95.14714204867006
"0,NA,NA,1,2,NA,NA,NA,0",1,0.002358045651763818,95.14950009432182
"1,1,NA,NA,NA,NA,0,NA,NA",1,0.002358045651763818,95.15185813997358
"NA,NA,1,NA,NA,NA,1,2,2",1,0.002358045651763818,95.15421618562534
"2,0,2,2,2,2,NA,1,NA",1,0.002358045651763818,95.15657423127712
"1,2,NA,2,0,1,1,NA,2",1,0.002358045651763818,95.15893227692888
"NA,NA,0,2,1,NA,NA,2,1",1,0.002358045651763818,95.16129032258065
"0,NA,NA,0,2,NA,NA,0,NA",1,0.002358045651763818,95.16364836823242
"2,2,0,0,0,1,0,NA,NA",1,0.002358045651763818,95.16600641388418
"2,NA,0,0,2,NA,2,NA,1",1,0.002358045651763818,95.16836445953594
"2,NA,1,2,1,NA,2,2,NA",1,0.002358045651763818,95.1707225051877
"0,NA,NA,2,2,2,NA,1,1",1,0.002358045651763818,95.17308055083946
"2,2,0,2,1,1,1,2,1",1,0.002358045651763818,95.17543859649122
"2,2,2,2,2,2,1,1,NA",1,0.002358045651763818,95.177796642143
"NA,1,NA,0,0,1,NA,NA,NA",1,0.002358045651763818,95.18015468779475
"2,2,1,1,2,NA,2,1,NA",1,0.002358045651763818,95.18251273344653
"2,0,NA,2,1,NA,1,2,0",1,0.002358045651763818,95.18487077909829
"2,2,2,NA,0,2,2,2,NA",1,0.002358045651763818,95.18722882475005
"NA,NA,2,1,1,2,2,0,1",1,0.002358045651763818,95.18958687040181
"0,2,1,2,2,1,1,NA,2",1,0.002358045651763818,95.19194491605357
"2,2,NA,2,0,2,2,0,2",1,0.002358045651763818,95.19430296170533
"2,2,0,2,2,2,NA,NA,1",1,0.002358045651763818,95.1966610073571
"0,0,1,NA,NA,NA,2,1,NA",1,0.002358045651763818,95.19901905300887
"2,NA,NA,2,NA,0,2,NA,1",1,0.002358045651763818,95.20137709866063
"0,0,2,0,2,NA,NA,2,NA",1,0.002358045651763818,95.20373514431239
"2,2,NA,1,1,2,2,NA,0",1,0.002358045651763818,95.20609318996416
"NA,2,2,2,1,NA,2,1,2",1,0.002358045651763818,95.20845123561593
"2,1,NA,1,1,2,NA,NA,1",1,0.002358045651763818,95.21080928126769
"2,2,0,1,2,2,2,0,2",1,0.002358045651763818,95.21316732691945
"1,1,2,1,2,1,2,1,1",1,0.002358045651763818,95.21552537257121
"1,NA,0,0,NA,2,0,NA,NA",1,0.002358045651763818,95.21788341822298
"NA,2,2,0,2,2,2,NA,2",1,0.002358045651763818,95.22024146387474
"1,1,NA,0,2,1,NA,NA,NA",1,0.002358045651763818,95.2225995095265
"0,0,NA,0,2,1,0,1,2",1,0.002358045651763818,95.22495755517826
"0,NA,0,NA,NA,NA,1,2,NA",1,0.002358045651763818,95.22731560083002
"0,NA,2,2,2,0,2,NA,0",1,0.002358045651763818,95.2296736464818
"0,2,2,NA,0,0,2,1,NA",1,0.002358045651763818,95.23203169213356
"0,2,2,2,0,2,2,NA,NA",1,0.002358045651763818,95.23438973778532
"0,0,2,NA,1,NA,0,2,2",1,0.002358045651763818,95.2367477834371
"NA,NA,0,2,NA,2,2,NA,1",1,0.002358045651763818,95.23910582908886
"2,0,2,NA,1,NA,2,2,2",1,0.002358045651763818,95.24146387474062
"NA,2,0,NA,NA,1,2,2,NA",1,0.002358045651763818,95.24382192039238
"2,2,2,2,2,1,NA,0,NA",1,0.002358045651763818,95.24617996604414
"0,1,NA,0,2,0,2,NA,NA",1,0.002358045651763818,95.2485380116959
"2,NA,2,0,1,2,2,0,0",1,0.002358045651763818,95.25089605734766
"0,NA,NA,NA,0,NA,0,NA,NA",1,0.002358045651763818,95.25325410299943
"2,1,NA,2,2,NA,0,NA,1",1,0.002358045651763818,95.25561214865121
"2,0,2,1,2,0,1,1,2",1,0.002358045651763818,95.25797019430297
"NA,NA,1,2,2,2,2,NA,0",1,0.002358045651763818,95.26032823995473
"2,1,1,0,1,NA,0,NA,2",1,0.002358045651763818,95.26268628560649
"2,2,NA,2,2,2,NA,0,NA",1,0.002358045651763818,95.26504433125825
"NA,NA,NA,1,1,NA,1,NA,0",1,0.002358045651763818,95.26740237691001
"NA,2,1,2,1,2,2,1,NA",1,0.002358045651763818,95.26976042256177
"NA,0,NA,2,2,2,2,2,1",1,0.002358045651763818,95.27211846821353
"NA,0,2,2,2,2,2,2,NA",1,0.002358045651763818,95.27447651386531
"2,2,1,1,NA,2,2,2,2",1,0.002358045651763818,95.27683455951707
"NA,1,2,1,2,2,0,NA,2",1,0.002358045651763818,95.27919260516884
"0,NA,1,2,2,0,NA,1,NA",1,0.002358045651763818,95.2815506508206
"1,1,NA,2,2,NA,NA,NA,2",1,0.002358045651763818,95.28390869647237
"0,2,NA,1,2,2,2,1,1",1,0.002358045651763818,95.28626674212413
"2,2,2,2,1,2,0,NA,2",1,0.002358045651763818,95.28862478777589
"NA,2,1,1,2,2,1,2,1",1,0.002358045651763818,95.29098283342765
"1,NA,NA,2,2,NA,0,NA,1",1,0.002358045651763818,95.29334087907942
"2,1,NA,0,NA,NA,NA,2,NA",1,0.002358045651763818,95.29569892473118
"2,NA,NA,0,1,2,1,2,2",1,0.002358045651763818,95.29805697038294
"1,1,2,1,2,NA,0,NA,NA",1,0.002358045651763818,95.3004150160347
"1,1,NA,2,2,1,NA,NA,NA",1,0.002358045651763818,95.30277306168648
"0,0,2,NA,NA,1,1,1,0",1,0.002358045651763818,95.30513110733824
"2,0,2,2,1,2,2,NA,0",1,0.002358045651763818,95.30748915299
"NA,1,NA,2,2,2,1,1,2",1,0.002358045651763818,95.30984719864176
"2,2,2,0,NA,0,2,2,NA",1,0.002358045651763818,95.31220524429352
"1,2,2,1,2,1,1,1,2",1,0.002358045651763818,95.3145632899453
"2,2,2,2,2,1,1,2,NA",1,0.002358045651763818,95.31692133559706
"2,NA,1,NA,NA,NA,1,NA,NA",1,0.002358045651763818,95.31927938124882
"0,0,2,0,1,1,2,2,NA",1,0.002358045651763818,95.32163742690058
"NA,0,NA,0,1,2,2,NA,NA",1,0.002358045651763818,95.32399547255235
"2,1,0,1,2,2,1,0,2",1,0.002358045651763818,95.32635351820412
"NA,NA,NA,2,NA,2,NA,NA,1",1,0.002358045651763818,95.32871156385588
"0,2,NA,NA,2,0,1,NA,NA",1,0.002358045651763818,95.33106960950764
"2,2,1,NA,NA,NA,0,NA,0",1,0.002358045651763818,95.33342765515941
"1,1,2,2,2,1,2,1,2",1,0.002358045651763818,95.33578570081117
"0,NA,0,2,2,2,2,2,NA",1,0.002358045651763818,95.33814374646293
"2,NA,NA,NA,NA,NA,2,0,NA",1,0.002358045651763818,95.3405017921147
"2,1,1,1,2,1,0,2,NA",1,0.002358045651763818,95.34285983776645
"NA,2,2,2,2,2,0,2,0",1,0.002358045651763818,95.34521788341821
"NA,0,NA,0,0,2,NA,NA,0",1,0.002358045651763818,95.34757592906999
"2,2,NA,0,1,1,2,NA,1",1,0.002358045651763818,95.34993397472175
"0,2,2,0,2,NA,2,NA,NA",1,0.002358045651763818,95.35229202037353
"0,NA,1,1,2,1,NA,NA,NA",1,0.002358045651763818,95.35465006602529
"0,2,2,1,1,2,1,2,2",1,0.002358045651763818,95.35700811167705
"NA,NA,1,1,1,NA,NA,NA,NA",1,0.002358045651763818,95.35936615732881
"NA,2,NA,NA,1,1,NA,NA,NA",1,0.002358045651763818,95.36172420298057
"1,1,NA,2,1,2,2,NA,1",1,0.002358045651763818,95.36408224863233
"NA,NA,2,NA,NA,NA,NA,0,2",1,0.002358045651763818,95.36644029428409
"0,NA,2,NA,NA,1,2,NA,1",1,0.002358045651763818,95.36879833993585
"NA,1,2,0,2,2,0,NA,NA",1,0.002358045651763818,95.37115638558762
"2,0,0,2,1,2,2,NA,NA",1,0.002358045651763818,95.37351443123939
"0,0,2,1,2,1,0,2,2",1,0.002358045651763818,95.37587247689116
"0,2,0,2,2,0,2,NA,2",1,0.002358045651763818,95.37823052254292
"2,1,2,0,2,0,2,0,1",1,0.002358045651763818,95.38058856819468
"2,NA,NA,2,2,1,2,2,0",1,0.002358045651763818,95.38294661384644
"NA,NA,NA,NA,NA,1,0,NA,0",1,0.002358045651763818,95.3853046594982
"2,2,NA,NA,NA,0,1,NA,NA",1,0.002358045651763818,95.38766270514996
"0,NA,2,2,2,2,0,NA,1",1,0.002358045651763818,95.39002075080174
"0,0,NA,1,2,2,2,2,2",1,0.002358045651763818,95.3923787964535
"NA,2,1,2,2,2,2,1,NA",1,0.002358045651763818,95.39473684210526
"2,2,2,1,2,0,1,2,2",1,0.002358045651763818,95.39709488775702
"2,2,NA,2,2,NA,1,1,2",1,0.002358045651763818,95.3994529334088
"1,1,0,2,0,2,0,0,2",1,0.002358045651763818,95.40181097906056
"1,1,NA,0,0,1,0,2,2",1,0.002358045651763818,95.40416902471232
"2,2,2,NA,2,NA,1,2,2",1,0.002358045651763818,95.40652707036408
"0,0,NA,2,2,2,0,NA,0",1,0.002358045651763818,95.40888511601585
"1,2,NA,2,2,NA,2,2,1",1,0.002358045651763818,95.41124316166761
"0,2,NA,2,2,NA,0,2,0",1,0.002358045651763818,95.41360120731937
"2,0,1,NA,NA,NA,2,NA,NA",1,0.002358045651763818,95.41595925297113
"1,2,2,0,NA,NA,0,NA,NA",1,0.002358045651763818,95.4183172986229
"2,0,2,0,0,NA,2,2,2",1,0.002358045651763818,95.42067534427467
"1,1,2,0,0,0,2,0,0",1,0.002358045651763818,95.42303338992643
"NA,NA,NA,2,1,1,1,NA,1",1,0.002358045651763818,95.42539143557819
"NA,NA,NA,NA,0,0,2,2,NA",1,0.002358045651763818,95.42774948122997
"0,2,2,1,2,0,1,2,1",1,0.002358045651763818,95.43010752688173
"NA,1,NA,0,0,NA,NA,0,NA",1,0.002358045651763818,95.43246557253349
"2,2,2,1,1,1,0,NA,NA",1,0.002358045651763818,95.43482361818525
"0,1,0,0,0,2,0,0,0",1,0.002358045651763818,95.43718166383701
"NA,2,1,NA,NA,NA,2,2,0",1,0.002358045651763818,95.43953970948877
"2,2,2,NA,1,0,NA,NA,NA",1,0.002358045651763818,95.44189775514053
"NA,1,2,2,2,2,2,2,0",1,0.002358045651763818,95.4442558007923
"NA,NA,NA,1,1,2,0,NA,NA",1,0.002358045651763818,95.44661384644407
"NA,NA,2,NA,NA,1,NA,NA,2",1,0.002358045651763818,95.44897189209584
"2,2,2,1,0,1,2,2,NA",1,0.002358045651763818,95.4513299377476
"NA,NA,0,NA,2,0,1,NA,NA",1,0.002358045651763818,95.45368798339936
"1,NA,2,NA,NA,NA,2,NA,2",1,0.002358045651763818,95.45604602905112
"0,1,NA,NA,NA,0,1,NA,1",1,0.002358045651763818,95.45840407470288
"0,0,2,2,2,NA,2,2,1",1,0.002358045651763818,95.46076212035464
"NA,1,2,0,2,NA,NA,NA,NA",1,0.002358045651763818,95.4631201660064
"0,2,2,2,NA,2,1,0,2",1,0.002358045651763818,95.46547821165817
"0,0,NA,NA,NA,NA,0,NA,2",1,0.002358045651763818,95.46783625730994
"NA,2,0,1,2,NA,2,NA,NA",1,0.002358045651763818,95.47019430296172
"2,NA,2,2,2,1,1,NA,NA",1,0.002358045651763818,95.47255234861348
"0,NA,NA,1,1,1,NA,NA,NA",1,0.002358045651763818,95.47491039426524
"0,2,2,0,0,NA,1,NA,NA",1,0.002358045651763818,95.477268439917
"NA,NA,2,2,NA,NA,2,1,NA",1,0.002358045651763818,95.47962648556876
"2,1,NA,2,1,NA,NA,1,NA",1,0.002358045651763818,95.48198453122052
"2,2,0,1,2,2,0,0,2",1,0.002358045651763818,95.48434257687228
"2,NA,NA,1,2,NA,2,0,2",1,0.002358045651763818,95.48670062252405
"2,1,NA,2,0,1,2,NA,NA",1,0.002358045651763818,95.48905866817582
"NA,2,2,NA,2,0,NA,2,NA",1,0.002358045651763818,95.49141671382758
"0,0,NA,0,2,NA,2,0,NA",1,0.002358045651763818,95.49377475947935
"NA,0,NA,0,NA,NA,NA,NA,2",1,0.002358045651763818,95.49613280513111
"0,2,NA,2,1,NA,2,1,NA",1,0.002358045651763818,95.49849085078287
"2,2,0,NA,NA,2,2,2,2",1,0.002358045651763818,95.50084889643463
"0,2,NA,2,2,0,1,NA,1",1,0.002358045651763818,95.5032069420864
"0,2,NA,NA,NA,NA,0,1,NA",1,0.002358045651763818,95.50556498773817
"2,1,0,2,0,1,0,NA,0",1,0.002358045651763818,95.50792303338993
"0,NA,1,NA,NA,NA,1,1,NA",1,0.002358045651763818,95.51028107904169
"1,2,2,2,2,2,0,0,NA",1,0.002358045651763818,95.51263912469345
"2,2,0,2,0,NA,2,2,0",1,0.002358045651763818,95.51499717034521
"2,2,1,1,2,2,1,NA,2",1,0.002358045651763818,95.51735521599699
"NA,2,0,2,2,2,2,NA,1",1,0.002358045651763818,95.51971326164875
"2,1,NA,2,2,1,2,2,0",1,0.002358045651763818,95.52207130730051
"NA,0,2,0,NA,2,NA,0,NA",1,0.002358045651763818,95.52442935295228
"2,2,1,NA,NA,NA,2,0,NA",1,0.002358045651763818,95.52678739860404
"2,2,2,2,1,0,1,NA,NA",1,0.002358045651763818,95.5291454442558
"2,0,2,NA,NA,NA,2,0,0",1,0.002358045651763818,95.53150348990756
"2,2,1,2,0,2,2,2,NA",1,0.002358045651763818,95.53386153555932
"0,2,NA,2,1,1,2,NA,NA",1,0.002358045651763818,95.53621958121109
"2,1,0,0,0,NA,2,0,0",1,0.002358045651763818,95.53857762686285
"0,NA,1,NA,0,NA,0,1,NA",1,0.002358045651763818,95.54093567251462
"2,0,2,1,2,NA,NA,1,NA",1,0.002358045651763818,95.54329371816638
"1,2,NA,NA,NA,1,2,2,2",1,0.002358045651763818,95.54565176381816
"2,2,2,0,0,2,0,NA,0",1,0.002358045651763818,95.54800980946992
"2,NA,NA,1,NA,0,NA,NA,NA",1,0.002358045651763818,95.55036785512168
"2,2,1,1,1,0,2,1,2",1,0.002358045651763818,95.55272590077344
"1,0,NA,NA,NA,2,2,NA,1",1,0.002358045651763818,95.5550839464252
"1,1,0,2,2,1,0,NA,NA",1,0.002358045651763818,95.55744199207696
"NA,2,NA,2,NA,NA,NA,NA,1",1,0.002358045651763818,95.55980003772872
"1,2,NA,2,0,NA,0,2,NA",1,0.002358045651763818,95.5621580833805
"1,NA,NA,2,0,1,2,NA,2",1,0.002358045651763818,95.56451612903226
"NA,2,2,2,1,NA,0,NA,NA",1,0.002358045651763818,95.56687417468403
"1,2,NA,0,2,NA,NA,0,NA",1,0.002358045651763818,95.56923222033579
"2,NA,NA,2,1,0,NA,NA,1",1,0.002358045651763818,95.57159026598755
"2,NA,2,2,1,2,2,NA,2",1,0.002358045651763818,95.57394831163931
"0,2,NA,NA,1,0,NA,NA,NA",1,0.002358045651763818,95.57630635729107
"NA,NA,NA,NA,2,1,2,NA,1",1,0.002358045651763818,95.57866440294283
"2,2,NA,0,0,NA,0,0,1",1,0.002358045651763818,95.58102244859461
"2,2,0,2,0,1,0,2,NA",1,0.002358045651763818,95.58338049424637
"0,2,NA,2,0,NA,0,NA,0",1,0.002358045651763818,95.58573853989813
"2,1,NA,2,1,NA,1,2,1",1,0.002358045651763818,95.58809658554989
"1,1,0,2,2,0,1,NA,2",1,0.002358045651763818,95.59045463120167
"0,2,NA,2,1,2,NA,1,2",1,0.002358045651763818,95.59281267685343
"NA,1,NA,0,0,2,2,NA,0",1,0.002358045651763818,95.59517072250519
"0,0,NA,2,2,0,2,1,1",1,0.002358045651763818,95.59752876815695
"NA,NA,NA,0,2,1,0,NA,2",1,0.002358045651763818,95.59988681380871
"2,2,2,NA,2,1,1,1,NA",1,0.002358045651763818,95.60224485946048
"NA,2,2,0,0,2,2,NA,0",1,0.002358045651763818,95.60460290511224
"2,2,0,NA,NA,2,1,0,NA",1,0.002358045651763818,95.606960950764
"2,2,NA,2,NA,NA,2,1,1",1,0.002358045651763818,95.60931899641577
"NA,0,0,2,1,1,2,NA,NA",1,0.002358045651763818,95.61167704206753
"1,2,2,2,2,NA,NA,NA,2",1,0.002358045651763818,95.6140350877193
"2,2,0,2,0,0,0,NA,NA",1,0.002358045651763818,95.61639313337106
"2,0,1,2,2,0,0,NA,2",1,0.002358045651763818,95.61875117902282
"NA,2,2,2,1,2,1,2,1",1,0.002358045651763818,95.6211092246746
"2,NA,NA,NA,2,1,2,NA,0",1,0.002358045651763818,95.62346727032636
"NA,NA,NA,NA,1,1,0,NA,NA",1,0.002358045651763818,95.62582531597812
"NA,NA,1,2,2,2,2,NA,1",1,0.002358045651763818,95.62818336162988
"2,0,2,2,1,2,2,1,2",1,0.002358045651763818,95.63054140728164
"2,0,2,2,2,NA,NA,2,NA",1,0.002358045651763818,95.6328994529334
"0,NA,NA,0,2,1,2,NA,NA",1,0.002358045651763818,95.63525749858516
"2,1,2,NA,0,2,2,0,NA",1,0.002358045651763818,95.63761554423694
"2,NA,NA,2,NA,1,2,2,1",1,0.002358045651763818,95.63997358988871
"2,2,0,1,1,NA,0,NA,NA",1,0.002358045651763818,95.64233163554047
"NA,2,1,NA,NA,NA,0,1,1",1,0.002358045651763818,95.64468968119223
"0,0,NA,NA,NA,2,2,NA,2",1,0.002358045651763818,95.647047726844
"NA,2,NA,NA,NA,NA,0,2,1",1,0.002358045651763818,95.64940577249575
"NA,NA,2,NA,NA,NA,1,2,2",1,0.002358045651763818,95.65176381814751
"NA,NA,0,0,NA,NA,NA,1,NA",1,0.002358045651763818,95.65412186379928
"2,0,NA,NA,NA,NA,0,2,NA",1,0.002358045651763818,95.65647990945104
"0,NA,2,2,2,NA,1,1,NA",1,0.002358045651763818,95.65883795510281
"1,0,2,2,2,2,2,NA,1",1,0.002358045651763818,95.66119600075457
"NA,NA,1,NA,NA,0,2,NA,NA",1,0.002358045651763818,95.66355404640635
"NA,1,NA,2,2,NA,0,2,2",1,0.002358045651763818,95.66591209205811
"2,2,2,NA,2,0,2,2,1",1,0.002358045651763818,95.66827013770987
"NA,2,NA,2,2,0,2,2,NA",1,0.002358045651763818,95.67062818336163
"2,2,2,1,1,NA,NA,1,NA",1,0.002358045651763818,95.67298622901339
"2,2,NA,NA,NA,NA,2,0,NA",1,0.002358045651763818,95.67534427466515
"0,0,NA,2,2,NA,1,NA,NA",1,0.002358045651763818,95.67770232031693
"NA,NA,NA,NA,2,NA,0,NA,1",1,0.002358045651763818,95.68006036596869
"1,2,2,2,2,0,NA,NA,NA",1,0.002358045651763818,95.68241841162045
"NA,2,NA,NA,NA,0,0,NA,NA",1,0.002358045651763818,95.6847764572722
"2,2,1,NA,2,0,1,1,NA",1,0.002358045651763818,95.68713450292398
"2,2,2,1,2,0,NA,NA,1",1,0.002358045651763818,95.68949254857574
"1,2,2,2,1,1,2,1,2",1,0.002358045651763818,95.6918505942275
"NA,0,2,0,0,NA,NA,NA,NA",1,0.002358045651763818,95.69420863987926
"1,NA,0,1,2,1,2,NA,2",1,0.002358045651763818,95.69656668553104
"1,NA,NA,0,2,0,NA,NA,NA",1,0.002358045651763818,95.6989247311828
"NA,NA,NA,2,2,NA,2,0,NA",1,0.002358045651763818,95.70128277683456
"2,NA,NA,NA,0,NA,NA,0,NA",1,0.002358045651763818,95.70364082248632
"NA,NA,0,NA,2,2,2,NA,2",1,0.002358045651763818,95.70599886813808
"1,1,2,2,0,2,0,NA,2",1,0.002358045651763818,95.70835691378986
"0,2,0,0,0,NA,0,0,2",1,0.002358045651763818,95.71071495944162
"0,1,NA,1,NA,0,NA,2,NA",1,0.002358045651763818,95.71307300509338
"1,NA,NA,2,0,2,NA,NA,NA",1,0.002358045651763818,95.71543105074515
"1,NA,2,NA,NA,2,2,2,2",1,0.002358045651763818,95.71778909639691
"1,NA,1,NA,NA,NA,1,1,2",1,0.002358045651763818,95.72014714204867
"2,2,NA,0,0,2,1,NA,2",1,0.002358045651763818,95.72250518770043
"2,2,2,1,2,1,0,2,1",1,0.002358045651763818,95.7248632333522
"NA,1,NA,1,2,0,NA,NA,NA",1,0.002358045651763818,95.72722127900396
"0,2,2,2,2,NA,NA,2,NA",1,0.002358045651763818,95.72957932465572
"0,2,0,2,2,0,0,2,NA",1,0.002358045651763818,95.73193737030749
"1,2,NA,1,NA,NA,1,NA,NA",1,0.002358045651763818,95.73429541595925
"2,2,1,2,0,2,0,2,0",1,0.002358045651763818,95.73665346161103
"2,1,NA,2,2,NA,2,1,2",1,0.002358045651763818,95.73901150726279
"2,0,NA,NA,NA,0,2,NA,1",1,0.002358045651763818,95.74136955291455
"NA,2,2,2,0,NA,0,0,NA",1,0.002358045651763818,95.74372759856631
"2,1,2,NA,2,NA,NA,NA,1",1,0.002358045651763818,95.74608564421807
"2,1,NA,0,0,NA,0,NA,1",1,0.002358045651763818,95.74844368986983
"NA,0,NA,NA,NA,1,2,NA,NA",1,0.002358045651763818,95.75080173552159
"0,1,2,2,2,2,2,1,2",1,0.002358045651763818,95.75315978117335
"0,2,0,2,2,1,2,2,2",1,0.002358045651763818,95.75551782682513
"1,1,NA,2,0,NA,2,NA,1",1,0.002358045651763818,95.75787587247689
"NA,2,NA,NA,2,NA,0,2,NA",1,0.002358045651763818,95.76023391812866
"1,2,NA,0,NA,0,0,NA,NA",1,0.002358045651763818,95.76259196378042
"NA,1,NA,0,2,0,0,NA,NA",1,0.002358045651763818,95.76495000943218
"2,2,2,2,1,NA,2,2,NA",1,0.002358045651763818,95.76730805508394
"2,2,2,NA,NA,0,0,2,0",1,0.002358045651763818,95.7696661007357
"NA,0,NA,2,2,2,2,0,NA",1,0.002358045651763818,95.77202414638747
"NA,2,NA,NA,2,NA,2,1,1",1,0.002358045651763818,95.77438219203924
"0,0,NA,1,2,NA,1,2,2",1,0.002358045651763818,95.776740237691
"0,2,2,2,2,0,2,0,NA",1,0.002358045651763818,95.77909828334276
"2,2,1,2,NA,1,2,2,2",1,0.002358045651763818,95.78145632899452
"1,2,1,2,2,2,0,0,NA",1,0.002358045651763818,95.7838143746463
"NA,0,NA,NA,NA,0,2,NA,NA",1,0.002358045651763818,95.78617242029806
"NA,1,2,2,NA,NA,NA,2,NA",1,0.002358045651763818,95.78853046594982
"1,1,NA,2,0,NA,2,0,1",1,0.002358045651763818,95.79088851160158
"2,2,NA,NA,NA,NA,0,NA,1",1,0.002358045651763818,95.79324655725335
"1,2,0,1,0,NA,0,NA,NA",1,0.002358045651763818,95.79560460290512
"NA,2,2,2,2,2,NA,2,1",1,0.002358045651763818,95.79796264855688
"2,0,0,2,2,0,2,2,2",1,0.002358045651763818,95.80032069420864
"1,NA,0,NA,2,NA,NA,1,NA",1,0.002358045651763818,95.8026787398604
"2,NA,NA,NA,0,2,2,NA,NA",1,0.002358045651763818,95.80503678551217
"NA,0,NA,0,2,0,0,NA,2",1,0.002358045651763818,95.80739483116393
"2,2,2,1,2,2,1,1,NA",1,0.002358045651763818,95.8097528768157
"2,0,2,0,0,NA,NA,2,NA",1,0.002358045651763818,95.81211092246747
"1,1,0,2,1,2,2,2,2",1,0.002358045651763818,95.81446896811923
"2,2,1,2,2,2,0,0,1",1,0.002358045651763818,95.81682701377099
"0,0,2,2,2,NA,1,2,NA",1,0.002358045651763818,95.81918505942275
"NA,NA,0,NA,NA,NA,0,0,NA",1,0.002358045651763818,95.82154310507451
"NA,0,NA,0,0,2,2,NA,0",1,0.002358045651763818,95.82390115072627
"2,0,NA,2,0,NA,0,NA,NA",1,0.002358045651763818,95.82625919637803
"2,2,1,2,1,2,1,2,NA",1,0.002358045651763818,95.82861724202981
"NA,NA,1,NA,NA,2,2,2,2",1,0.002358045651763818,95.83097528768157
"2,1,1,2,2,0,1,NA,1",1,0.002358045651763818,95.83333333333334
"NA,2,2,NA,0,2,2,0,NA",1,0.002358045651763818,95.8356913789851
"NA,NA,NA,2,2,2,NA,2,1",1,0.002358045651763818,95.83804942463686
"2,NA,NA,2,2,NA,1,1,1",1,0.002358045651763818,95.84040747028862
"1,NA,NA,0,0,NA,NA,0,NA",1,0.002358045651763818,95.84276551594039
"NA,2,NA,2,1,0,1,2,NA",1,0.002358045651763818,95.84512356159215
"NA,0,1,2,1,NA,2,NA,NA",1,0.002358045651763818,95.8474816072439
"2,1,0,2,NA,NA,0,0,NA",1,0.002358045651763818,95.84983965289568
"1,NA,2,0,NA,1,NA,NA,NA",1,0.002358045651763818,95.85219769854744
"2,2,1,NA,NA,2,1,NA,NA",1,0.002358045651763818,95.85455574419922
"0,NA,NA,NA,NA,NA,1,2,1",1,0.002358045651763818,95.85691378985098
"2,1,1,NA,1,NA,NA,2,NA",1,0.002358045651763818,95.85927183550274
"2,NA,NA,NA,2,NA,1,NA,1",1,0.002358045651763818,95.8616298811545
"1,1,2,NA,NA,NA,NA,2,NA",1,0.002358045651763818,95.86398792680626
"NA,2,2,NA,NA,2,1,2,2",1,0.002358045651763818,95.86634597245802
"2,0,2,2,0,2,2,2,NA",1,0.002358045651763818,95.8687040181098
"2,NA,1,NA,1,2,2,NA,1",1,0.002358045651763818,95.87106206376156
"NA,NA,NA,1,NA,NA,NA,0,NA",1,0.002358045651763818,95.87342010941332
"2,NA,1,2,NA,NA,2,2,NA",1,0.002358045651763818,95.87577815506508
"2,2,0,0,0,0,0,NA,NA",1,0.002358045651763818,95.87813620071685
"2,2,NA,2,1,NA,2,1,NA",1,0.002358045651763818,95.88049424636861
"2,2,2,2,2,NA,2,1,0",1,0.002358045651763818,95.88285229202037
"2,2,1,0,2,1,2,NA,2",1,0.002358045651763818,95.88521033767213
"2,NA,1,2,2,2,2,NA,NA",1,0.002358045651763818,95.8875683833239
"NA,2,1,1,1,0,2,2,1",1,0.002358045651763818,95.88992642897567
"0,0,NA,2,2,1,NA,NA,NA",1,0.002358045651763818,95.89228447462743
"1,1,NA,0,0,NA,2,0,2",1,0.002358045651763818,95.89464252027919
"1,NA,NA,1,0,NA,2,0,NA",1,0.002358045651763818,95.89700056593095
"1,0,0,2,2,2,2,NA,0",1,0.002358045651763818,95.89935861158271
"1,1,1,2,0,2,0,NA,2",1,0.002358045651763818,95.90171665723449
"NA,NA,NA,1,2,0,1,NA,1",1,0.002358045651763818,95.90407470288625
"NA,1,2,NA,1,NA,2,NA,2",1,0.002358045651763818,95.90643274853801
"NA,2,0,NA,2,0,2,NA,NA",1,0.002358045651763818,95.90879079418978
"2,2,NA,NA,1,NA,0,2,NA",1,0.002358045651763818,95.91114883984154
"2,0,0,0,NA,2,2,NA,NA",1,0.002358045651763818,95.9135068854933
"2,2,0,0,0,NA,2,0,2",1,0.002358045651763818,95.91586493114507
"1,2,2,2,2,1,2,NA,1",1,0.002358045651763818,95.91822297679683
"NA,NA,2,0,NA,2,NA,2,NA",1,0.002358045651763818,95.92058102244859
"2,0,1,2,1,2,2,2,NA",1,0.002358045651763818,95.92293906810035
"1,2,0,0,2,1,0,NA,2",1,0.002358045651763818,95.92529711375212
"2,NA,NA,NA,0,0,2,NA,NA",1,0.002358045651763818,95.92765515940388
"2,NA,2,2,2,0,NA,NA,2",1,0.002358045651763818,95.93001320505566
"2,2,2,NA,NA,NA,NA,0,2",1,0.002358045651763818,95.93237125070742
"1,NA,2,NA,NA,NA,NA,1,NA",1,0.002358045651763818,95.93472929635918
"2,0,2,NA,NA,NA,1,2,1",1,0.002358045651763818,95.93708734201094
"NA,2,0,0,2,2,2,2,NA",1,0.002358045651763818,95.9394453876627
"NA,NA,1,NA,NA,2,NA,0,NA",1,0.002358045651763818,95.94180343331446
"1,NA,NA,0,NA,NA,2,NA,NA",1,0.002358045651763818,95.94416147896622
"NA,NA,NA,0,NA,0,NA,2,NA",1,0.002358045651763818,95.946519524618
"2,0,0,2,0,2,2,NA,NA",1,0.002358045651763818,95.94887757026976
"NA,2,NA,0,1,1,NA,NA,NA",1,0.002358045651763818,95.95123561592153
"NA,2,1,0,2,NA,0,NA,NA",1,0.002358045651763818,95.9535936615733
"1,1,2,0,2,2,0,2,2",1,0.002358045651763818,95.95595170722505
"NA,NA,NA,0,0,2,NA,2,2",1,0.002358045651763818,95.95830975287681
"0,1,2,2,0,NA,2,0,1",1,0.002358045651763818,95.96066779852858
"NA,2,2,1,0,2,2,NA,0",1,0.002358045651763818,95.96302584418034
"0,NA,1,2,2,1,NA,NA,0",1,0.002358045651763818,95.96538388983211
"2,2,NA,2,0,0,1,NA,NA",1,0.002358045651763818,95.96774193548387
"2,NA,NA,NA,2,2,1,1,NA",1,0.002358045651763818,95.97009998113563
"2,2,NA,NA,NA,2,NA,1,NA",1,0.002358045651763818,95.9724580267874
"1,2,NA,2,1,NA,1,NA,2",1,0.002358045651763818,95.97481607243917
"0,0,NA,NA,1,NA,NA,NA,1",1,0.002358045651763818,95.97717411809093
"2,2,2,1,1,0,2,1,2",1,0.002358045651763818,95.97953216374269
"NA,NA,NA,0,2,NA,2,2,NA",1,0.002358045651763818,95.98189020939445
"0,2,2,NA,0,NA,NA,1,0",1,0.002358045651763818,95.98424825504623
"1,0,0,2,2,2,NA,NA,NA",1,0.002358045651763818,95.98660630069799
"2,2,NA,NA,2,NA,1,2,1",1,0.002358045651763818,95.98896434634975
"2,2,2,2,1,2,NA,NA,0",1,0.002358045651763818,95.9913223920015
"2,2,0,NA,0,2,NA,NA,NA",1,0.002358045651763818,95.99368043765327
"1,NA,2,2,1,2,2,1,1",1,0.002358045651763818,95.99603848330503
"2,2,1,1,2,2,NA,NA,NA",1,0.002358045651763818,95.9983965289568
"NA,NA,0,0,NA,1,2,NA,NA",1,0.002358045651763818,96.00075457460856
"NA,2,NA,0,0,NA,0,0,NA",1,0.002358045651763818,96.00311262026034
"1,2,2,1,1,NA,2,2,2",1,0.002358045651763818,96.0054706659121
"0,0,0,2,2,2,1,0,2",1,0.002358045651763818,96.00782871156386
"0,2,0,NA,2,2,2,2,2",1,0.002358045651763818,96.01018675721562
"0,1,NA,1,2,NA,1,NA,2",1,0.002358045651763818,96.01254480286738
"0,2,NA,2,2,2,0,0,2",1,0.002358045651763818,96.01490284851914
"2,0,1,2,2,NA,NA,2,NA",1,0.002358045651763818,96.0172608941709
"2,0,NA,2,1,NA,NA,1,NA",1,0.002358045651763818,96.01961893982266
"2,0,NA,1,2,2,NA,NA,NA",1,0.002358045651763818,96.02197698547444
"2,NA,2,2,2,0,NA,2,2",1,0.002358045651763818,96.02433503112621
"2,0,2,2,2,2,0,0,0",1,0.002358045651763818,96.02669307677797
"NA,2,NA,0,NA,2,1,0,2",1,0.002358045651763818,96.02905112242973
"NA,NA,1,2,2,2,2,1,2",1,0.002358045651763818,96.0314091680815
"2,0,2,2,2,0,NA,NA,NA",1,0.002358045651763818,96.03376721373326
"NA,1,1,NA,NA,2,NA,0,NA",1,0.002358045651763818,96.03612525938502
"0,2,NA,1,NA,NA,NA,NA,2",1,0.002358045651763818,96.03848330503678
"0,2,2,1,2,0,2,1,NA",1,0.002358045651763818,96.04084135068854
"NA,2,1,NA,2,1,2,2,1",1,0.002358045651763818,96.04319939634031
"2,1,0,2,2,2,0,2,NA",1,0.002358045651763818,96.04555744199207
"NA,NA,NA,0,2,0,2,0,NA",1,0.002358045651763818,96.04791548764385
"2,0,NA,0,1,2,2,2,NA",1,0.002358045651763818,96.05027353329561
"2,2,NA,0,0,0,0,NA,NA",1,0.002358045651763818,96.05263157894737
"2,2,2,1,2,NA,1,NA,NA",1,0.002358045651763818,96.05498962459913
"0,2,0,2,2,1,0,0,2",1,0.002358045651763818,96.05734767025089
"2,2,1,NA,NA,0,2,1,2",1,0.002358045651763818,96.05970571590265
"2,2,0,NA,2,0,2,2,2",1,0.002358045651763818,96.06206376155443
"NA,NA,NA,2,1,2,2,2,NA",1,0.002358045651763818,96.06442180720619
"2,NA,0,NA,1,2,NA,NA,NA",1,0.002358045651763818,96.06677985285795
"2,0,2,2,NA,0,2,NA,1",1,0.002358045651763818,96.06913789850971
"2,NA,1,2,2,2,1,2,2",1,0.002358045651763818,96.07149594416148
"NA,NA,NA,NA,NA,1,0,2,0",1,0.002358045651763818,96.07385398981324
"2,0,2,NA,1,NA,NA,2,NA",1,0.002358045651763818,96.076212035465
"NA,0,2,2,0,2,2,0,2",1,0.002358045651763818,96.07857008111677
"2,NA,1,NA,NA,1,2,NA,0",1,0.002358045651763818,96.08092812676854
"2,2,NA,2,0,0,NA,NA,2",1,0.002358045651763818,96.0832861724203
"2,NA,2,1,2,2,NA,2,2",1,0.002358045651763818,96.08564421807206
"0,2,1,1,0,NA,NA,2,NA",1,0.002358045651763818,96.08800226372382
"1,2,NA,1,1,1,2,NA,0",1,0.002358045651763818,96.09036030937558
"2,1,0,0,0,1,NA,NA,NA",1,0.002358045651763818,96.09271835502736
"2,2,0,2,0,1,2,2,NA",1,0.002358045651763818,96.09507640067912
"2,1,0,1,1,0,0,NA,NA",1,0.002358045651763818,96.09743444633088
"NA,2,NA,NA,1,2,2,NA,2",1,0.002358045651763818,96.09979249198265
"0,NA,NA,2,0,NA,NA,2,NA",1,0.002358045651763818,96.10215053763442
"0,1,1,2,1,1,NA,NA,1",1,0.002358045651763818,96.10450858328618
"0,0,NA,2,1,NA,NA,1,NA",1,0.002358045651763818,96.10686662893794
"NA,NA,NA,NA,NA,NA,NA,1,2",1,0.002358045651763818,96.1092246745897
"0,2,2,2,0,2,0,NA,NA",1,0.002358045651763818,96.11158272024146
"0,2,2,0,2,1,2,0,NA",1,0.002358045651763818,96.11394076589322
"0,0,NA,NA,NA,1,2,NA,2",1,0.002358045651763818,96.116298811545
"NA,2,NA,2,1,NA,2,2,2",1,0.002358045651763818,96.11865685719675
"0,1,0,0,2,2,2,2,2",1,0.002358045651763818,96.12101490284853
"NA,2,1,2,0,2,2,NA,1",1,0.002358045651763818,96.12337294850029
"0,1,2,NA,NA,NA,1,2,2",1,0.002358045651763818,96.12573099415205
"2,NA,2,1,1,2,2,1,2",1,0.002358045651763818,96.12808903980381
"2,1,2,2,2,2,0,0,1",1,0.002358045651763818,96.13044708545557
"2,NA,1,NA,1,2,2,NA,NA",1,0.002358045651763818,96.13280513110733
"0,NA,2,1,NA,2,1,2,NA",1,0.002358045651763818,96.1351631767591
"0,0,NA,0,1,NA,NA,NA,NA",1,0.002358045651763818,96.13752122241087
"2,NA,NA,0,0,NA,NA,NA,0",1,0.002358045651763818,96.13987926806263
"NA,0,2,2,NA,2,NA,2,NA",1,0.002358045651763818,96.14223731371439
"0,NA,NA,0,0,0,NA,NA,NA",1,0.002358045651763818,96.14459535936616
"1,1,0,2,2,1,2,0,2",1,0.002358045651763818,96.14695340501792
"2,NA,1,2,2,2,2,2,0",1,0.002358045651763818,96.14931145066969
"NA,NA,2,0,0,1,2,NA,2",1,0.002358045651763818,96.15166949632145
"2,1,0,2,2,2,0,NA,0",1,0.002358045651763818,96.1540275419732
"2,NA,2,2,2,2,1,2,NA",1,0.002358045651763818,96.15638558762498
"2,2,NA,2,1,NA,2,0,1",1,0.002358045651763818,96.15874363327674
"0,NA,NA,2,1,NA,2,NA,NA",1,0.002358045651763818,96.1611016789285
"0,NA,2,2,2,2,0,1,2",1,0.002358045651763818,96.16345972458026
"2,0,NA,NA,2,NA,2,2,2",1,0.002358045651763818,96.16581777023202
"1,2,2,2,0,2,0,NA,NA",1,0.002358045651763818,96.1681758158838
"2,2,2,NA,1,NA,2,1,2",1,0.002358045651763818,96.17053386153556
"2,NA,NA,2,NA,1,0,NA,NA",1,0.002358045651763818,96.17289190718732
"1,NA,NA,1,2,NA,NA,NA,1",1,0.002358045651763818,96.1752499528391
"NA,2,1,1,1,NA,2,NA,1",1,0.002358045651763818,96.17760799849086
"0,2,2,NA,NA,NA,0,2,2",1,0.002358045651763818,96.17996604414262
"1,2,NA,NA,0,NA,2,0,NA",1,0.002358045651763818,96.18232408979438
"2,0,NA,0,0,NA,0,NA,0",1,0.002358045651763818,96.18468213544614
"1,1,1,2,2,2,2,2,1",1,0.002358045651763818,96.1870401810979
"1,NA,NA,2,0,2,2,NA,2",1,0.002358045651763818,96.18939822674967
"0,1,NA,2,2,1,2,NA,NA",1,0.002358045651763818,96.19175627240143
"1,NA,NA,0,2,NA,0,NA,NA",1,0.002358045651763818,96.1941143180532
"NA,0,1,NA,NA,NA,1,NA,NA",1,0.002358045651763818,96.19647236370497
"2,2,2,1,1,2,2,0,2",1,0.002358045651763818,96.19883040935673
"2,0,1,0,2,2,2,1,NA",1,0.002358045651763818,96.20118845500849
"0,1,NA,0,2,NA,1,NA,1",1,0.002358045651763818,96.20354650066025
"NA,2,2,1,2,2,0,2,2",1,0.002358045651763818,96.20590454631201
"2,NA,2,2,0,2,0,2,2",1,0.002358045651763818,96.20826259196377
"NA,2,0,1,1,0,2,NA,2",1,0.002358045651763818,96.21062063761553
"NA,2,2,0,NA,0,NA,2,NA",1,0.002358045651763818,96.21297868326731
"1,1,2,0,2,2,0,2,0",1,0.002358045651763818,96.21533672891907
"1,1,0,2,0,2,0,NA,2",1,0.002358045651763818,96.21769477457084
"0,2,2,NA,NA,0,2,2,1",1,0.002358045651763818,96.2200528202226
"NA,2,NA,2,2,2,0,0,NA",1,0.002358045651763818,96.22241086587437
"NA,NA,2,2,1,NA,2,NA,0",1,0.002358045651763818,96.22476891152613
"NA,NA,2,NA,2,NA,NA,0,NA",1,0.002358045651763818,96.22712695717789
"NA,2,2,2,1,0,NA,0,NA",1,0.002358045651763818,96.22948500282965
"NA,0,NA,2,0,2,NA,NA,2",1,0.002358045651763818,96.23184304848141
"2,0,2,0,0,2,2,NA,NA",1,0.002358045651763818,96.23420109413318
"2,0,0,2,0,2,2,NA,2",1,0.002358045651763818,96.23655913978494
"1,1,NA,1,1,1,2,0,2",1,0.002358045651763818,96.23891718543672
"NA,1,NA,0,2,1,2,NA,NA",1,0.002358045651763818,96.24127523108848
"2,2,0,1,2,1,2,1,2",1,0.002358045651763818,96.24363327674024
"2,1,2,2,0,NA,2,NA,NA",1,0.002358045651763818,96.245991322392
"NA,2,2,2,0,2,0,2,0",1,0.002358045651763818,96.24834936804376
"1,2,0,0,1,NA,NA,NA,NA",1,0.002358045651763818,96.25070741369552
"2,2,NA,1,2,NA,1,2,0",1,0.002358045651763818,96.2530654593473
"2,2,NA,2,1,NA,0,NA,2",1,0.002358045651763818,96.25542350499906
"2,1,NA,NA,2,NA,NA,NA,1",1,0.002358045651763818,96.25778155065082
"2,2,NA,2,1,NA,0,1,NA",1,0.002358045651763818,96.26013959630258
"1,2,0,0,0,2,2,0,NA",1,0.002358045651763818,96.26249764195435
"NA,NA,0,1,2,1,2,NA,2",1,0.002358045651763818,96.26485568760611
"NA,NA,NA,2,1,0,NA,1,NA",1,0.002358045651763818,96.26721373325788
"2,0,NA,2,0,2,0,NA,0",1,0.002358045651763818,96.26957177890964
"0,NA,NA,0,0,NA,2,NA,NA",1,0.002358045651763818,96.27192982456141
"2,2,NA,NA,1,1,2,NA,2",1,0.002358045651763818,96.27428787021317
"1,1,NA,2,2,NA,0,0,NA",1,0.002358045651763818,96.27664591586493
"2,2,2,0,2,NA,0,0,2",1,0.002358045651763818,96.2790039615167
"2,1,2,NA,2,NA,1,1,NA",1,0.002358045651763818,96.28136200716845
"2,1,0,0,2,NA,2,NA,1",1,0.002358045651763818,96.28372005282021
"NA,0,NA,2,0,NA,NA,2,NA",1,0.002358045651763818,96.28607809847199
"1,2,1,2,2,1,1,1,2",1,0.002358045651763818,96.28843614412375
"2,2,NA,1,2,2,1,2,1",1,0.002358045651763818,96.29079418977553
"0,2,2,2,1,0,NA,NA,2",1,0.002358045651763818,96.29315223542729
"2,1,0,0,2,NA,0,NA,NA",1,0.002358045651763818,96.29551028107905
"1,2,1,1,1,1,2,2,2",1,0.002358045651763818,96.2978683267308
"0,0,NA,1,2,1,2,NA,1",1,0.002358045651763818,96.30022637238257
"NA,2,2,NA,1,2,2,2,2",1,0.002358045651763818,96.30258441803433
"NA,0,NA,0,2,NA,1,NA,1",1,0.002358045651763818,96.30494246368609
"2,NA,NA,2,1,1,1,NA,NA",1,0.002358045651763818,96.30730050933785
"NA,NA,0,0,NA,0,NA,NA,NA",1,0.002358045651763818,96.30965855498962
"NA,NA,1,NA,0,0,NA,NA,NA",1,0.002358045651763818,96.31201660064139
"2,NA,2,2,1,2,2,NA,NA",1,0.002358045651763818,96.31437464629316
"NA,0,NA,NA,NA,2,0,NA,0",1,0.002358045651763818,96.31673269194492
"2,2,2,NA,NA,0,2,NA,2",1,0.002358045651763818,96.31909073759668
"2,2,0,NA,NA,NA,2,0,2",1,0.002358045651763818,96.32144878324844
"NA,0,2,NA,1,2,2,2,2",1,0.002358045651763818,96.3238068289002
"NA,NA,NA,NA,1,NA,NA,0,1",1,0.002358045651763818,96.32616487455196
"2,2,2,1,2,NA,0,2,NA",1,0.002358045651763818,96.32852292020372
"0,NA,0,NA,2,2,2,NA,NA",1,0.002358045651763818,96.3308809658555
"2,2,NA,0,2,2,2,0,2",1,0.002358045651763818,96.33323901150726
"1,1,2,0,0,NA,0,0,NA",1,0.002358045651763818,96.33559705715903
"1,2,1,2,2,2,0,0,2",1,0.002358045651763818,96.3379551028108
"NA,0,1,NA,NA,NA,NA,NA,2",1,0.002358045651763818,96.34031314846256
"0,NA,NA,2,1,0,2,2,2",1,0.002358045651763818,96.34267119411432
"2,1,1,1,1,1,2,2,1",1,0.002358045651763818,96.34502923976608
"2,2,2,NA,2,2,0,0,2",1,0.002358045651763818,96.34738728541784
"NA,0,0,1,1,NA,2,NA,NA",1,0.002358045651763818,96.34974533106961
"0,0,NA,0,NA,0,NA,NA,1",1,0.002358045651763818,96.35210337672137
"NA,2,NA,NA,NA,1,NA,0,NA",1,0.002358045651763818,96.35446142237313
"2,2,2,0,NA,1,2,1,0",1,0.002358045651763818,96.3568194680249
"2,2,2,2,0,NA,NA,0,NA",1,0.002358045651763818,96.35917751367667
"2,1,1,1,2,0,1,2,2",1,0.002358045651763818,96.36153555932843
"1,1,1,0,0,2,NA,NA,NA",1,0.002358045651763818,96.36389360498019
"2,1,NA,NA,2,NA,NA,2,NA",1,0.002358045651763818,96.36625165063195
"0,NA,0,0,NA,NA,2,0,NA",1,0.002358045651763818,96.36860969628373
"2,0,0,2,2,2,2,1,0",1,0.002358045651763818,96.37096774193549
"1,NA,NA,2,NA,2,2,2,2",1,0.002358045651763818,96.37332578758725
"0,NA,2,1,2,0,2,0,NA",1,0.002358045651763818,96.37568383323901
"NA,NA,0,NA,NA,2,2,2,NA",1,0.002358045651763818,96.37804187889077
"NA,NA,NA,0,NA,1,0,NA,0",1,0.002358045651763818,96.38039992454253
"0,2,NA,NA,NA,NA,0,NA,NA",1,0.002358045651763818,96.3827579701943
"NA,2,2,2,1,NA,2,2,1",1,0.002358045651763818,96.38511601584607
"1,NA,NA,2,1,2,1,NA,NA",1,0.002358045651763818,96.38747406149784
"0,1,2,0,0,2,2,0,NA",1,0.002358045651763818,96.3898321071496
"1,2,2,NA,1,2,2,2,1",1,0.002358045651763818,96.39219015280136
"NA,NA,NA,2,NA,2,2,0,NA",1,0.002358045651763818,96.39454819845312
"2,0,2,2,1,NA,2,2,NA",1,0.002358045651763818,96.39690624410488
"2,0,2,1,2,2,1,NA,2",1,0.002358045651763818,96.39926428975664
"NA,1,NA,0,0,NA,2,0,NA",1,0.002358045651763818,96.4016223354084
"NA,2,0,NA,0,0,NA,NA,NA",1,0.002358045651763818,96.40398038106017
"0,0,NA,1,2,2,2,NA,NA",1,0.002358045651763818,96.40633842671194
"2,1,2,0,2,2,2,0,0",1,0.002358045651763818,96.40869647236372
"0,0,1,2,2,2,2,NA,1",1,0.002358045651763818,96.41105451801548
"2,0,NA,1,2,NA,1,1,2",1,0.002358045651763818,96.41341256366724
"2,NA,2,NA,1,0,2,2,NA",1,0.002358045651763818,96.415770609319
"NA,2,NA,1,1,NA,1,1,1",1,0.002358045651763818,96.41812865497076
"NA,NA,NA,2,0,1,1,NA,NA",1,0.002358045651763818,96.42048670062252
"0,NA,0,NA,0,2,NA,NA,NA",1,0.002358045651763818,96.42284474627428
"2,2,2,0,NA,2,2,2,0",1,0.002358045651763818,96.42520279192605
"NA,NA,2,2,0,1,1,NA,2",1,0.002358045651763818,96.42756083757781
"0,0,0,1,2,0,2,2,NA",1,0.002358045651763818,96.42991888322958
"0,2,NA,2,0,NA,NA,2,NA",1,0.002358045651763818,96.43227692888135
"NA,2,2,2,0,2,0,NA,NA",1,0.002358045651763818,96.43463497453311
"0,2,1,NA,NA,NA,2,2,2",1,0.002358045651763818,96.43699302018487
"NA,2,NA,NA,NA,NA,NA,1,1",1,0.002358045651763818,96.43935106583663
"NA,NA,1,NA,NA,0,NA,NA,2",1,0.002358045651763818,96.4417091114884
"2,2,1,NA,NA,0,1,2,NA",1,0.002358045651763818,96.44406715714017
"2,0,1,2,2,NA,2,0,NA",1,0.002358045651763818,96.44642520279193
"0,2,NA,1,2,0,2,NA,2",1,0.002358045651763818,96.44878324844369
"2,2,0,2,0,0,0,0,0",1,0.002358045651763818,96.45114129409545
"NA,2,2,NA,NA,2,0,2,NA",1,0.002358045651763818,96.45349933974721
"2,NA,0,2,2,NA,0,NA,NA",1,0.002358045651763818,96.45585738539899
"1,0,0,2,2,2,0,NA,2",1,0.002358045651763818,96.45821543105075
"NA,1,NA,2,2,NA,2,NA,2",1,0.002358045651763818,96.4605734767025
"2,2,2,0,NA,NA,NA,NA,2",1,0.002358045651763818,96.46293152235428
"NA,NA,2,0,2,1,NA,0,NA",1,0.002358045651763818,96.46528956800604
"1,2,NA,2,2,2,0,2,NA",1,0.002358045651763818,96.4676476136578
"2,NA,2,1,1,2,2,NA,1",1,0.002358045651763818,96.47000565930956
"1,2,0,2,2,NA,2,2,0",1,0.002358045651763818,96.47236370496132
"2,0,2,2,2,NA,2,0,0",1,0.002358045651763818,96.47472175061309
"2,2,1,2,1,0,NA,NA,NA",1,0.002358045651763818,96.47707979626486
"2,2,NA,1,2,1,2,NA,1",1,0.002358045651763818,96.47943784191662
"0,2,2,1,2,NA,0,1,2",1,0.002358045651763818,96.48179588756838
"NA,2,1,2,NA,2,2,1,NA",1,0.002358045651763818,96.48415393322016
"1,NA,NA,2,0,NA,1,NA,NA",1,0.002358045651763818,96.48651197887192
"2,2,2,NA,NA,0,NA,2,0",1,0.002358045651763818,96.48887002452368
"2,NA,NA,1,2,2,0,NA,NA",1,0.002358045651763818,96.49122807017544
"1,NA,NA,1,2,1,NA,NA,NA",1,0.002358045651763818,96.4935861158272
"1,2,1,1,1,NA,2,NA,NA",1,0.002358045651763818,96.49594416147896
"2,1,2,NA,NA,0,2,2,2",1,0.002358045651763818,96.49830220713072
"NA,0,0,2,1,NA,NA,NA,NA",1,0.002358045651763818,96.5006602527825
"2,0,0,2,1,1,2,2,2",1,0.002358045651763818,96.50301829843426
"2,1,1,1,2,2,2,1,1",1,0.002358045651763818,96.50537634408603
"2,2,2,0,2,1,NA,2,1",1,0.002358045651763818,96.50773438973779
"1,2,1,2,2,2,2,2,NA",1,0.002358045651763818,96.51009243538955
"1,2,NA,2,2,2,0,NA,0",1,0.002358045651763818,96.51245048104131
"NA,2,NA,NA,1,2,2,2,NA",1,0.002358045651763818,96.51480852669307
"NA,NA,0,NA,NA,0,1,NA,1",1,0.002358045651763818,96.51716657234483
"NA,NA,NA,NA,1,2,0,NA,2",1,0.002358045651763818,96.5195246179966
"0,1,NA,1,2,NA,NA,NA,NA",1,0.002358045651763818,96.52188266364837
"0,0,NA,0,2,1,2,NA,NA",1,0.002358045651763818,96.52424070930013
"NA,0,1,1,2,NA,0,NA,2",1,0.002358045651763818,96.52659875495189
"2,2,1,2,2,2,1,0,NA",1,0.002358045651763818,96.52895680060367
"NA,NA,NA,NA,NA,1,0,NA,2",1,0.002358045651763818,96.53131484625543
"2,0,2,2,0,1,2,NA,NA",1,0.002358045651763818,96.53367289190719
"NA,NA,2,2,2,2,1,2,2",1,0.002358045651763818,96.53603093755895
"2,NA,NA,NA,NA,2,0,NA,2",1,0.002358045651763818,96.53838898321071
"NA,NA,NA,1,0,1,2,0,NA",1,0.002358045651763818,96.54074702886248
"NA,0,1,NA,NA,0,2,2,NA",1,0.002358045651763818,96.54310507451424
"2,0,NA,1,2,1,0,NA,2",1,0.002358045651763818,96.545463120166
"2,1,NA,2,2,1,1,NA,0",1,0.002358045651763818,96.54782116581777
"1,0,NA,NA,0,NA,NA,NA,NA",1,0.002358045651763818,96.55017921146953
"NA,2,0,2,NA,NA,NA,2,NA",1,0.002358045651763818,96.5525372571213
"NA,0,NA,2,2,0,NA,0,2",1,0.002358045651763818,96.55489530277306
"2,1,NA,2,2,NA,2,2,1",1,0.002358045651763818,96.55725334842482
"2,2,2,NA,2,0,1,NA,NA",1,0.002358045651763818,96.5596113940766
"2,2,1,NA,NA,0,2,2,0",1,0.002358045651763818,96.56196943972836
"NA,1,NA,NA,NA,NA,1,NA,2",1,0.002358045651763818,96.56432748538012
"NA,2,NA,2,2,NA,2,0,0",1,0.002358045651763818,96.56668553103188
"2,0,0,2,2,2,NA,NA,NA",1,0.002358045651763818,96.56904357668364
"1,0,NA,NA,NA,NA,NA,0,NA",1,0.002358045651763818,96.5714016223354
"2,0,NA,NA,NA,2,2,1,2",1,0.002358045651763818,96.57375966798718
"2,2,1,NA,2,1,2,2,NA",1,0.002358045651763818,96.57611771363894
"2,2,2,1,1,0,1,1,NA",1,0.002358045651763818,96.57847575929071
"0,2,NA,1,0,0,1,NA,1",1,0.002358045651763818,96.58083380494247
"0,NA,0,1,1,2,2,NA,NA",1,0.002358045651763818,96.58319185059423
"2,1,2,2,2,NA,2,NA,NA",1,0.002358045651763818,96.585549896246
"1,2,0,0,2,2,0,2,2",1,0.002358045651763818,96.58790794189775
"NA,0,2,2,2,1,NA,0,NA",1,0.002358045651763818,96.59026598754951
"2,2,2,1,2,0,2,0,0",1,0.002358045651763818,96.59262403320128
"NA,1,NA,NA,NA,0,0,1,NA",1,0.002358045651763818,96.59498207885304
"NA,2,1,1,2,2,2,NA,NA",1,0.002358045651763818,96.59734012450481
"0,0,1,2,1,0,2,NA,NA",1,0.002358045651763818,96.59969817015657
"NA,NA,NA,2,2,0,2,1,1",1,0.002358045651763818,96.60205621580835
"2,NA,0,2,0,2,2,0,2",1,0.002358045651763818,96.60441426146011
"1,1,NA,2,1,2,NA,NA,NA",1,0.002358045651763818,96.60677230711187
"2,2,1,NA,2,NA,NA,1,NA",1,0.002358045651763818,96.60913035276363
"NA,NA,0,2,1,2,2,NA,0",1,0.002358045651763818,96.61148839841539
"2,2,NA,1,2,NA,0,2,1",1,0.002358045651763818,96.61384644406715
"1,2,2,2,0,NA,NA,NA,NA",1,0.002358045651763818,96.61620448971892
"2,0,1,1,2,0,2,2,2",1,0.002358045651763818,96.61856253537069
"2,2,1,NA,NA,NA,2,2,2",1,0.002358045651763818,96.62092058102245
"NA,1,NA,2,2,2,2,0,1",1,0.002358045651763818,96.62327862667422
"NA,NA,1,2,1,2,2,1,NA",1,0.002358045651763818,96.62563667232598
"1,0,NA,2,1,2,1,NA,2",1,0.002358045651763818,96.62799471797774
"2,2,NA,0,2,0,0,NA,2",1,0.002358045651763818,96.6303527636295
"2,2,NA,2,0,NA,NA,1,NA",1,0.002358045651763818,96.63271080928126
"1,1,NA,2,2,2,2,NA,1",1,0.002358045651763818,96.63506885493302
"2,1,NA,NA,NA,NA,1,0,NA",1,0.002358045651763818,96.6374269005848
"2,2,0,2,0,NA,0,0,NA",1,0.002358045651763818,96.63978494623656
"NA,NA,1,2,1,2,1,2,2",1,0.002358045651763818,96.64214299188832
"2,NA,NA,2,NA,0,NA,NA,1",1,0.002358045651763818,96.64450103754008
"2,0,NA,2,2,0,2,0,0",1,0.002358045651763818,96.64685908319186
"2,NA,NA,2,2,2,1,NA,0",1,0.002358045651763818,96.64921712884362
"2,0,1,NA,NA,NA,2,1,1",1,0.002358045651763818,96.65157517449538
"1,2,0,2,2,2,2,0,0",1,0.002358045651763818,96.65393322014714
"2,0,2,NA,NA,NA,2,1,0",1,0.002358045651763818,96.65629126579891
"2,1,NA,NA,NA,NA,2,NA,2",1,0.002358045651763818,96.65864931145067
"1,NA,NA,2,2,1,2,NA,1",1,0.002358045651763818,96.66100735710243
"2,2,2,2,0,NA,0,NA,2",1,0.002358045651763818,96.6633654027542
"0,2,1,1,2,2,2,2,2",1,0.002358045651763818,96.66572344840596
"2,2,2,2,1,1,0,NA,1",1,0.002358045651763818,96.66808149405772
"0,2,NA,2,2,2,1,NA,0",1,0.002358045651763818,96.67043953970949
"2,NA,1,NA,NA,2,NA,NA,NA",1,0.002358045651763818,96.67279758536125
"NA,2,NA,0,2,0,0,0,NA",1,0.002358045651763818,96.67515563101303
"NA,0,NA,NA,1,0,0,NA,NA",1,0.002358045651763818,96.67751367666479
"1,0,NA,0,NA,2,NA,NA,NA",1,0.002358045651763818,96.67987172231655
"1,1,2,1,0,2,2,1,1",1,0.002358045651763818,96.68222976796831
"0,0,NA,2,0,NA,NA,NA,NA",1,0.002358045651763818,96.68458781362007
"2,1,NA,2,2,2,NA,0,NA",1,0.002358045651763818,96.68694585927183
"1,1,2,2,2,NA,1,2,2",1,0.002358045651763818,96.68930390492359
"2,2,NA,2,0,NA,0,0,0",1,0.002358045651763818,96.69166195057535
"NA,NA,NA,NA,2,2,NA,NA,1",1,0.002358045651763818,96.69401999622713
"0,2,NA,2,2,NA,NA,NA,1",1,0.002358045651763818,96.69637804187889
"NA,1,2,0,2,2,NA,2,NA",1,0.002358045651763818,96.69873608753066
"0,1,NA,2,2,0,2,NA,1",1,0.002358045651763818,96.70109413318242
"NA,NA,NA,2,0,0,NA,0,NA",1,0.002358045651763818,96.70345217883418
"2,1,2,2,0,2,0,2,0",1,0.002358045651763818,96.70581022448594
"NA,2,1,2,2,2,NA,2,NA",1,0.002358045651763818,96.7081682701377
"2,2,0,2,2,0,0,0,2",1,0.002358045651763818,96.71052631578947
"2,1,2,0,0,NA,2,NA,NA",1,0.002358045651763818,96.71288436144124
"1,2,NA,1,2,NA,0,NA,NA",1,0.002358045651763818,96.715242407093
"2,1,0,2,2,0,2,2,NA",1,0.002358045651763818,96.71760045274476
"NA,0,2,0,2,1,NA,2,NA",1,0.002358045651763818,96.71995849839654
"2,NA,0,2,0,2,2,2,2",1,0.002358045651763818,96.7223165440483
"2,1,1,2,0,2,2,NA,2",1,0.002358045651763818,96.72467458970006
"1,2,2,2,2,2,1,0,1",1,0.002358045651763818,96.72703263535182
"0,NA,NA,2,0,2,2,NA,0",1,0.002358045651763818,96.72939068100358
"NA,0,2,2,2,2,1,2,NA",1,0.002358045651763818,96.73174872665535
"2,0,NA,NA,NA,NA,0,NA,0",1,0.002358045651763818,96.73410677230711
"NA,0,NA,0,NA,2,0,1,NA",1,0.002358045651763818,96.73646481795888
"0,NA,2,2,1,2,2,2,2",1,0.002358045651763818,96.73882286361064
"NA,2,2,2,2,0,2,1,1",1,0.002358045651763818,96.7411809092624
"1,NA,NA,NA,1,0,2,NA,NA",1,0.002358045651763818,96.74353895491417
"NA,2,NA,2,2,2,0,2,NA",1,0.002358045651763818,96.74589700056593
"NA,1,NA,NA,2,NA,0,0,NA",1,0.002358045651763818,96.7482550462177
"0,0,NA,1,2,2,NA,NA,NA",1,0.002358045651763818,96.75061309186947
"NA,2,NA,2,0,NA,2,NA,0",1,0.002358045651763818,96.75297113752123
"1,0,NA,NA,NA,NA,2,NA,1",1,0.002358045651763818,96.75532918317299
"NA,2,1,NA,NA,NA,1,NA,NA",1,0.002358045651763818,96.75768722882475
"1,2,2,2,0,0,0,2,NA",1,0.002358045651763818,96.76004527447651
"NA,NA,2,NA,NA,0,1,2,NA",1,0.002358045651763818,96.76240332012827
"2,2,0,0,NA,0,0,2,2",1,0.002358045651763818,96.76476136578003
"0,2,2,1,1,0,2,1,NA",1,0.002358045651763818,96.7671194114318
"2,2,0,NA,NA,NA,2,NA,2",1,0.002358045651763818,96.76947745708357
"0,2,2,NA,2,NA,2,1,2",1,0.002358045651763818,96.77183550273534
"0,1,NA,2,2,NA,NA,2,NA",1,0.002358045651763818,96.7741935483871
"NA,2,0,2,0,NA,NA,NA,NA",1,0.002358045651763818,96.77655159403886
"2,NA,NA,0,1,2,2,NA,NA",1,0.002358045651763818,96.77890963969062
"0,2,2,2,2,1,NA,2,2",1,0.002358045651763818,96.78126768534239
"1,1,NA,2,2,1,1,NA,NA",1,0.002358045651763818,96.78362573099415
"NA,NA,NA,0,2,1,2,NA,0",1,0.002358045651763818,96.7859837766459
"0,0,NA,2,0,NA,0,NA,0",1,0.002358045651763818,96.78834182229767
"2,2,1,1,1,1,1,2,2",1,0.002358045651763818,96.79069986794944
"NA,NA,NA,0,NA,NA,2,NA,0",1,0.002358045651763818,96.79305791360122
"NA,0,2,2,2,NA,NA,0,NA",1,0.002358045651763818,96.79541595925298
"1,2,0,0,0,2,0,0,1",1,0.002358045651763818,96.79777400490474
"2,NA,NA,2,1,2,1,2,2",1,0.002358045651763818,96.8001320505565
"2,0,NA,2,2,1,2,0,2",1,0.002358045651763818,96.80249009620826
"NA,0,NA,NA,1,NA,2,NA,2",1,0.002358045651763818,96.80484814186002
"NA,2,2,2,0,2,2,0,NA",1,0.002358045651763818,96.80720618751178
"0,2,2,2,2,1,2,NA,NA",1,0.002358045651763818,96.80956423316356
"NA,2,NA,1,0,NA,NA,NA,2",1,0.002358045651763818,96.81192227881532
"NA,2,NA,2,2,1,1,NA,2",1,0.002358045651763818,96.81428032446708
"2,2,2,0,1,2,2,2,2",1,0.002358045651763818,96.81663837011885
"0,2,1,2,1,2,2,2,0",1,0.002358045651763818,96.81899641577061
"1,0,NA,1,2,2,2,NA,0",1,0.002358045651763818,96.82135446142237
"1,1,NA,2,2,1,2,NA,NA",1,0.002358045651763818,96.82371250707413
"2,2,2,NA,0,NA,0,2,2",1,0.002358045651763818,96.8260705527259
"2,NA,0,NA,NA,NA,2,1,2",1,0.002358045651763818,96.82842859837767
"0,2,NA,NA,NA,0,2,2,2",1,0.002358045651763818,96.83078664402943
"NA,2,1,NA,NA,NA,0,NA,NA",1,0.002358045651763818,96.83314468968119
"2,NA,NA,1,1,1,1,NA,NA",1,0.002358045651763818,96.83550273533295
"2,1,NA,NA,2,0,NA,NA,NA",1,0.002358045651763818,96.83786078098471
"1,2,NA,2,1,2,2,NA,NA",1,0.002358045651763818,96.84021882663649
"2,NA,2,NA,NA,0,NA,NA,2",1,0.002358045651763818,96.84257687228825
"NA,NA,2,0,2,2,2,NA,NA",1,0.002358045651763818,96.84493491794001
"NA,2,2,NA,2,NA,1,2,0",1,0.002358045651763818,96.84729296359178
"NA,0,2,NA,1,NA,NA,0,NA",1,0.002358045651763818,96.84965100924354
"2,0,1,2,1,2,2,NA,2",1,0.002358045651763818,96.8520090548953
"0,0,NA,1,2,NA,2,2,1",1,0.002358045651763818,96.85436710054707
"0,NA,0,NA,NA,NA,2,1,1",1,0.002358045651763818,96.85672514619883
"0,0,NA,NA,NA,NA,NA,2,0",1,0.002358045651763818,96.85908319185059
"NA,2,2,2,NA,1,NA,1,NA",1,0.002358045651763818,96.86144123750236
"2,1,NA,2,2,0,NA,NA,1",1,0.002358045651763818,96.86379928315412
"0,2,NA,0,0,NA,0,NA,2",1,0.002358045651763818,96.8661573288059
"2,0,NA,NA,2,NA,0,NA,NA",1,0.002358045651763818,96.86851537445766
"NA,0,2,0,2,NA,NA,2,NA",1,0.002358045651763818,96.87087342010942
"1,1,1,1,1,2,2,NA,0",1,0.002358045651763818,96.87323146576118
"1,0,2,0,2,2,NA,NA,NA",1,0.002358045651763818,96.87558951141294
"NA,2,2,0,2,1,0,2,NA",1,0.002358045651763818,96.8779475570647
"1,2,2,NA,NA,NA,2,NA,NA",1,0.002358045651763818,96.88030560271646
"2,1,1,NA,NA,NA,2,NA,0",1,0.002358045651763818,96.88266364836822
"NA,NA,1,2,2,2,2,2,0",1,0.002358045651763818,96.88502169402
"2,NA,2,0,0,1,2,2,2",1,0.002358045651763818,96.88737973967176
"0,1,2,1,2,2,2,2,NA",1,0.002358045651763818,96.88973778532353
"1,0,1,2,1,2,2,NA,NA",1,0.002358045651763818,96.8920958309753
"2,NA,NA,2,0,1,NA,2,NA",1,0.002358045651763818,96.89445387662705
"NA,0,2,0,2,NA,2,NA,NA",1,0.002358045651763818,96.89681192227881
"NA,1,1,2,2,NA,2,NA,NA",1,0.002358045651763818,96.89916996793058
"NA,NA,NA,NA,2,1,2,2,2",1,0.002358045651763818,96.90152801358234
"1,NA,2,0,NA,NA,NA,2,NA",1,0.002358045651763818,96.90388605923411
"NA,0,NA,2,NA,NA,NA,0,NA",1,0.002358045651763818,96.90624410488587
"2,0,NA,NA,2,1,NA,NA,NA",1,0.002358045651763818,96.90860215053763
"2,2,2,2,2,2,1,1,1",1,0.002358045651763818,96.9109601961894
"2,0,NA,1,2,NA,NA,NA,1",1,0.002358045651763818,96.91331824184117
"1,2,NA,2,0,1,NA,NA,NA",1,0.002358045651763818,96.91567628749293
"NA,1,0,2,2,2,0,NA,2",1,0.002358045651763818,96.91803433314469
"2,2,2,2,0,2,2,0,1",1,0.002358045651763818,96.92039237879645
"NA,1,NA,1,1,NA,NA,NA,1",1,0.002358045651763818,96.92275042444821
"1,1,2,NA,NA,2,NA,NA,NA",1,0.002358045651763818,96.92510847009999
"0,2,2,NA,NA,NA,2,1,2",1,0.002358045651763818,96.92746651575175
"1,0,NA,2,NA,NA,2,NA,2",1,0.002358045651763818,96.9298245614035
"NA,2,2,0,2,0,0,2,2",1,0.002358045651763818,96.93218260705527
"2,2,0,2,1,NA,NA,NA,NA",1,0.002358045651763818,96.93454065270703
"2,0,NA,NA,1,NA,2,NA,NA",1,0.002358045651763818,96.9368986983588
"0,0,2,2,2,NA,1,2,1",1,0.002358045651763818,96.93925674401056
"NA,NA,NA,NA,NA,2,0,0,NA",1,0.002358045651763818,96.94161478966232
"2,0,NA,NA,2,NA,NA,NA,2",1,0.002358045651763818,96.9439728353141
"2,1,0,2,2,2,0,1,2",1,0.002358045651763818,96.94633088096586
"NA,2,NA,2,1,NA,0,1,NA",1,0.002358045651763818,96.94868892661762
"2,NA,2,2,1,1,2,NA,2",1,0.002358045651763818,96.95104697226938
"2,1,2,NA,1,0,2,2,2",1,0.002358045651763818,96.95340501792114
"2,2,NA,2,2,NA,0,NA,1",1,0.002358045651763818,96.9557630635729
"NA,1,NA,2,2,NA,1,2,NA",1,0.002358045651763818,96.95812110922468
"NA,NA,NA,1,0,NA,NA,NA,2",1,0.002358045651763818,96.96047915487644
"NA,NA,NA,2,2,2,1,0,2",1,0.002358045651763818,96.96283720052821
"0,NA,2,2,2,NA,NA,1,NA",1,0.002358045651763818,96.96519524617997
"0,NA,0,2,1,NA,2,NA,0",1,0.002358045651763818,96.96755329183173
"1,NA,1,1,2,NA,0,NA,NA",1,0.002358045651763818,96.9699113374835
"NA,2,1,2,1,NA,NA,1,NA",1,0.002358045651763818,96.97226938313526
"NA,1,2,2,NA,0,NA,0,NA",1,0.002358045651763818,96.97462742878702
"NA,2,1,NA,NA,NA,NA,0,NA",1,0.002358045651763818,96.97698547443878
"0,2,NA,0,0,NA,2,2,NA",1,0.002358045651763818,96.97934352009054
"NA,NA,1,1,0,1,NA,NA,NA",1,0.002358045651763818,96.98170156574231
"1,2,2,NA,NA,0,2,2,1",1,0.002358045651763818,96.98405961139407
"NA,NA,2,0,NA,0,NA,NA,NA",1,0.002358045651763818,96.98641765704585
"2,2,1,0,NA,NA,1,NA,0",1,0.002358045651763818,96.98877570269761
"0,2,1,2,2,2,0,NA,2",1,0.002358045651763818,96.99113374834937
"NA,NA,0,NA,NA,NA,2,2,2",1,0.002358045651763818,96.99349179400113
"2,NA,1,1,2,0,1,NA,NA",1,0.002358045651763818,96.99584983965289
"2,0,1,NA,NA,NA,NA,1,NA",1,0.002358045651763818,96.99820788530465
"2,2,1,1,2,0,1,NA,2",1,0.002358045651763818,97.00056593095643
"2,NA,NA,NA,2,NA,1,NA,NA",1,0.002358045651763818,97.00292397660819
"2,0,2,2,NA,2,2,2,2",1,0.002358045651763818,97.00528202225995
"1,1,NA,0,2,NA,0,NA,NA",1,0.002358045651763818,97.00764006791172
"NA,NA,NA,0,NA,2,2,NA,1",1,0.002358045651763818,97.00999811356348
"2,NA,NA,1,NA,2,NA,1,NA",1,0.002358045651763818,97.01235615921524
"1,NA,NA,2,2,2,2,2,2",1,0.002358045651763818,97.014714204867
"2,0,2,2,0,2,2,NA,NA",1,0.002358045651763818,97.01707225051877
"2,2,NA,0,0,0,2,NA,0",1,0.002358045651763818,97.01943029617054
"2,2,2,2,0,2,1,NA,NA",1,0.002358045651763818,97.0217883418223
"1,2,2,2,0,0,0,2,0",1,0.002358045651763818,97.02414638747406
"2,1,NA,0,2,2,0,2,NA",1,0.002358045651763818,97.02650443312582
"2,0,2,2,0,NA,NA,2,NA",1,0.002358045651763818,97.02886247877758
"1,2,NA,1,2,1,1,NA,1",1,0.002358045651763818,97.03122052442936
"NA,2,0,2,2,NA,2,2,1",1,0.002358045651763818,97.03357857008112
"2,2,2,2,NA,1,2,2,0",1,0.002358045651763818,97.03593661573288
"1,0,NA,2,2,2,2,NA,0",1,0.002358045651763818,97.03829466138465
"0,0,NA,2,2,2,2,2,1",1,0.002358045651763818,97.04065270703641
"2,2,1,0,2,0,1,2,2",1,0.002358045651763818,97.04301075268818
"2,1,2,0,1,NA,2,1,NA",1,0.002358045651763818,97.04536879833994
"1,2,NA,1,1,0,NA,NA,1",1,0.002358045651763818,97.0477268439917
"1,1,NA,2,0,2,2,2,2",1,0.002358045651763818,97.05008488964346
"NA,2,2,1,2,1,2,2,2",1,0.002358045651763818,97.05244293529522
"1,1,NA,2,NA,NA,NA,2,NA",1,0.002358045651763818,97.054800980947
"NA,1,0,2,0,1,NA,NA,NA",1,0.002358045651763818,97.05715902659875
"2,2,1,1,1,1,1,NA,1",1,0.002358045651763818,97.05951707225053
"NA,0,NA,NA,NA,NA,1,NA,2",1,0.002358045651763818,97.06187511790229
"2,2,2,0,0,2,1,0,0",1,0.002358045651763818,97.06423316355405
"2,2,0,1,2,NA,2,2,2",1,0.002358045651763818,97.06659120920581
"0,0,1,2,2,0,0,NA,NA",1,0.002358045651763818,97.06894925485757
"0,2,1,1,2,2,2,NA,1",1,0.002358045651763818,97.07130730050933
"2,1,1,2,2,1,2,2,0",1,0.002358045651763818,97.07366534616109
"0,2,0,0,0,0,NA,NA,NA",1,0.002358045651763818,97.07602339181285
"2,1,0,0,0,2,2,NA,NA",1,0.002358045651763818,97.07838143746463
"2,0,NA,2,2,2,1,2,2",1,0.002358045651763818,97.08073948311639
"0,2,2,2,2,0,NA,2,NA",1,0.002358045651763818,97.08309752876816
"0,2,2,NA,NA,1,NA,2,2",1,0.002358045651763818,97.08545557441992
"2,1,0,0,0,2,2,0,2",1,0.002358045651763818,97.08781362007169
"0,NA,0,1,1,NA,2,NA,NA",1,0.002358045651763818,97.09017166572345
"NA,1,NA,0,0,NA,2,NA,NA",1,0.002358045651763818,97.0925297113752
"2,NA,NA,2,2,2,1,NA,1",1,0.002358045651763818,97.09488775702697
"0,1,2,2,2,NA,2,NA,2",1,0.002358045651763818,97.09724580267874
"2,2,NA,0,2,NA,2,1,1",1,0.002358045651763818,97.0996038483305
"2,NA,2,1,1,NA,2,2,2",1,0.002358045651763818,97.10196189398226
"2,1,2,1,1,2,2,2,2",1,0.002358045651763818,97.10431993963404
"2,1,1,2,2,1,2,1,2",1,0.002358045651763818,97.1066779852858
"2,2,1,2,1,NA,2,1,NA",1,0.002358045651763818,97.10903603093756
"2,1,0,0,0,2,0,2,NA",1,0.002358045651763818,97.11139407658932
"NA,2,NA,2,NA,0,0,2,2",1,0.002358045651763818,97.11375212224108
"2,NA,NA,NA,2,NA,NA,NA,1",1,0.002358045651763818,97.11611016789286
"NA,2,NA,NA,NA,NA,NA,0,2",1,0.002358045651763818,97.11846821354462
"NA,2,0,2,0,2,2,NA,NA",1,0.002358045651763818,97.12082625919638
"2,2,1,0,2,NA,2,2,NA",1,0.002358045651763818,97.12318430484814
"2,0,NA,NA,NA,1,2,NA,NA",1,0.002358045651763818,97.1255423504999
"NA,NA,2,NA,0,0,1,2,2",1,0.002358045651763818,97.12790039615167
"1,1,2,2,2,1,1,2,1",1,0.002358045651763818,97.13025844180343
"0,NA,2,2,0,NA,0,NA,NA",1,0.002358045651763818,97.1326164874552
"2,0,NA,2,0,2,2,NA,2",1,0.002358045651763818,97.13497453310697
"2,2,1,NA,NA,1,NA,NA,NA",1,0.002358045651763818,97.13733257875873
"2,0,0,NA,NA,NA,2,2,NA",1,0.002358045651763818,97.13969062441049
"2,1,NA,0,0,NA,2,0,1",1,0.002358045651763818,97.14204867006225
"0,1,NA,0,0,1,1,NA,NA",1,0.002358045651763818,97.14440671571401
"2,NA,NA,1,2,NA,0,NA,NA",1,0.002358045651763818,97.14676476136577
"NA,NA,NA,NA,NA,0,2,0,2",1,0.002358045651763818,97.14912280701753
"NA,NA,NA,NA,NA,NA,2,0,1",1,0.002358045651763818,97.15148085266931
"1,1,NA,2,2,NA,NA,NA,NA",1,0.002358045651763818,97.15383889832108
"NA,NA,NA,NA,0,1,1,0,NA",1,0.002358045651763818,97.15619694397284
"2,2,NA,2,NA,2,0,NA,NA",1,0.002358045651763818,97.1585549896246
"0,2,NA,2,2,NA,1,2,1",1,0.002358045651763818,97.16091303527637
"0,0,NA,0,2,NA,0,NA,2",1,0.002358045651763818,97.16327108092813
"2,NA,0,2,2,1,NA,2,NA",1,0.002358045651763818,97.16562912657989
"0,2,2,NA,1,2,2,1,1",1,0.002358045651763818,97.16798717223165
"2,NA,2,NA,0,0,2,2,NA",1,0.002358045651763818,97.17034521788341
"1,1,2,2,2,2,0,NA,NA",1,0.002358045651763818,97.17270326353518
"2,2,2,0,2,NA,1,NA,NA",1,0.002358045651763818,97.17506130918694
"NA,2,1,2,2,0,2,2,2",1,0.002358045651763818,97.17741935483872
"2,2,2,NA,0,NA,0,2,NA",1,0.002358045651763818,97.17977740049048
"2,2,2,2,1,2,NA,1,1",1,0.002358045651763818,97.18213544614224
"2,NA,NA,2,2,1,0,NA,2",1,0.002358045651763818,97.184493491794
"0,0,0,2,2,2,2,NA,NA",1,0.002358045651763818,97.18685153744576
"NA,NA,1,NA,NA,NA,0,2,NA",1,0.002358045651763818,97.18920958309752
"1,2,2,NA,2,1,2,2,NA",1,0.002358045651763818,97.1915676287493
"2,1,2,0,0,2,0,1,0",1,0.002358045651763818,97.19392567440106
"1,2,2,2,2,2,NA,0,2",1,0.002358045651763818,97.19628372005282
"0,NA,1,NA,0,2,2,2,NA",1,0.002358045651763818,97.19864176570458
"2,2,1,1,1,NA,NA,1,1",1,0.002358045651763818,97.20099981135635
"2,1,1,1,2,2,2,2,1",1,0.002358045651763818,97.20335785700811
"0,NA,1,2,2,2,0,2,NA",1,0.002358045651763818,97.20571590265988
"1,1,2,1,2,2,2,0,1",1,0.002358045651763818,97.20807394831164
"NA,NA,NA,1,2,2,1,2,2",1,0.002358045651763818,97.2104319939634
"2,NA,2,2,1,NA,2,1,NA",1,0.002358045651763818,97.21279003961517
"2,NA,NA,2,1,1,0,0,NA",1,0.002358045651763818,97.21514808526693
"NA,2,0,NA,2,1,NA,NA,NA",1,0.002358045651763818,97.2175061309187
"2,1,1,1,2,2,2,0,2",1,0.002358045651763818,97.21986417657045
"NA,2,NA,NA,1,NA,1,NA,2",1,0.002358045651763818,97.22222222222221
"1,2,1,2,2,2,1,NA,0",1,0.002358045651763818,97.22458026787399
"1,NA,2,0,NA,1,0,NA,NA",1,0.002358045651763818,97.22693831352575
"NA,1,2,NA,NA,1,1,2,2",1,0.002358045651763818,97.22929635917751
"NA,1,NA,2,0,NA,NA,0,NA",1,0.002358045651763818,97.23165440482929
"2,2,2,1,1,NA,1,2,NA",1,0.002358045651763818,97.23401245048105
"NA,2,2,0,1,1,1,2,2",1,0.002358045651763818,97.2363704961328
"NA,2,2,1,1,2,2,1,NA",1,0.002358045651763818,97.23872854178457
"2,1,2,1,1,2,2,1,2",1,0.002358045651763818,97.24108658743633
"2,2,0,0,2,NA,2,2,2",1,0.002358045651763818,97.24344463308809
"2,1,1,NA,NA,NA,2,NA,1",1,0.002358045651763818,97.24580267873986
"2,NA,1,2,2,1,NA,NA,NA",1,0.002358045651763818,97.24816072439162
"0,2,2,2,1,0,0,1,NA",1,0.002358045651763818,97.2505187700434
"1,2,2,NA,NA,NA,1,2,2",1,0.002358045651763818,97.25287681569516
"NA,0,NA,2,2,NA,2,NA,1",1,0.002358045651763818,97.25523486134692
"2,0,NA,NA,1,1,2,NA,NA",1,0.002358045651763818,97.25759290699868
"2,2,0,2,2,NA,1,NA,1",1,0.002358045651763818,97.25995095265044
"2,2,1,NA,2,2,0,2,2",1,0.002358045651763818,97.2623089983022
"2,1,2,0,2,2,0,2,0",1,0.002358045651763818,97.26466704395396
"2,NA,1,0,0,NA,NA,NA,NA",1,0.002358045651763818,97.26702508960572
"2,2,0,0,0,2,2,0,NA",1,0.002358045651763818,97.2693831352575
"2,2,2,NA,NA,2,2,0,NA",1,0.002358045651763818,97.27174118090926
"2,2,2,1,2,NA,1,NA,2",1,0.002358045651763818,97.27409922656103
"2,2,1,NA,2,2,NA,NA,1",1,0.002358045651763818,97.2764572722128
"NA,NA,0,NA,NA,NA,2,NA,1",1,0.002358045651763818,97.27881531786456
"0,NA,2,2,1,1,2,2,NA",1,0.002358045651763818,97.28117336351632
"1,NA,0,1,1,2,NA,2,NA",1,0.002358045651763818,97.28353140916808
"NA,2,2,2,NA,0,NA,NA,NA",1,0.002358045651763818,97.28588945481984
"NA,2,NA,2,2,NA,0,2,1",1,0.002358045651763818,97.28824750047161
"2,1,1,NA,1,0,2,2,NA",1,0.002358045651763818,97.29060554612337
"NA,2,NA,0,0,1,NA,NA,NA",1,0.002358045651763818,97.29296359177513
"2,NA,1,NA,NA,NA,NA,2,0",1,0.002358045651763818,97.2953216374269
"0,NA,2,2,0,0,0,2,2",1,0.002358045651763818,97.29767968307867
"2,NA,NA,1,2,2,1,2,1",1,0.002358045651763818,97.30003772873043
"2,2,0,1,NA,2,2,2,NA",1,0.002358045651763818,97.30239577438219
"NA,NA,0,1,1,2,2,2,NA",1,0.002358045651763818,97.30475382003395
"0,1,2,1,2,2,2,NA,NA",1,0.002358045651763818,97.30711186568573
"0,1,2,1,2,0,2,2,NA",1,0.002358045651763818,97.30946991133749
"NA,2,2,NA,2,1,NA,NA,NA",1,0.002358045651763818,97.31182795698925
"NA,0,NA,0,0,NA,1,NA,NA",1,0.002358045651763818,97.31418600264101
"0,2,2,NA,0,0,1,2,2",1,0.002358045651763818,97.31654404829277
"1,2,2,0,0,2,2,1,0",1,0.002358045651763818,97.31890209394453
"1,2,0,0,0,NA,NA,0,NA",1,0.002358045651763818,97.3212601395963
"2,1,0,1,2,NA,2,2,2",1,0.002358045651763818,97.32361818524807
"2,2,2,NA,NA,1,2,NA,NA",1,0.002358045651763818,97.32597623089984
"0,0,NA,2,2,2,1,0,NA",1,0.002358045651763818,97.3283342765516
"2,2,0,NA,2,1,NA,2,NA",1,0.002358045651763818,97.33069232220336
"2,1,2,2,0,NA,0,2,2",1,0.002358045651763818,97.33305036785512
"2,2,0,0,0,2,1,2,NA",1,0.002358045651763818,97.33540841350688
"0,0,NA,2,1,1,NA,NA,NA",1,0.002358045651763818,97.33776645915864
"2,0,2,0,0,2,2,NA,0",1,0.002358045651763818,97.3401245048104
"NA,1,0,0,2,1,NA,0,NA",1,0.002358045651763818,97.34248255046218
"1,0,1,0,2,1,2,NA,NA",1,0.002358045651763818,97.34484059611394
"1,2,NA,0,0,2,0,NA,0",1,0.002358045651763818,97.34719864176571
"NA,2,NA,2,0,2,1,NA,2",1,0.002358045651763818,97.34955668741748
"0,NA,NA,NA,2,2,0,NA,2",1,0.002358045651763818,97.35191473306924
"NA,2,NA,NA,0,2,NA,NA,2",1,0.002358045651763818,97.354272778721
"NA,0,NA,2,2,NA,0,1,NA",1,0.002358045651763818,97.35663082437276
"0,NA,0,2,0,2,NA,NA,NA",1,0.002358045651763818,97.35898887002452
"2,1,2,2,0,1,NA,2,NA",1,0.002358045651763818,97.36134691567628
"1,2,2,2,2,NA,1,2,1",1,0.002358045651763818,97.36370496132804
"1,1,2,2,0,2,0,0,0",1,0.002358045651763818,97.36606300697981
"0,2,2,2,2,0,0,2,0",1,0.002358045651763818,97.36842105263158
"0,NA,1,2,2,1,2,NA,NA",1,0.002358045651763818,97.37077909828335
"2,2,NA,0,2,NA,NA,1,NA",1,0.002358045651763818,97.37313714393511
"2,0,1,1,2,NA,1,2,2",1,0.002358045651763818,97.37549518958687
"1,2,0,0,0,0,2,NA,NA",1,0.002358045651763818,97.37785323523863
"0,NA,0,NA,0,NA,2,1,NA",1,0.002358045651763818,97.38021128089039
"2,0,NA,1,2,0,0,2,1",1,0.002358045651763818,97.38256932654215
"2,0,0,2,2,0,1,2,2",1,0.002358045651763818,97.38492737219393
"2,2,2,0,2,NA,0,2,1",1,0.002358045651763818,97.38728541784569
"NA,1,1,0,0,NA,NA,NA,NA",1,0.002358045651763818,97.38964346349745
"1,0,NA,NA,0,NA,NA,0,2",1,0.002358045651763818,97.39200150914922
"2,2,0,2,2,1,0,2,NA",1,0.002358045651763818,97.39435955480099
"2,NA,NA,0,0,1,2,NA,0",1,0.002358045651763818,97.39671760045275
"1,NA,NA,2,0,NA,NA,0,NA",1,0.002358045651763818,97.3990756461045
"NA,NA,NA,NA,0,2,2,NA,0",1,0.002358045651763818,97.40143369175627
"1,0,NA,2,NA,2,2,0,NA",1,0.002358045651763818,97.40379173740804
"2,2,2,NA,1,2,2,NA,2",1,0.002358045651763818,97.4061497830598
"2,NA,NA,2,1,1,1,NA,2",1,0.002358045651763818,97.40850782871156
"0,2,2,2,0,2,0,NA,0",1,0.002358045651763818,97.41086587436332
"2,0,2,1,2,2,2,1,NA",1,0.002358045651763818,97.41322392001508
"NA,NA,NA,1,0,2,1,NA,NA",1,0.002358045651763818,97.41558196566686
"0,2,NA,2,0,2,2,NA,0",1,0.002358045651763818,97.41794001131862
"1,1,2,2,0,NA,2,0,1",1,0.002358045651763818,97.42029805697038
"NA,NA,NA,1,0,2,NA,2,NA",1,0.002358045651763818,97.42265610262216
"1,2,2,NA,NA,NA,1,2,NA",1,0.002358045651763818,97.42501414827392
"2,2,NA,0,0,2,0,2,2",1,0.002358045651763818,97.42737219392568
"NA,NA,NA,0,1,0,0,NA,NA",1,0.002358045651763818,97.42973023957744
"NA,2,1,2,2,2,2,0,1",1,0.002358045651763818,97.4320882852292
"1,2,2,2,0,1,0,0,2",1,0.002358045651763818,97.43444633088096
"1,2,2,1,1,2,NA,2,NA",1,0.002358045651763818,97.43680437653272
"NA,1,NA,2,0,2,0,NA,0",1,0.002358045651763818,97.4391624221845
"1,0,NA,NA,0,1,NA,0,NA",1,0.002358045651763818,97.44152046783626
"2,1,0,2,2,2,1,2,2",1,0.002358045651763818,97.44387851348803
"2,2,2,NA,0,NA,NA,2,2",1,0.002358045651763818,97.44623655913979
"2,0,0,2,2,NA,NA,1,NA",1,0.002358045651763818,97.44859460479155
"NA,2,2,1,1,NA,1,2,NA",1,0.002358045651763818,97.45095265044331
"0,2,2,2,1,2,1,NA,0",1,0.002358045651763818,97.45331069609507
"NA,1,NA,0,0,NA,0,NA,2",1,0.002358045651763818,97.45566874174683
"1,2,2,2,2,1,1,2,NA",1,0.002358045651763818,97.4580267873986
"NA,1,NA,NA,NA,2,2,NA,NA",1,0.002358045651763818,97.46038483305037
"0,2,NA,2,NA,2,NA,NA,NA",1,0.002358045651763818,97.46274287870213
"2,0,NA,2,2,NA,0,2,2",1,0.002358045651763818,97.46510092435389
"1,2,NA,1,1,2,1,NA,NA",1,0.002358045651763818,97.46745897000567
"2,1,2,0,2,2,0,NA,NA",1,0.002358045651763818,97.46981701565743
"0,NA,NA,1,2,1,NA,NA,NA",1,0.002358045651763818,97.47217506130919
"2,2,NA,NA,0,2,2,NA,2",1,0.002358045651763818,97.47453310696095
"0,NA,0,1,2,2,2,NA,NA",1,0.002358045651763818,97.47689115261271
"0,2,NA,NA,2,2,1,NA,NA",1,0.002358045651763818,97.47924919826448
"2,1,0,0,0,NA,NA,NA,NA",1,0.002358045651763818,97.48160724391624
"NA,2,1,1,1,2,1,NA,1",1,0.002358045651763818,97.483965289568
"0,1,NA,2,2,2,1,2,2",1,0.002358045651763818,97.48632333521977
"NA,2,NA,2,0,NA,0,0,0",1,0.002358045651763818,97.48868138087154
"2,0,2,NA,NA,2,2,NA,NA",1,0.002358045651763818,97.4910394265233
"2,1,NA,1,2,0,NA,NA,NA",1,0.002358045651763818,97.49339747217506
"1,NA,NA,NA,0,2,2,NA,NA",1,0.002358045651763818,97.49575551782682
"2,2,0,1,1,2,2,1,2",1,0.002358045651763818,97.4981135634786
"2,NA,NA,0,NA,1,2,NA,NA",1,0.002358045651763818,97.50047160913036
"NA,2,2,NA,1,NA,1,2,1",1,0.002358045651763818,97.50282965478212
"0,2,1,1,1,1,2,2,1",1,0.002358045651763818,97.50518770043388
"2,0,1,0,2,2,2,NA,2",1,0.002358045651763818,97.50754574608564
"0,NA,2,0,2,NA,2,NA,NA",1,0.002358045651763818,97.5099037917374
"0,2,2,2,2,NA,1,0,2",1,0.002358045651763818,97.51226183738918
"1,NA,1,2,0,1,2,NA,NA",1,0.002358045651763818,97.51461988304094
"NA,0,NA,2,0,2,0,NA,0",1,0.002358045651763818,97.5169779286927
"0,2,2,NA,2,2,1,2,2",1,0.002358045651763818,97.51933597434447
"0,0,NA,2,1,NA,0,1,NA",1,0.002358045651763818,97.52169401999623
"1,1,1,2,1,2,2,1,2",1,0.002358045651763818,97.524052065648
"NA,1,0,2,0,NA,NA,NA,0",1,0.002358045651763818,97.52641011129975
"1,2,2,1,2,2,2,2,0",1,0.002358045651763818,97.52876815695151
"1,2,2,2,0,2,2,0,NA",1,0.002358045651763818,97.53112620260328
"1,1,0,2,NA,NA,NA,NA,NA",1,0.002358045651763818,97.53348424825504
"2,2,1,1,1,2,1,2,NA",1,0.002358045651763818,97.53584229390681
"NA,2,NA,2,0,2,NA,2,0",1,0.002358045651763818,97.53820033955859
"0,NA,NA,NA,NA,NA,0,NA,2",1,0.002358045651763818,97.54055838521035
"NA,2,2,2,1,0,2,1,2",1,0.002358045651763818,97.5429164308621
"NA,2,0,0,2,2,NA,2,NA",1,0.002358045651763818,97.54527447651387
"2,1,0,0,2,NA,2,NA,NA",1,0.002358045651763818,97.54763252216563
"NA,NA,NA,1,0,1,2,2,2",1,0.002358045651763818,97.54999056781739
"NA,NA,NA,0,0,2,0,NA,0",1,0.002358045651763818,97.55234861346915
"2,1,NA,1,2,2,2,2,1",1,0.002358045651763818,97.55470665912091
"2,2,2,0,0,2,1,2,NA",1,0.002358045651763818,97.55706470477269
"2,1,NA,1,1,2,2,NA,1",1,0.002358045651763818,97.55942275042445
"NA,0,NA,2,1,1,1,NA,NA",1,0.002358045651763818,97.56178079607622
"2,NA,NA,2,2,0,1,2,NA",1,0.002358045651763818,97.56413884172798
"NA,2,2,2,1,0,0,2,2",1,0.002358045651763818,97.56649688737974
"NA,1,NA,1,1,2,1,NA,NA",1,0.002358045651763818,97.5688549330315
"2,0,1,2,0,0,2,NA,2",1,0.002358045651763818,97.57121297868326
"2,NA,0,0,2,NA,NA,NA,NA",1,0.002358045651763818,97.57357102433502
"NA,1,NA,NA,NA,2,1,NA,1",1,0.002358045651763818,97.5759290699868
"2,1,0,0,0,2,2,NA,0",1,0.002358045651763818,97.57828711563856
"2,2,0,1,1,1,2,NA,2",1,0.002358045651763818,97.58064516129032
"0,2,2,2,0,NA,2,0,NA",1,0.002358045651763818,97.58300320694208
"2,0,2,1,1,NA,NA,NA,NA",1,0.002358045651763818,97.58536125259386
"2,1,1,0,0,NA,NA,2,0",1,0.002358045651763818,97.58771929824562
"NA,NA,0,2,0,NA,NA,NA,NA",1,0.002358045651763818,97.59007734389738
"2,1,2,2,1,2,2,NA,0",1,0.002358045651763818,97.59243538954914
"1,NA,2,2,0,0,2,NA,NA",1,0.002358045651763818,97.59479343520091
"1,NA,1,2,2,2,2,0,NA",1,0.002358045651763818,97.59715148085267
"NA,1,NA,1,NA,NA,NA,NA,1",1,0.002358045651763818,97.59950952650443
"0,2,2,1,2,NA,NA,2,NA",1,0.002358045651763818,97.6018675721562
"0,2,NA,1,1,NA,2,NA,0",1,0.002358045651763818,97.60422561780796
"2,2,1,1,2,0,2,NA,2",1,0.002358045651763818,97.60658366345972
"2,2,2,0,NA,NA,NA,2,2",1,0.002358045651763818,97.60894170911149
"2,0,NA,1,0,NA,NA,NA,NA",1,0.002358045651763818,97.61129975476325
"2,2,NA,2,NA,0,2,NA,0",1,0.002358045651763818,97.61365780041503
"2,NA,NA,NA,NA,0,2,0,1",1,0.002358045651763818,97.61601584606679
"NA,1,NA,2,0,2,NA,NA,2",1,0.002358045651763818,97.61837389171855
"NA,2,2,2,NA,2,NA,0,NA",1,0.002358045651763818,97.62073193737031
"2,2,NA,2,NA,NA,NA,NA,0",1,0.002358045651763818,97.62308998302207
"0,NA,1,2,NA,NA,2,2,1",1,0.002358045651763818,97.62544802867383
"2,1,NA,2,2,0,2,2,NA",1,0.002358045651763818,97.62780607432559
"2,2,2,0,0,1,0,2,2",1,0.002358045651763818,97.63016411997737
"NA,1,NA,2,2,NA,1,1,NA",1,0.002358045651763818,97.63252216562913
"2,NA,0,NA,NA,NA,1,2,NA",1,0.002358045651763818,97.6348802112809
"0,NA,NA,2,1,0,1,NA,NA",1,0.002358045651763818,97.63723825693266
"1,1,0,2,2,1,0,2,2",1,0.002358045651763818,97.63959630258442
"1,2,2,2,0,0,0,2,2",1,0.002358045651763818,97.64195434823618
"NA,2,2,0,2,NA,0,2,2",1,0.002358045651763818,97.64431239388794
"2,0,NA,2,2,0,0,NA,2",1,0.002358045651763818,97.6466704395397
"1,0,NA,2,2,2,2,0,2",1,0.002358045651763818,97.64902848519147
"NA,NA,NA,NA,0,2,2,0,2",1,0.002358045651763818,97.65138653084323
"2,0,2,2,2,1,1,0,0",1,0.002358045651763818,97.653744576495
"0,0,NA,1,2,NA,NA,NA,1",1,0.002358045651763818,97.65610262214676
"0,NA,NA,1,2,1,2,NA,2",1,0.002358045651763818,97.65846066779854
"2,1,0,2,0,2,2,NA,NA",1,0.002358045651763818,97.6608187134503
"2,2,NA,NA,2,NA,0,1,NA",1,0.002358045651763818,97.66317675910206
"NA,2,NA,NA,NA,1,1,NA,1",1,0.002358045651763818,97.66553480475382
"2,0,2,2,2,2,NA,2,2",1,0.002358045651763818,97.66789285040558
"1,NA,1,NA,NA,NA,1,2,NA",1,0.002358045651763818,97.67025089605734
"NA,2,0,2,0,2,2,2,0",1,0.002358045651763818,97.67260894170911
"2,1,1,2,2,2,2,2,0",1,0.002358045651763818,97.67496698736088
"NA,NA,NA,NA,2,NA,1,NA,1",1,0.002358045651763818,97.67732503301264
"2,1,2,NA,0,2,NA,2,NA",1,0.002358045651763818,97.6796830786644
"1,2,NA,2,2,2,0,0,1",1,0.002358045651763818,97.68204112431617
"2,NA,NA,0,2,2,1,2,2",1,0.002358045651763818,97.68439916996793
"2,0,1,1,1,2,2,NA,2",1,0.002358045651763818,97.68675721561969
"2,1,NA,NA,NA,0,0,NA,2",1,0.002358045651763818,97.68911526127145
"NA,NA,2,2,1,2,1,1,2",1,0.002358045651763818,97.69147330692323
"0,0,NA,2,2,0,2,NA,2",1,0.002358045651763818,97.69383135257499
"NA,2,NA,1,2,NA,0,NA,2",1,0.002358045651763818,97.69618939822675
"0,NA,0,0,0,0,NA,NA,NA",1,0.002358045651763818,97.69854744387851
"1,2,1,2,1,2,2,1,2",1,0.002358045651763818,97.70090548953027
"0,NA,NA,1,0,2,2,NA,2",1,0.002358045651763818,97.70326353518203
"0,NA,2,NA,2,NA,NA,2,NA",1,0.002358045651763818,97.7056215808338
"2,1,1,2,0,1,NA,2,NA",1,0.002358045651763818,97.70797962648557
"NA,NA,1,2,1,0,2,NA,NA",1,0.002358045651763818,97.71033767213734
"0,1,NA,2,2,0,2,NA,NA",1,0.002358045651763818,97.7126957177891
"1,1,2,0,2,2,2,0,1",1,0.002358045651763818,97.71505376344086
"NA,2,2,NA,NA,2,2,NA,0",1,0.002358045651763818,97.71741180909262
"NA,2,0,2,2,1,2,NA,NA",1,0.002358045651763818,97.71976985474438
"1,2,NA,2,2,1,0,NA,2",1,0.002358045651763818,97.72212790039615
"NA,1,NA,NA,2,NA,NA,0,NA",1,0.002358045651763818,97.7244859460479
"1,1,NA,2,0,NA,0,0,2",1,0.002358045651763818,97.72684399169968
"2,2,2,1,2,2,2,NA,0",1,0.002358045651763818,97.72920203735144
"0,2,NA,2,0,2,2,NA,NA",1,0.002358045651763818,97.73156008300322
"1,NA,NA,2,2,0,2,NA,1",1,0.002358045651763818,97.73391812865498
"2,2,NA,0,2,NA,2,2,NA",1,0.002358045651763818,97.73627617430674
"2,0,2,1,2,NA,0,NA,NA",1,0.002358045651763818,97.7386342199585
"2,0,0,2,2,2,NA,2,2",1,0.002358045651763818,97.74099226561026
"NA,2,1,2,2,0,1,1,NA",1,0.002358045651763818,97.74335031126202
"2,0,NA,0,NA,NA,NA,NA,2",1,0.002358045651763818,97.74570835691378
"2,NA,NA,NA,0,NA,2,NA,2",1,0.002358045651763818,97.74806640256556
"0,2,2,2,1,2,0,NA,NA",1,0.002358045651763818,97.75042444821732
"2,0,0,0,2,0,NA,0,NA",1,0.002358045651763818,97.75278249386908
"1,1,NA,2,2,NA,0,2,2",1,0.002358045651763818,97.75514053952085
"2,2,1,2,1,0,2,2,2",1,0.002358045651763818,97.75749858517261
"1,1,NA,2,1,NA,2,2,2",1,0.002358045651763818,97.75985663082437
"1,2,1,2,0,NA,0,NA,NA",1,0.002358045651763818,97.76221467647613
"NA,1,NA,NA,0,NA,2,NA,NA",1,0.002358045651763818,97.7645727221279
"NA,NA,0,NA,NA,NA,2,2,1",1,0.002358045651763818,97.76693076777967
"2,2,1,NA,NA,NA,2,2,0",1,0.002358045651763818,97.76928881343143
"0,0,1,2,1,2,2,0,1",1,0.002358045651763818,97.77164685908319
"1,2,0,2,0,0,2,2,2",1,0.002358045651763818,97.77400490473495
"0,0,0,2,0,2,NA,NA,NA",1,0.002358045651763818,97.77636295038673
"2,2,2,NA,NA,2,0,2,NA",1,0.002358045651763818,97.77872099603849
"2,2,NA,1,1,NA,2,1,NA",1,0.002358045651763818,97.78107904169025
"NA,0,2,2,NA,2,2,1,NA",1,0.002358045651763818,97.78343708734201
"2,0,0,NA,NA,NA,2,1,2",1,0.002358045651763818,97.78579513299378
"2,2,2,NA,NA,0,NA,1,NA",1,0.002358045651763818,97.78815317864554
"2,2,1,2,2,NA,2,0,1",1,0.002358045651763818,97.7905112242973
"2,2,2,NA,NA,NA,2,1,0",1,0.002358045651763818,97.79286926994907
"2,0,2,1,1,0,2,NA,1",1,0.002358045651763818,97.79522731560083
"2,NA,NA,2,1,2,NA,NA,0",1,0.002358045651763818,97.79758536125259
"2,NA,0,0,2,1,0,2,NA",1,0.002358045651763818,97.79994340690436
"NA,NA,NA,1,2,NA,0,0,NA",1,0.002358045651763818,97.80230145255612
"1,2,2,NA,NA,1,0,0,NA",1,0.002358045651763818,97.80465949820788
"2,0,NA,2,2,2,2,2,0",1,0.002358045651763818,97.80701754385966
"NA,1,NA,NA,2,NA,2,NA,2",1,0.002358045651763818,97.80937558951142
"2,2,0,2,2,0,1,2,2",1,0.002358045651763818,97.81173363516318
"2,2,0,2,2,0,2,0,NA",1,0.002358045651763818,97.81409168081494
"1,1,2,0,2,2,0,0,NA",1,0.002358045651763818,97.8164497264667
"2,NA,2,1,1,2,2,2,2",1,0.002358045651763818,97.81880777211846
"2,NA,0,2,2,NA,NA,NA,2",1,0.002358045651763818,97.82116581777022
"2,NA,2,NA,NA,0,2,1,2",1,0.002358045651763818,97.823523863422
"0,0,2,NA,NA,NA,NA,0,1",1,0.002358045651763818,97.82588190907376
"1,1,0,2,2,0,2,NA,NA",1,0.002358045651763818,97.82823995472553
"2,1,1,2,2,2,0,1,0",1,0.002358045651763818,97.8305980003773
"NA,0,NA,2,1,0,NA,NA,NA",1,0.002358045651763818,97.83295604602905
"2,NA,NA,NA,2,2,2,2,1",1,0.002358045651763818,97.83531409168081
"0,2,NA,NA,2,NA,2,NA,2",1,0.002358045651763818,97.83767213733258
"NA,NA,NA,NA,0,0,2,NA,0",1,0.002358045651763818,97.84003018298434
"2,2,NA,1,NA,NA,NA,0,2",1,0.002358045651763818,97.8423882286361
"1,NA,2,2,2,1,2,1,NA",1,0.002358045651763818,97.84474627428787
"2,1,NA,2,0,2,0,0,NA",1,0.002358045651763818,97.84710431993963
"1,0,NA,NA,1,NA,1,NA,NA",1,0.002358045651763818,97.84946236559139
"1,1,1,NA,NA,NA,NA,2,NA",1,0.002358045651763818,97.85182041124317
"2,1,NA,NA,1,1,NA,NA,NA",1,0.002358045651763818,97.85417845689493
"NA,0,1,2,2,2,2,2,2",1,0.002358045651763818,97.85653650254669
"NA,NA,1,2,2,1,0,NA,NA",1,0.002358045651763818,97.85889454819845
"0,2,2,2,2,0,1,1,1",1,0.002358045651763818,97.86125259385021
"1,2,0,2,1,2,2,0,NA",1,0.002358045651763818,97.86361063950199
"2,NA,2,NA,0,NA,1,1,2",1,0.002358045651763818,97.86596868515375
"2,2,NA,0,2,NA,NA,2,1",1,0.002358045651763818,97.8683267308055
"2,1,NA,0,2,2,NA,0,2",1,0.002358045651763818,97.87068477645727
"2,1,0,NA,2,NA,NA,1,NA",1,0.002358045651763818,97.87304282210904
"2,1,NA,1,1,2,2,NA,2",1,0.002358045651763818,97.8754008677608
"1,1,2,0,2,2,2,0,2",1,0.002358045651763818,97.87775891341256
"1,NA,NA,2,2,2,2,NA,1",1,0.002358045651763818,97.88011695906432
"2,1,2,NA,1,NA,2,NA,1",1,0.002358045651763818,97.8824750047161
"0,0,NA,NA,0,2,2,2,2",1,0.002358045651763818,97.88483305036786
"0,2,0,2,1,2,2,2,2",1,0.002358045651763818,97.88719109601962
"1,1,0,0,0,NA,NA,2,NA",1,0.002358045651763818,97.88954914167138
"2,NA,2,2,0,NA,1,NA,2",1,0.002358045651763818,97.89190718732314
"2,1,0,2,2,2,2,2,1",1,0.002358045651763818,97.8942652329749
"NA,1,NA,2,2,NA,0,NA,2",1,0.002358045651763818,97.89662327862668
"1,2,1,2,1,2,2,2,2",1,0.002358045651763818,97.89898132427844
"0,NA,NA,2,2,0,0,NA,2",1,0.002358045651763818,97.90133936993021
"1,2,NA,NA,NA,2,1,NA,0",1,0.002358045651763818,97.90369741558197
"0,0,1,NA,2,NA,NA,2,2",1,0.002358045651763818,97.90605546123373
"2,1,2,2,2,1,2,NA,0",1,0.002358045651763818,97.9084135068855
"0,2,NA,NA,2,NA,1,2,1",1,0.002358045651763818,97.91077155253726
"1,1,NA,0,2,NA,NA,1,NA",1,0.002358045651763818,97.91312959818902
"2,0,2,0,2,NA,2,0,0",1,0.002358045651763818,97.91548764384078
"NA,2,NA,2,1,2,NA,0,NA",1,0.002358045651763818,97.91784568949254
"1,2,2,2,NA,2,NA,2,NA",1,0.002358045651763818,97.92020373514431
"2,1,NA,0,NA,1,0,0,NA",1,0.002358045651763818,97.92256178079609
"NA,2,2,1,2,1,2,NA,2",1,0.002358045651763818,97.92491982644785
"1,NA,NA,NA,NA,1,NA,NA,2",1,0.002358045651763818,97.92727787209961
"0,0,NA,0,2,2,0,2,0",1,0.002358045651763818,97.92963591775137
"2,0,NA,2,1,NA,1,NA,NA",1,0.002358045651763818,97.93199396340313
"0,1,NA,2,1,0,0,NA,2",1,0.002358045651763818,97.93435200905489
"2,2,NA,2,2,NA,NA,1,0",1,0.002358045651763818,97.93671005470665
"0,NA,NA,0,0,2,2,NA,NA",1,0.002358045651763818,97.93906810035843
"NA,2,0,0,0,0,2,NA,NA",1,0.002358045651763818,97.94142614601019
"2,1,0,0,2,NA,0,0,NA",1,0.002358045651763818,97.94378419166195
"NA,1,NA,0,0,2,NA,0,NA",1,0.002358045651763818,97.94614223731372
"2,1,NA,1,1,NA,2,2,1",1,0.002358045651763818,97.94850028296548
"0,0,0,2,2,2,0,2,2",1,0.002358045651763818,97.95085832861724
"2,NA,NA,NA,2,2,1,NA,2",1,0.002358045651763818,97.953216374269
"NA,2,NA,2,1,NA,2,0,1",1,0.002358045651763818,97.95557441992077
"2,NA,2,2,1,2,NA,2,NA",1,0.002358045651763818,97.95793246557253
"0,0,2,2,NA,NA,2,2,1",1,0.002358045651763818,97.9602905112243
"0,0,NA,1,2,NA,NA,NA,NA",1,0.002358045651763818,97.96264855687606
"1,1,NA,2,1,NA,0,NA,NA",1,0.002358045651763818,97.96500660252782
"NA,NA,NA,2,0,NA,NA,0,2",1,0.002358045651763818,97.96736464817958
"2,1,0,NA,NA,0,2,2,2",1,0.002358045651763818,97.96972269383136
"0,NA,NA,NA,NA,1,0,NA,NA",1,0.002358045651763818,97.97208073948312
"NA,NA,NA,1,NA,2,2,NA,1",1,0.002358045651763818,97.97443878513488
"NA,2,NA,1,2,2,2,1,0",1,0.002358045651763818,97.97679683078664
"0,NA,NA,1,NA,2,2,NA,NA",1,0.002358045651763818,97.97915487643841
"NA,1,NA,NA,NA,NA,NA,NA,0",1,0.002358045651763818,97.98151292209018
"2,2,2,2,2,0,NA,2,0",1,0.002358045651763818,97.98387096774194
"2,0,NA,NA,1,NA,NA,1,0",1,0.002358045651763818,97.9862290133937
"NA,2,2,2,1,0,2,2,2",1,0.002358045651763818,97.98858705904546
"1,2,1,NA,NA,NA,2,2,NA",1,0.002358045651763818,97.99094510469722
"2,1,0,0,0,2,1,NA,NA",1,0.002358045651763818,97.99330315034899
"0,NA,2,NA,NA,NA,0,2,1",1,0.002358045651763818,97.99566119600075
"NA,NA,NA,0,0,2,1,0,NA",1,0.002358045651763818,97.99801924165253
"2,1,2,0,2,2,0,2,NA",1,0.002358045651763818,98.00037728730429
"NA,NA,1,NA,0,NA,NA,1,NA",1,0.002358045651763818,98.00273533295605
"0,2,NA,2,2,0,0,NA,0",1,0.002358045651763818,98.00509337860781
"0,0,NA,2,0,0,NA,NA,2",1,0.002358045651763818,98.00745142425957
"1,2,2,2,NA,0,0,0,NA",1,0.002358045651763818,98.00980946991133
"2,2,1,2,0,2,0,1,2",1,0.002358045651763818,98.01216751556309
"0,2,1,2,1,NA,0,2,1",1,0.002358045651763818,98.01452556121487
"2,1,1,2,1,2,2,2,1",1,0.002358045651763818,98.01688360686663
"1,1,NA,2,2,2,2,2,NA",1,0.002358045651763818,98.0192416525184
"NA,0,NA,NA,0,1,NA,NA,NA",1,0.002358045651763818,98.02159969817016
"2,1,2,1,1,1,2,NA,NA",1,0.002358045651763818,98.02395774382192
"2,2,NA,0,2,2,2,1,1",1,0.002358045651763818,98.02631578947368
"2,NA,1,NA,2,2,2,1,2",1,0.002358045651763818,98.02867383512545
"NA,NA,2,NA,2,0,2,NA,NA",1,0.002358045651763818,98.0310318807772
"NA,2,2,NA,0,0,2,2,1",1,0.002358045651763818,98.03338992642897
"2,2,2,1,2,0,1,2,NA",1,0.002358045651763818,98.03574797208074
"2,0,2,1,2,NA,1,NA,NA",1,0.002358045651763818,98.0381060177325
"NA,2,NA,NA,2,NA,1,1,NA",1,0.002358045651763818,98.04046406338426
"NA,1,2,2,2,2,NA,2,NA",1,0.002358045651763818,98.04282210903604
"2,NA,1,0,0,NA,2,0,NA",1,0.002358045651763818,98.0451801546878
"1,2,NA,0,2,NA,0,NA,NA",1,0.002358045651763818,98.04753820033956
"0,1,2,0,2,2,2,2,2",1,0.002358045651763818,98.04989624599132
"0,NA,NA,2,1,NA,NA,2,NA",1,0.002358045651763818,98.05225429164308
"1,1,2,0,2,NA,2,0,NA",1,0.002358045651763818,98.05461233729486
"0,NA,NA,NA,2,1,NA,1,NA",1,0.002358045651763818,98.05697038294662
"2,1,1,2,1,NA,2,2,1",1,0.002358045651763818,98.05932842859838
"NA,2,1,2,2,0,1,NA,NA",1,0.002358045651763818,98.06168647425014
"2,2,2,0,NA,1,1,2,2",1,0.002358045651763818,98.0640445199019
"1,1,2,2,NA,NA,2,0,NA",1,0.002358045651763818,98.06640256555367
"1,2,NA,0,0,NA,2,NA,NA",1,0.002358045651763818,98.06876061120543
"2,2,1,0,1,0,NA,2,2",1,0.002358045651763818,98.0711186568572
"2,0,2,NA,NA,NA,NA,0,1",1,0.002358045651763818,98.07347670250897
"2,2,2,0,0,2,0,1,2",1,0.002358045651763818,98.07583474816073
"2,2,0,0,2,2,2,0,NA",1,0.002358045651763818,98.07819279381249
"2,2,2,NA,0,NA,2,NA,NA",1,0.002358045651763818,98.08055083946425
"2,0,2,NA,NA,0,NA,2,NA",1,0.002358045651763818,98.08290888511601
"2,2,NA,NA,NA,0,0,2,0",1,0.002358045651763818,98.08526693076777
"2,2,0,2,2,0,0,1,2",1,0.002358045651763818,98.08762497641953
"1,2,0,2,2,0,2,1,NA",1,0.002358045651763818,98.08998302207131
"NA,NA,NA,1,2,1,2,2,2",1,0.002358045651763818,98.09234106772307
"2,NA,NA,1,2,NA,1,NA,1",1,0.002358045651763818,98.09469911337484
"NA,2,0,2,NA,NA,0,NA,NA",1,0.002358045651763818,98.0970571590266
"2,NA,NA,2,2,1,0,NA,NA",1,0.002358045651763818,98.09941520467837
"2,2,2,NA,0,NA,1,2,NA",1,0.002358045651763818,98.10177325033013
"0,2,2,2,2,2,NA,1,2",1,0.002358045651763818,98.10413129598189
"NA,2,NA,0,0,2,NA,2,2",1,0.002358045651763818,98.10648934163365
"0,0,2,2,0,0,2,2,2",1,0.002358045651763818,98.10884738728541
"0,0,NA,1,2,NA,2,2,NA",1,0.002358045651763818,98.11120543293718
"NA,NA,NA,NA,2,1,2,NA,0",1,0.002358045651763818,98.11356347858894
"2,1,0,2,0,1,0,NA,2",1,0.002358045651763818,98.11592152424072
"2,2,2,2,1,1,0,NA,NA",1,0.002358045651763818,98.11827956989248
"2,0,2,2,1,0,2,NA,2",1,0.002358045651763818,98.12063761554424
"1,2,2,1,2,NA,2,2,2",1,0.002358045651763818,98.122995661196
"0,NA,2,2,2,2,1,2,2",1,0.002358045651763818,98.12535370684776
"2,2,2,2,0,1,NA,NA,NA",1,0.002358045651763818,98.12771175249952
"NA,1,2,2,2,2,NA,1,NA",1,0.002358045651763818,98.13006979815128
"2,1,1,1,2,2,2,0,NA",1,0.002358045651763818,98.13242784380306
"0,NA,2,2,2,0,2,0,2",1,0.002358045651763818,98.13478588945482
"NA,1,NA,2,0,2,2,NA,NA",1,0.002358045651763818,98.13714393510658
"NA,NA,0,1,2,0,0,NA,NA",1,0.002358045651763818,98.13950198075835
"1,0,NA,0,0,2,NA,0,2",1,0.002358045651763818,98.14186002641011
"NA,2,2,2,1,2,2,1,0",1,0.002358045651763818,98.14421807206188
"NA,NA,NA,2,NA,NA,0,0,NA",1,0.002358045651763818,98.14657611771364
"0,NA,NA,NA,0,NA,1,NA,NA",1,0.002358045651763818,98.1489341633654
"NA,NA,NA,NA,2,NA,1,NA,2",1,0.002358045651763818,98.15129220901717
"1,2,1,1,2,NA,2,NA,1",1,0.002358045651763818,98.15365025466893
"NA,NA,0,0,0,0,1,NA,NA",1,0.002358045651763818,98.15600830032069
"0,2,2,2,1,NA,1,1,1",1,0.002358045651763818,98.15836634597245
"2,1,2,2,2,0,0,1,NA",1,0.002358045651763818,98.16072439162423
"0,0,NA,NA,NA,NA,0,NA,NA",1,0.002358045651763818,98.16308243727599
"0,NA,NA,2,NA,NA,2,NA,1",1,0.002358045651763818,98.16544048292775
"2,2,1,0,0,2,2,NA,NA",1,0.002358045651763818,98.16779852857951
"2,2,2,NA,1,NA,NA,1,NA",1,0.002358045651763818,98.17015657423129
"2,2,2,1,NA,2,1,2,2",1,0.002358045651763818,98.17251461988305
"2,2,NA,2,2,2,NA,0,1",1,0.002358045651763818,98.1748726655348
"NA,NA,0,2,2,1,2,NA,2",1,0.002358045651763818,98.17723071118657
"2,1,NA,0,2,NA,2,NA,2",1,0.002358045651763818,98.17958875683833
"2,NA,0,2,2,1,NA,NA,NA",1,0.002358045651763818,98.18194680249009
"0,2,1,2,2,2,2,1,NA",1,0.002358045651763818,98.18430484814186
"0,1,NA,2,2,NA,NA,2,2",1,0.002358045651763818,98.18666289379362
"2,2,1,NA,NA,2,2,2,NA",1,0.002358045651763818,98.1890209394454
"NA,NA,2,NA,NA,1,2,NA,2",1,0.002358045651763818,98.19137898509716
"NA,NA,NA,0,NA,0,2,NA,2",1,0.002358045651763818,98.19373703074892
"2,2,2,NA,NA,1,0,0,NA",1,0.002358045651763818,98.19609507640068
"1,2,2,1,2,1,2,1,1",1,0.002358045651763818,98.19845312205244
"NA,2,NA,2,1,0,0,NA,0",1,0.002358045651763818,98.2008111677042
"NA,2,0,0,0,NA,0,NA,NA",1,0.002358045651763818,98.20316921335596
"0,0,NA,NA,NA,NA,2,2,2",1,0.002358045651763818,98.20552725900772
"2,2,2,0,2,NA,1,2,2",1,0.002358045651763818,98.2078853046595
"2,2,0,NA,0,NA,NA,NA,NA",1,0.002358045651763818,98.21024335031126
"0,0,2,1,NA,0,NA,2,NA",1,0.002358045651763818,98.21260139596303
"NA,2,1,NA,NA,NA,2,2,2",1,0.002358045651763818,98.2149594416148
"1,2,2,2,1,NA,2,2,NA",1,0.002358045651763818,98.21731748726656
"NA,0,2,0,0,2,2,NA,NA",1,0.002358045651763818,98.21967553291832
"2,2,0,0,2,NA,0,NA,NA",1,0.002358045651763818,98.22203357857008
"2,0,NA,0,2,2,0,NA,1",1,0.002358045651763818,98.22439162422184
"NA,1,NA,NA,NA,NA,2,2,2",1,0.002358045651763818,98.22674966987361
"NA,2,NA,2,2,NA,1,2,2",1,0.002358045651763818,98.22910771552537
"0,1,1,0,1,0,NA,NA,NA",1,0.002358045651763818,98.23146576117713
"NA,0,NA,NA,1,NA,2,2,1",1,0.002358045651763818,98.2338238068289
"0,0,NA,1,2,NA,2,1,1",1,0.002358045651763818,98.23618185248067
"0,2,2,2,0,NA,0,NA,NA",1,0.002358045651763818,98.23853989813243
"2,1,2,1,1,NA,NA,NA,NA",1,0.002358045651763818,98.24089794378419
"2,NA,2,1,NA,NA,2,2,2",1,0.002358045651763818,98.24325598943595
"2,0,2,0,0,2,0,0,2",1,0.002358045651763818,98.24561403508771
"2,NA,NA,1,0,0,NA,NA,NA",1,0.002358045651763818,98.24797208073949
"1,0,NA,2,0,2,0,0,0",1,0.002358045651763818,98.25033012639125
"NA,0,2,2,2,0,NA,0,NA",1,0.002358045651763818,98.25268817204301
"NA,2,2,0,0,0,NA,1,NA",1,0.002358045651763818,98.25504621769477
"NA,0,2,2,2,1,2,2,0",1,0.002358045651763818,98.25740426334654
"NA,0,NA,1,2,NA,NA,NA,2",1,0.002358045651763818,98.2597623089983
"1,NA,NA,1,0,NA,0,0,2",1,0.002358045651763818,98.26212035465007
"2,2,1,2,2,0,0,NA,NA",1,0.002358045651763818,98.26447840030183
"0,2,NA,1,2,0,2,NA,1",1,0.002358045651763818,98.2668364459536
"2,2,1,2,2,1,0,0,2",1,0.002358045651763818,98.26919449160536
"2,2,0,2,0,2,2,2,NA",1,0.002358045651763818,98.27155253725712
"2,1,2,2,1,2,2,0,0",1,0.002358045651763818,98.27391058290888
"0,2,NA,0,2,NA,2,2,1",1,0.002358045651763818,98.27626862856064
"0,2,1,2,1,2,1,2,2",1,0.002358045651763818,98.2786266742124
"NA,2,0,2,2,NA,1,1,NA",1,0.002358045651763818,98.28098471986418
"2,2,0,2,1,1,0,2,2",1,0.002358045651763818,98.28334276551594
"2,2,2,0,2,1,2,2,1",1,0.002358045651763818,98.28570081116771
"1,NA,NA,2,2,NA,NA,2,NA",1,0.002358045651763818,98.28805885681948
"0,2,NA,NA,2,2,2,2,2",1,0.002358045651763818,98.29041690247124
"NA,2,NA,0,2,2,2,NA,2",1,0.002358045651763818,98.292774948123
"NA,2,NA,1,1,1,2,NA,NA",1,0.002358045651763818,98.29513299377476
"2,NA,1,1,2,NA,NA,NA,2",1,0.002358045651763818,98.29749103942652
"NA,2,1,1,2,2,2,NA,1",1,0.002358045651763818,98.29984908507828
"0,2,NA,1,2,0,2,NA,NA",1,0.002358045651763818,98.30220713073004
"2,2,0,0,0,2,2,NA,2",1,0.002358045651763818,98.30456517638181
"1,2,1,NA,2,2,2,NA,2",1,0.002358045651763818,98.30692322203359
"1,2,2,NA,NA,0,0,2,0",1,0.002358045651763818,98.30928126768535
"0,2,2,2,2,1,NA,NA,2",1,0.002358045651763818,98.31163931333711
"2,0,2,2,1,1,2,2,2",1,0.002358045651763818,98.31399735898887
"NA,2,NA,0,2,1,2,NA,NA",1,0.002358045651763818,98.31635540464063
"2,NA,2,2,2,2,2,0,NA",1,0.002358045651763818,98.31871345029239
"NA,NA,2,1,2,2,2,NA,2",1,0.002358045651763818,98.32107149594415
"2,0,NA,0,0,1,NA,0,NA",1,0.002358045651763818,98.32342954159593
"2,NA,0,2,NA,2,2,2,2",1,0.002358045651763818,98.32578758724769
"1,NA,2,1,1,2,2,2,NA",1,0.002358045651763818,98.32814563289945
"2,0,NA,NA,1,NA,1,NA,2",1,0.002358045651763818,98.33050367855122
"1,2,2,1,1,2,2,NA,1",1,0.002358045651763818,98.33286172420298
"2,NA,NA,2,0,2,2,2,2",1,0.002358045651763818,98.33521976985475
"2,1,2,0,2,NA,2,2,2",1,0.002358045651763818,98.3375778155065
"2,2,2,2,NA,2,0,2,NA",1,0.002358045651763818,98.33993586115827
"2,0,2,NA,0,NA,NA,2,NA",1,0.002358045651763818,98.34229390681004
"1,2,2,2,0,2,0,0,1",1,0.002358045651763818,98.3446519524618
"NA,NA,NA,0,NA,NA,1,NA,2",1,0.002358045651763818,98.34700999811356
"2,2,0,2,2,NA,2,NA,0",1,0.002358045651763818,98.34936804376532
"NA,1,0,NA,0,2,NA,0,NA",1,0.002358045651763818,98.35172608941708
"2,NA,0,NA,NA,0,0,2,2",1,0.002358045651763818,98.35408413506886
"2,2,2,NA,1,1,0,NA,2",1,0.002358045651763818,98.35644218072062
"0,0,NA,2,2,NA,2,1,NA",1,0.002358045651763818,98.35880022637238
"2,0,2,2,0,2,2,NA,2",1,0.002358045651763818,98.36115827202416
"NA,0,NA,0,2,0,NA,NA,NA",1,0.002358045651763818,98.36351631767592
"1,2,2,2,1,1,1,1,2",1,0.002358045651763818,98.36587436332768
"NA,2,1,2,1,2,2,2,1",1,0.002358045651763818,98.36823240897944
"2,2,NA,NA,NA,NA,2,1,NA",1,0.002358045651763818,98.3705904546312
"2,1,0,2,2,NA,1,2,NA",1,0.002358045651763818,98.37294850028296
"2,1,2,2,1,NA,1,NA,1",1,0.002358045651763818,98.37530654593472
"NA,1,NA,1,1,1,2,NA,1",1,0.002358045651763818,98.3776645915865
"2,NA,NA,NA,0,NA,1,1,NA",1,0.002358045651763818,98.38002263723826
"0,NA,NA,NA,NA,NA,NA,2,2",1,0.002358045651763818,98.38238068289003
"NA,NA,NA,2,2,1,NA,0,NA",1,0.002358045651763818,98.38473872854179
"0,NA,0,2,2,0,0,NA,NA",1,0.002358045651763818,98.38709677419355
"1,NA,2,2,0,2,2,2,0",1,0.002358045651763818,98.38945481984531
"1,2,NA,1,2,2,1,NA,NA",1,0.002358045651763818,98.39181286549707
"2,1,2,2,0,1,0,2,0",1,0.002358045651763818,98.39417091114883
"1,2,0,2,0,2,2,0,NA",1,0.002358045651763818,98.3965289568006
"0,0,2,1,1,2,2,NA,NA",1,0.002358045651763818,98.39888700245237
"0,2,2,NA,NA,2,NA,NA,NA",1,0.002358045651763818,98.40124504810413
"1,1,1,2,2,NA,2,2,2",1,0.002358045651763818,98.4036030937559
"1,0,NA,2,2,NA,NA,1,NA",1,0.002358045651763818,98.40596113940767
"0,2,2,2,0,2,1,NA,NA",1,0.002358045651763818,98.40831918505943
"2,1,2,0,0,NA,2,0,2",1,0.002358045651763818,98.41067723071119
"2,1,NA,1,2,NA,0,NA,NA",1,0.002358045651763818,98.41303527636295
"NA,1,NA,NA,NA,2,NA,2,NA",1,0.002358045651763818,98.41539332201471
"2,NA,NA,NA,0,2,2,NA,2",1,0.002358045651763818,98.41775136766647
"0,0,2,2,0,NA,NA,1,2",1,0.002358045651763818,98.42010941331824
"1,NA,NA,NA,1,2,2,0,2",1,0.002358045651763818,98.42246745897
"NA,2,NA,1,2,2,2,1,NA",1,0.002358045651763818,98.42482550462177
"NA,2,1,NA,0,0,1,2,NA",1,0.002358045651763818,98.42718355027354
"2,1,2,2,2,NA,NA,0,NA",1,0.002358045651763818,98.4295415959253
"2,2,NA,0,2,2,2,2,NA",1,0.002358045651763818,98.43189964157706
"0,2,NA,1,NA,NA,NA,NA,NA",1,0.002358045651763818,98.43425768722882
"NA,2,1,0,0,NA,NA,NA,NA",1,0.002358045651763818,98.43661573288058
"2,0,NA,2,2,1,2,NA,1",1,0.002358045651763818,98.43897377853236
"1,NA,2,2,0,1,NA,NA,NA",1,0.002358045651763818,98.44133182418412
"2,0,0,NA,NA,NA,2,2,1",1,0.002358045651763818,98.44368986983588
"0,2,1,NA,2,NA,2,NA,NA",1,0.002358045651763818,98.44604791548764
"2,1,NA,0,0,2,0,0,NA",1,0.002358045651763818,98.4484059611394
"0,1,0,2,0,2,NA,2,NA",1,0.002358045651763818,98.45076400679118
"2,2,2,2,1,2,0,NA,0",1,0.002358045651763818,98.45312205244294
"1,2,2,2,2,2,2,0,1",1,0.002358045651763818,98.4554800980947
"2,2,2,2,NA,NA,2,1,2",1,0.002358045651763818,98.45783814374647
"NA,2,2,2,0,2,2,NA,NA",1,0.002358045651763818,98.46019618939823
"2,2,0,NA,NA,0,2,NA,1",1,0.002358045651763818,98.46255423504999
"2,1,2,1,2,0,2,1,1",1,0.002358045651763818,98.46491228070175
"2,1,NA,2,2,NA,NA,2,1",1,0.002358045651763818,98.46727032635351
"1,NA,NA,1,2,1,1,NA,NA",1,0.002358045651763818,98.46962837200527
"2,0,NA,2,1,1,2,0,0",1,0.002358045651763818,98.47198641765704
"NA,0,NA,NA,NA,2,2,0,NA",1,0.002358045651763818,98.47434446330881
"NA,NA,NA,0,NA,1,NA,0,NA",1,0.002358045651763818,98.47670250896059
"0,0,2,2,0,1,2,NA,NA",1,0.002358045651763818,98.47906055461235
"0,2,NA,2,1,NA,1,NA,2",1,0.002358045651763818,98.4814186002641
"1,2,2,0,0,2,2,2,1",1,0.002358045651763818,98.48377664591587
"2,NA,0,1,1,NA,2,NA,2",1,0.002358045651763818,98.48613469156763
"NA,2,1,2,2,2,2,NA,NA",1,0.002358045651763818,98.48849273721939
"1,0,NA,2,2,2,NA,NA,NA",1,0.002358045651763818,98.49085078287115
"1,1,NA,NA,NA,NA,2,0,2",1,0.002358045651763818,98.49320882852291
"0,NA,NA,2,2,NA,0,2,NA",1,0.002358045651763818,98.49556687417468
"2,2,NA,2,1,0,2,NA,0",1,0.002358045651763818,98.49792491982645
"2,NA,2,2,2,NA,2,1,NA",1,0.002358045651763818,98.50028296547822
"NA,2,NA,0,NA,2,2,NA,NA",1,0.002358045651763818,98.50264101112998
"2,0,2,NA,2,2,2,NA,2",1,0.002358045651763818,98.50499905678174
"0,NA,NA,2,2,1,2,NA,2",1,0.002358045651763818,98.5073571024335
"1,0,NA,0,NA,1,NA,NA,NA",1,0.002358045651763818,98.50971514808526
"2,2,NA,NA,NA,2,2,1,1",1,0.002358045651763818,98.51207319373702
"2,2,2,0,0,2,2,1,2",1,0.002358045651763818,98.5144312393888
"NA,NA,1,NA,NA,2,2,1,0",1,0.002358045651763818,98.51678928504056
"1,1,2,0,0,NA,1,NA,NA",1,0.002358045651763818,98.51914733069232
"2,1,2,NA,NA,2,1,2,NA",1,0.002358045651763818,98.52150537634408
"NA,1,NA,0,0,2,2,2,0",1,0.002358045651763818,98.52386342199586
"2,2,0,2,2,2,1,2,NA",1,0.002358045651763818,98.52622146764762
"2,1,2,NA,NA,1,2,2,NA",1,0.002358045651763818,98.52857951329938
"NA,2,NA,0,NA,0,0,NA,NA",1,0.002358045651763818,98.53093755895114
"2,0,NA,2,1,0,2,NA,NA",1,0.002358045651763818,98.5332956046029
"NA,2,2,2,2,1,1,2,NA",1,0.002358045651763818,98.53565365025467
"2,2,2,0,2,0,2,NA,NA",1,0.002358045651763818,98.53801169590643
"1,2,NA,NA,2,2,2,NA,2",1,0.002358045651763818,98.5403697415582
"1,2,2,2,2,0,2,NA,1",1,0.002358045651763818,98.54272778720996
"0,2,NA,0,2,NA,NA,2,NA",1,0.002358045651763818,98.54508583286173
"NA,NA,2,2,0,2,NA,2,0",1,0.002358045651763818,98.54744387851349
"0,2,0,NA,2,NA,NA,2,NA",1,0.002358045651763818,98.54980192416525
"NA,0,1,2,0,2,0,NA,NA",1,0.002358045651763818,98.55215996981701
"1,1,2,0,2,0,NA,2,2",1,0.002358045651763818,98.55451801546879
"0,2,2,NA,NA,NA,NA,2,2",1,0.002358045651763818,98.55687606112055
"2,2,1,2,1,NA,1,NA,2",1,0.002358045651763818,98.55923410677231
"0,NA,NA,0,2,2,0,NA,NA",1,0.002358045651763818,98.56159215242407
"0,2,1,2,2,1,2,1,1",1,0.002358045651763818,98.56395019807583
"0,2,NA,2,1,1,0,NA,0",1,0.002358045651763818,98.56630824372759
"NA,NA,NA,NA,0,1,0,NA,2",1,0.002358045651763818,98.56866628937937
"0,NA,NA,0,NA,0,2,NA,NA",1,0.002358045651763818,98.57102433503113
"0,NA,0,2,2,2,2,NA,0",1,0.002358045651763818,98.5733823806829
"2,2,NA,0,NA,0,2,1,1",1,0.002358045651763818,98.57574042633466
"2,0,0,2,2,2,0,NA,NA",1,0.002358045651763818,98.57809847198642
"2,NA,NA,1,1,0,2,NA,NA",1,0.002358045651763818,98.58045651763818
"1,NA,NA,NA,1,NA,1,NA,2",1,0.002358045651763818,98.58281456328994
"0,2,2,2,2,NA,2,2,NA",1,0.002358045651763818,98.5851726089417
"2,2,0,2,2,0,NA,NA,2",1,0.002358045651763818,98.58753065459346
"2,2,2,NA,2,NA,NA,NA,0",1,0.002358045651763818,98.58988870024523
"2,2,2,NA,2,NA,2,0,1",1,0.002358045651763818,98.592246745897
"1,NA,NA,2,0,NA,2,2,NA",1,0.002358045651763818,98.59460479154876
"0,2,2,2,2,NA,0,NA,NA",1,0.002358045651763818,98.59696283720054
"NA,1,2,NA,NA,0,2,NA,NA",1,0.002358045651763818,98.5993208828523
"2,2,NA,NA,1,1,2,1,NA",1,0.002358045651763818,98.60167892850406
"NA,2,2,0,0,2,2,0,2",1,0.002358045651763818,98.60403697415582
"1,1,NA,0,2,NA,0,2,0",1,0.002358045651763818,98.60639501980758
"NA,0,2,0,0,NA,0,NA,NA",1,0.002358045651763818,98.60875306545934
"0,2,NA,NA,0,NA,2,2,0",1,0.002358045651763818,98.61111111111111
"1,1,NA,2,2,NA,2,2,0",1,0.002358045651763818,98.61346915676287
"NA,NA,1,NA,NA,NA,1,2,NA",1,0.002358045651763818,98.61582720241464
"1,2,2,2,2,2,NA,NA,0",1,0.002358045651763818,98.6181852480664
"1,2,NA,2,2,NA,0,NA,2",1,0.002358045651763818,98.62054329371817
"0,0,NA,1,2,0,2,0,NA",1,0.002358045651763818,98.62290133936993
"0,2,2,NA,1,NA,NA,NA,2",1,0.002358045651763818,98.62525938502169
"1,0,NA,2,1,2,2,NA,0",1,0.002358045651763818,98.62761743067345
"2,0,2,2,1,2,2,1,0",1,0.002358045651763818,98.62997547632523
"1,2,0,2,2,1,1,NA,2",1,0.002358045651763818,98.63233352197699
"1,NA,NA,2,2,1,2,NA,0",1,0.002358045651763818,98.63469156762875
"2,0,2,NA,NA,NA,0,2,2",1,0.002358045651763818,98.63704961328051
"NA,NA,1,0,NA,2,2,2,1",1,0.002358045651763818,98.63940765893227
"0,2,NA,1,0,NA,2,NA,2",1,0.002358045651763818,98.64176570458405
"2,NA,NA,1,1,NA,2,2,2",1,0.002358045651763818,98.6441237502358
"1,0,0,2,2,0,2,NA,NA",1,0.002358045651763818,98.64648179588757
"0,NA,NA,0,NA,2,2,NA,0",1,0.002358045651763818,98.64883984153934
"2,2,0,2,2,0,2,1,NA",1,0.002358045651763818,98.6511978871911
"1,1,0,0,2,NA,2,2,NA",1,0.002358045651763818,98.65355593284286
"0,2,NA,0,2,NA,2,NA,2",1,0.002358045651763818,98.65591397849462
"1,2,0,2,2,2,0,2,1",1,0.002358045651763818,98.65827202414638
"0,NA,NA,NA,NA,NA,0,2,2",1,0.002358045651763818,98.66063006979815
"2,2,2,0,0,NA,0,2,0",1,0.002358045651763818,98.6629881154499
"2,1,NA,0,2,2,0,0,0",1,0.002358045651763818,98.66534616110168
"1,2,2,0,2,2,2,0,2",1,0.002358045651763818,98.66770420675344
"2,NA,2,2,1,0,NA,NA,NA",1,0.002358045651763818,98.67006225240522
"1,NA,NA,2,1,NA,2,NA,NA",1,0.002358045651763818,98.67242029805698
"2,2,2,2,1,0,0,2,NA",1,0.002358045651763818,98.67477834370874
"NA,2,NA,2,1,NA,1,2,NA",1,0.002358045651763818,98.6771363893605
"NA,0,0,2,2,0,NA,NA,NA",1,0.002358045651763818,98.67949443501226
"0,NA,NA,2,2,2,NA,2,NA",1,0.002358045651763818,98.68185248066402
"NA,NA,NA,2,2,NA,0,0,1",1,0.002358045651763818,98.68421052631578
"1,NA,2,2,2,0,2,NA,NA",1,0.002358045651763818,98.68656857196754
"0,1,1,1,2,NA,2,2,NA",1,0.002358045651763818,98.68892661761932
"0,0,2,1,NA,NA,2,2,2",1,0.002358045651763818,98.69128466327109
"1,2,2,0,0,2,0,NA,0",1,0.002358045651763818,98.69364270892285
"0,0,NA,2,2,0,1,NA,2",1,0.002358045651763818,98.69600075457461
"1,NA,1,2,2,0,NA,NA,NA",1,0.002358045651763818,98.69835880022637
"1,2,0,2,2,2,2,0,1",1,0.002358045651763818,98.70071684587813
"1,0,2,1,2,2,2,NA,2",1,0.002358045651763818,98.7030748915299
"0,NA,NA,1,1,2,NA,NA,NA",1,0.002358045651763818,98.70543293718166
"0,2,2,NA,1,NA,NA,2,NA",1,0.002358045651763818,98.70779098283343
"2,0,NA,0,2,0,NA,NA,NA",1,0.002358045651763818,98.71014902848519
"0,2,2,2,1,NA,1,NA,1",1,0.002358045651763818,98.71250707413695
"2,0,0,2,2,NA,2,2,2",1,0.002358045651763818,98.71486511978873
"1,1,0,0,0,2,NA,NA,NA",1,0.002358045651763818,98.71722316544049
"2,2,NA,0,0,NA,2,0,NA",1,0.002358045651763818,98.71958121109225
"1,1,2,NA,NA,NA,NA,0,NA",1,0.002358045651763818,98.72193925674401
"1,NA,2,1,1,2,2,2,2",1,0.002358045651763818,98.72429730239577
"NA,NA,0,2,2,2,0,NA,0",1,0.002358045651763818,98.72665534804754
"1,NA,NA,NA,0,1,NA,NA,NA",1,0.002358045651763818,98.7290133936993
"1,2,1,2,0,2,2,NA,2",1,0.002358045651763818,98.73137143935107
"2,1,0,NA,NA,NA,0,2,2",1,0.002358045651763818,98.73372948500283
"2,NA,2,2,1,2,2,2,1",1,0.002358045651763818,98.73608753065459
"0,2,1,0,0,0,2,NA,NA",1,0.002358045651763818,98.73844557630636
"2,1,2,2,0,NA,NA,NA,NA",1,0.002358045651763818,98.74080362195812
"NA,1,NA,2,2,2,1,1,NA",1,0.002358045651763818,98.74316166760988
"0,NA,2,NA,1,0,1,2,NA",1,0.002358045651763818,98.74551971326166
"0,1,2,2,1,2,2,2,1",1,0.002358045651763818,98.74787775891342
"0,2,2,0,0,NA,0,2,2",1,0.002358045651763818,98.75023580456518
"0,2,2,2,2,2,NA,NA,1",1,0.002358045651763818,98.75259385021694
"NA,1,0,2,2,2,2,2,NA",1,0.002358045651763818,98.7549518958687
"2,0,NA,2,2,0,2,NA,0",1,0.002358045651763818,98.75730994152046
"0,2,0,2,2,2,1,1,2",1,0.002358045651763818,98.75966798717222
"NA,NA,NA,NA,NA,NA,1,1,1",1,0.002358045651763818,98.762026032824
"1,2,2,2,0,2,2,NA,NA",1,0.002358045651763818,98.76438407847576
"2,2,2,NA,NA,NA,0,0,0",1,0.002358045651763818,98.76674212412753
"2,2,2,NA,1,0,NA,2,NA",1,0.002358045651763818,98.76910016977929
"1,2,0,0,0,NA,NA,NA,NA",1,0.002358045651763818,98.77145821543105
"NA,NA,NA,2,2,NA,NA,NA,0",1,0.002358045651763818,98.77381626108281
"2,2,1,1,1,NA,2,NA,NA",1,0.002358045651763818,98.77617430673457
"0,1,NA,0,2,2,NA,NA,NA",1,0.002358045651763818,98.77853235238634
"0,NA,NA,1,NA,0,2,NA,2",1,0.002358045651763818,98.7808903980381
"2,1,NA,0,0,NA,0,NA,2",1,0.002358045651763818,98.78324844368987
"NA,0,2,2,1,0,NA,2,NA",1,0.002358045651763818,98.78560648934163
"2,NA,NA,2,1,1,1,NA,1",1,0.002358045651763818,98.7879645349934
"2,0,1,1,2,NA,2,2,NA",1,0.002358045651763818,98.79032258064517
"2,2,2,1,2,NA,NA,2,1",1,0.002358045651763818,98.79268062629693
"2,NA,NA,1,2,NA,2,NA,2",1,0.002358045651763818,98.79503867194869
"0,0,NA,NA,2,NA,0,NA,NA",1,0.002358045651763818,98.79739671760045
"2,NA,1,2,2,NA,1,2,1",1,0.002358045651763818,98.79975476325221
"NA,NA,2,2,0,NA,NA,NA,NA",1,0.002358045651763818,98.80211280890398
"2,2,0,NA,0,0,2,2,2",1,0.002358045651763818,98.80447085455575
"2,2,NA,0,0,1,NA,NA,NA",1,0.002358045651763818,98.8068289002075
"NA,0,NA,1,0,1,2,NA,NA",1,0.002358045651763818,98.80918694585927
"1,1,0,2,2,NA,2,0,2",1,0.002358045651763818,98.81154499151104
"0,2,0,2,0,2,2,2,NA",1,0.002358045651763818,98.8139030371628
"NA,1,NA,2,1,2,2,NA,2",1,0.002358045651763818,98.81626108281456
"1,1,NA,NA,2,NA,NA,NA,NA",1,0.002358045651763818,98.81861912846632
"0,2,2,2,0,2,2,NA,2",1,0.002358045651763818,98.8209771741181
"2,1,NA,0,2,NA,2,NA,0",1,0.002358045651763818,98.82333521976986
"NA,1,NA,0,2,2,0,NA,NA",1,0.002358045651763818,98.82569326542162
"2,1,1,0,0,0,0,2,NA",1,0.002358045651763818,98.82805131107338
"2,NA,2,NA,NA,NA,1,2,NA",1,0.002358045651763818,98.83040935672514
"2,2,1,NA,1,NA,2,2,2",1,0.002358045651763818,98.8327674023769
"2,2,0,NA,NA,0,2,2,2",1,0.002358045651763818,98.83512544802868
"0,2,2,NA,0,1,2,1,2",1,0.002358045651763818,98.83748349368044
"2,2,0,1,1,0,NA,NA,NA",1,0.002358045651763818,98.8398415393322
"0,0,NA,1,2,NA,1,NA,NA",1,0.002358045651763818,98.84219958498397
"2,1,2,0,2,0,NA,2,NA",1,0.002358045651763818,98.84455763063573
"2,2,2,2,1,0,2,NA,1",1,0.002358045651763818,98.8469156762875
"1,2,0,0,0,NA,2,2,2",1,0.002358045651763818,98.84927372193926
"NA,0,2,2,2,NA,2,2,1",1,0.002358045651763818,98.85163176759102
"NA,NA,0,NA,NA,1,0,0,NA",1,0.002358045651763818,98.85398981324278
"2,2,NA,1,1,2,2,2,1",1,0.002358045651763818,98.85634785889454
"2,2,2,0,0,1,2,2,2",1,0.002358045651763818,98.85870590454631
"NA,1,NA,NA,NA,1,1,NA,1",1,0.002358045651763818,98.86106395019809
"2,0,1,2,2,NA,1,NA,2",1,0.002358045651763818,98.86342199584985
"2,2,NA,NA,2,1,2,NA,NA",1,0.002358045651763818,98.86578004150161
"2,2,1,2,1,2,2,1,NA",1,0.002358045651763818,98.86813808715337
"2,NA,NA,2,0,0,NA,1,NA",1,0.002358045651763818,98.87049613280513
"2,0,NA,NA,NA,NA,1,2,NA",1,0.002358045651763818,98.87285417845689
"2,1,NA,NA,2,2,2,2,0",1,0.002358045651763818,98.87521222410865
"0,0,2,NA,1,NA,2,2,1",1,0.002358045651763818,98.87757026976041
"0,1,NA,2,0,2,0,NA,0",1,0.002358045651763818,98.87992831541219
"NA,1,1,0,NA,NA,NA,NA,NA",1,0.002358045651763818,98.88228636106395
"2,1,NA,1,1,2,1,NA,NA",1,0.002358045651763818,98.88464440671572
"1,1,0,0,0,2,2,2,NA",1,0.002358045651763818,98.88700245236748
"2,1,NA,2,0,2,2,NA,1",1,0.002358045651763818,98.88936049801924
"NA,2,2,2,NA,2,1,2,1",1,0.002358045651763818,98.891718543671
"NA,NA,NA,2,0,NA,2,2,NA",1,0.002358045651763818,98.89407658932276
"2,1,2,2,0,2,0,NA,2",1,0.002358045651763818,98.89643463497453
"1,NA,NA,NA,NA,2,NA,NA,1",1,0.002358045651763818,98.8987926806263
"1,NA,NA,2,NA,0,NA,2,NA",1,0.002358045651763818,98.90115072627806
"1,2,1,0,0,2,2,1,2",1,0.002358045651763818,98.90350877192982
"NA,2,NA,NA,2,0,1,NA,2",1,0.002358045651763818,98.90586681758158
"2,2,1,NA,0,0,0,2,NA",1,0.002358045651763818,98.90822486323336
"0,2,2,NA,NA,0,2,NA,2",1,0.002358045651763818,98.91058290888512
"1,2,NA,0,0,2,0,0,0",1,0.002358045651763818,98.91294095453688
"0,1,NA,0,2,NA,0,NA,NA",1,0.002358045651763818,98.91529900018864
"NA,1,2,2,2,NA,0,NA,1",1,0.002358045651763818,98.91765704584041
"0,2,1,1,1,NA,1,2,NA",1,0.002358045651763818,98.92001509149217
"1,2,2,2,2,2,NA,1,1",1,0.002358045651763818,98.92237313714394
"0,NA,NA,2,2,NA,0,NA,1",1,0.002358045651763818,98.9247311827957
"2,2,0,0,2,NA,2,0,1",1,0.002358045651763818,98.92708922844746
"2,0,1,2,2,0,NA,NA,2",1,0.002358045651763818,98.92944727409923
"NA,2,0,0,0,NA,NA,0,NA",1,0.002358045651763818,98.93180531975099
"2,NA,2,2,2,NA,2,0,2",1,0.002358045651763818,98.93416336540275
"NA,2,2,NA,2,2,NA,1,NA",1,0.002358045651763818,98.93652141105453
"0,NA,0,2,0,2,2,NA,2",1,0.002358045651763818,98.93887945670629
"1,2,2,1,1,2,1,2,NA",1,0.002358045651763818,98.94123750235805
"2,1,2,2,1,NA,2,2,NA",1,0.002358045651763818,98.94359554800981
"2,0,0,NA,NA,0,2,NA,2",1,0.002358045651763818,98.94595359366157
"1,2,2,2,2,NA,2,NA,1",1,0.002358045651763818,98.94831163931333
"NA,2,2,2,2,1,NA,2,NA",1,0.002358045651763818,98.95066968496509
"2,2,0,NA,NA,NA,NA,1,2",1,0.002358045651763818,98.95302773061687
"2,1,1,NA,NA,NA,NA,0,NA",1,0.002358045651763818,98.95538577626863
"2,2,2,1,1,2,2,1,NA",1,0.002358045651763818,98.9577438219204
"1,2,2,2,NA,2,2,NA,NA",1,0.002358045651763818,98.96010186757216
"2,0,NA,0,1,0,NA,2,NA",1,0.002358045651763818,98.96245991322392
"2,0,NA,2,1,NA,NA,2,1",1,0.002358045651763818,98.96481795887568
"1,2,1,NA,0,2,2,NA,NA",1,0.002358045651763818,98.96717600452745
"0,NA,NA,0,2,NA,NA,2,NA",1,0.002358045651763818,98.9695340501792
"NA,1,2,1,1,2,2,2,NA",1,0.002358045651763818,98.97189209583097
"NA,2,NA,NA,NA,0,0,NA,1",1,0.002358045651763818,98.97425014148273
"2,2,2,NA,1,1,2,2,NA",1,0.002358045651763818,98.9766081871345
"0,NA,NA,NA,NA,NA,NA,0,0",1,0.002358045651763818,98.97896623278626
"1,NA,0,2,2,2,2,1,2",1,0.002358045651763818,98.98132427843804
"NA,2,1,NA,NA,0,NA,NA,NA",1,0.002358045651763818,98.9836823240898
"2,2,2,NA,1,1,2,0,1",1,0.002358045651763818,98.98604036974156
"NA,2,NA,1,2,NA,1,0,2",1,0.002358045651763818,98.98839841539332
"1,2,0,NA,2,1,1,2,2",1,0.002358045651763818,98.99075646104508
"NA,2,NA,1,2,1,2,NA,0",1,0.002358045651763818,98.99311450669684
"0,NA,1,2,1,2,2,NA,1",1,0.002358045651763818,98.99547255234862
"NA,2,NA,2,0,NA,NA,2,NA",1,0.002358045651763818,98.99783059800038
"2,NA,NA,0,0,NA,0,NA,NA",1,0.002358045651763818,99.00018864365214
"2,NA,NA,1,2,NA,1,1,NA",1,0.002358045651763818,99.0025466893039
"NA,2,1,0,2,NA,2,1,NA",1,0.002358045651763818,99.00490473495567
"2,1,2,2,2,2,0,0,0",1,0.002358045651763818,99.00726278060743
"NA,2,NA,2,1,1,2,2,1",1,0.002358045651763818,99.0096208262592
"1,2,1,2,1,2,1,NA,2",1,0.002358045651763818,99.01197887191096
"1,1,2,2,2,1,2,0,NA",1,0.002358045651763818,99.01433691756273
"2,2,1,0,2,1,NA,2,0",1,0.002358045651763818,99.01669496321449
"2,2,1,2,2,1,1,2,2",1,0.002358045651763818,99.01905300886625
"0,NA,1,2,1,2,2,1,NA",1,0.002358045651763818,99.02141105451801
"0,2,0,2,0,2,0,0,NA",1,0.002358045651763818,99.02376910016977
"1,0,2,NA,NA,NA,2,2,2",1,0.002358045651763818,99.02612714582155
"1,2,NA,0,0,2,NA,NA,0",1,0.002358045651763818,99.02848519147331
"NA,1,1,1,1,2,1,NA,2",1,0.002358045651763818,99.03084323712507
"2,1,NA,0,2,0,NA,2,NA",1,0.002358045651763818,99.03320128277684
"NA,1,NA,NA,0,2,0,NA,NA",1,0.002358045651763818,99.0355593284286
"2,0,NA,1,NA,NA,NA,NA,1",1,0.002358045651763818,99.03791737408037
"NA,0,2,0,2,0,1,NA,NA",1,0.002358045651763818,99.04027541973213
"2,2,2,2,2,NA,1,1,2",1,0.002358045651763818,99.04263346538389
"0,NA,1,NA,NA,NA,2,2,1",1,0.002358045651763818,99.04499151103565
"0,1,2,2,2,2,1,NA,1",1,0.002358045651763818,99.04734955668741
"2,NA,NA,0,2,NA,2,NA,2",1,0.002358045651763818,99.04970760233918
"NA,2,2,NA,2,0,NA,0,NA",1,0.002358045651763818,99.05206564799094
"NA,NA,1,NA,NA,NA,NA,NA,1",1,0.002358045651763818,99.05442369364272
"NA,2,0,2,NA,NA,NA,NA,NA",1,0.002358045651763818,99.05678173929448
"0,2,2,1,2,0,2,0,NA",1,0.002358045651763818,99.05913978494624
"2,2,NA,2,NA,0,NA,NA,NA",1,0.002358045651763818,99.061497830598
"2,1,1,NA,NA,2,2,2,1",1,0.002358045651763818,99.06385587624976
"1,NA,1,1,2,NA,2,0,NA",1,0.002358045651763818,99.06621392190152
"2,2,2,2,2,1,1,1,1",1,0.002358045651763818,99.06857196755328
"1,NA,2,2,1,NA,2,NA,NA",1,0.002358045651763818,99.07093001320506
"0,2,2,1,0,2,2,2,2",1,0.002358045651763818,99.07328805885682
"NA,NA,NA,NA,NA,0,0,0,NA",1,0.002358045651763818,99.07564610450859
"NA,2,1,2,1,NA,0,1,NA",1,0.002358045651763818,99.07800415016035
"1,NA,2,2,2,1,2,NA,NA",1,0.002358045651763818,99.08036219581211
"NA,NA,NA,2,0,2,2,NA,0",1,0.002358045651763818,99.08272024146387
"2,1,2,0,0,0,0,2,2",1,0.002358045651763818,99.08507828711564
"2,NA,2,0,NA,2,NA,NA,NA",1,0.002358045651763818,99.0874363327674
"NA,NA,NA,0,0,0,0,NA,0",1,0.002358045651763818,99.08979437841917
"NA,1,NA,NA,NA,NA,2,2,0",1,0.002358045651763818,99.09215242407093
"NA,NA,NA,2,1,2,2,0,NA",1,0.002358045651763818,99.09451046972269
"2,NA,2,0,NA,NA,0,NA,NA",1,0.002358045651763818,99.09686851537445
"0,2,0,2,0,2,NA,2,2",1,0.002358045651763818,99.09922656102623
"2,1,NA,0,NA,0,NA,NA,NA",1,0.002358045651763818,99.10158460667799
"0,NA,NA,NA,2,0,NA,NA,1",1,0.002358045651763818,99.10394265232975
"NA,2,NA,2,2,2,1,NA,0",1,0.002358045651763818,99.10630069798151
"2,0,NA,2,NA,0,NA,NA,NA",1,0.002358045651763818,99.10865874363328
"0,2,1,1,1,2,1,1,2",1,0.002358045651763818,99.11101678928505
"2,0,2,0,1,NA,NA,NA,NA",1,0.002358045651763818,99.1133748349368
"NA,NA,0,NA,0,NA,NA,NA,NA",1,0.002358045651763818,99.11573288058857
"2,0,0,2,0,2,2,0,NA",1,0.002358045651763818,99.11809092624033
"1,2,1,NA,NA,NA,NA,NA,NA",1,0.002358045651763818,99.12044897189209
"1,1,2,2,2,NA,0,0,2",1,0.002358045651763818,99.12280701754386
"2,2,NA,NA,1,NA,1,1,NA",1,0.002358045651763818,99.12516506319562
"NA,2,2,NA,NA,0,1,2,NA",1,0.002358045651763818,99.12752310884738
"2,NA,2,2,1,1,NA,NA,NA",1,0.002358045651763818,99.12988115449916
"2,2,NA,1,2,NA,2,0,1",1,0.002358045651763818,99.13223920015092
"2,1,NA,0,0,NA,NA,NA,1",1,0.002358045651763818,99.13459724580268
"2,0,2,2,0,2,0,2,2",1,0.002358045651763818,99.13695529145444
"2,NA,0,2,2,NA,0,NA,1",1,0.002358045651763818,99.1393133371062
"NA,NA,NA,2,NA,0,NA,2,NA",1,0.002358045651763818,99.14167138275796
"0,2,1,0,2,2,NA,NA,1",1,0.002358045651763818,99.14402942840972
"NA,1,1,NA,NA,0,1,NA,NA",1,0.002358045651763818,99.1463874740615
"2,2,1,2,0,NA,0,NA,0",1,0.002358045651763818,99.14874551971326
"2,1,2,2,2,2,0,1,2",1,0.002358045651763818,99.15110356536503
"1,2,NA,2,2,NA,2,1,2",1,0.002358045651763818,99.1534616110168
"2,2,1,NA,1,1,2,NA,2",1,0.002358045651763818,99.15581965666856
"NA,NA,NA,NA,1,NA,2,NA,2",1,0.002358045651763818,99.15817770232032
"2,NA,2,2,0,2,2,2,2",1,0.002358045651763818,99.16053574797208
"NA,2,NA,NA,NA,0,1,NA,1",1,0.002358045651763818,99.16289379362384
"2,0,1,2,2,2,2,0,1",1,0.002358045651763818,99.1652518392756
"1,NA,NA,NA,NA,0,1,NA,NA",1,0.002358045651763818,99.16760988492737
"NA,2,NA,1,1,NA,1,NA,1",1,0.002358045651763818,99.16996793057913
"1,2,1,1,1,2,2,2,2",1,0.002358045651763818,99.17232597623091
"2,2,2,NA,1,NA,2,NA,NA",1,0.002358045651763818,99.17468402188267
"2,1,0,2,2,0,2,2,1",1,0.002358045651763818,99.17704206753443
"2,1,NA,NA,NA,NA,1,2,NA",1,0.002358045651763818,99.17940011318619
"NA,0,1,2,2,0,1,NA,NA",1,0.002358045651763818,99.18175815883795
"0,2,NA,NA,NA,NA,NA,2,1",1,0.002358045651763818,99.18411620448971
"2,NA,1,2,1,2,2,2,2",1,0.002358045651763818,99.18647425014149
"0,2,2,2,2,NA,2,1,0",1,0.002358045651763818,99.18883229579325
"NA,NA,NA,1,2,NA,0,NA,2",1,0.002358045651763818,99.19119034144501
"2,0,2,NA,2,NA,1,2,2",1,0.002358045651763818,99.19354838709677
"0,2,NA,NA,2,2,1,NA,1",1,0.002358045651763818,99.19590643274854
"NA,NA,2,2,1,1,2,NA,2",1,0.002358045651763818,99.1982644784003
"2,NA,2,NA,NA,NA,2,1,1",1,0.002358045651763818,99.20062252405206
"1,2,2,2,1,2,1,2,1",1,0.002358045651763818,99.20298056970383
"0,1,NA,0,2,NA,2,0,2",1,0.002358045651763818,99.2053386153556
"2,2,NA,NA,1,NA,NA,1,1",1,0.002358045651763818,99.20769666100736
"NA,1,NA,1,2,2,2,NA,1",1,0.002358045651763818,99.21005470665912
"NA,0,1,NA,NA,NA,NA,1,NA",1,0.002358045651763818,99.21241275231088
"2,1,2,NA,1,2,2,2,NA",1,0.002358045651763818,99.21477079796264
"2,2,NA,0,2,NA,NA,2,NA",1,0.002358045651763818,99.2171288436144
"NA,1,1,NA,NA,NA,0,1,NA",1,0.002358045651763818,99.21948688926618
"NA,2,2,1,1,2,2,2,0",1,0.002358045651763818,99.22184493491794
"NA,NA,NA,2,0,2,NA,0,NA",1,0.002358045651763818,99.22420298056971
"0,0,0,2,1,2,2,2,1",1,0.002358045651763818,99.22656102622148
"2,2,NA,2,1,2,0,NA,NA",1,0.002358045651763818,99.22891907187324
"2,0,2,2,2,NA,2,NA,1",1,0.002358045651763818,99.231277117525
"2,0,2,2,2,1,2,NA,NA",1,0.002358045651763818,99.23363516317676
"2,NA,NA,NA,NA,NA,NA,1,1",1,0.002358045651763818,99.23599320882852
"1,1,2,0,0,2,1,NA,NA",1,0.002358045651763818,99.23835125448028
"NA,2,1,NA,NA,0,2,2,1",1,0.002358045651763818,99.24070930013204
"NA,1,NA,2,0,2,0,NA,2",1,0.002358045651763818,99.24306734578381
"0,0,2,2,2,NA,2,2,NA",1,0.002358045651763818,99.24542539143559
"2,2,2,0,2,2,NA,NA,NA",1,0.002358045651763818,99.24778343708735
"NA,1,NA,2,2,NA,2,NA,1",1,0.002358045651763818,99.25014148273911
"NA,NA,NA,2,2,NA,1,NA,0",1,0.002358045651763818,99.25249952839087
"NA,1,1,0,2,NA,2,2,NA",1,0.002358045651763818,99.25485757404263
"2,NA,1,2,2,2,2,2,NA",1,0.002358045651763818,99.25721561969439
"2,2,1,2,2,NA,2,2,0",1,0.002358045651763818,99.25957366534615
"0,2,2,2,2,0,NA,2,2",1,0.002358045651763818,99.26193171099793
"1,NA,0,NA,2,0,NA,NA,NA",1,0.002358045651763818,99.26428975664969
"2,2,0,0,0,NA,0,NA,NA",1,0.002358045651763818,99.26664780230145
"0,2,2,NA,NA,NA,NA,0,NA",1,0.002358045651763818,99.26900584795322
"2,2,NA,NA,1,2,2,NA,NA",1,0.002358045651763818,99.27136389360498
"2,2,0,0,2,2,NA,0,0",1,0.002358045651763818,99.27372193925675
"2,NA,0,2,2,2,0,NA,NA",1,0.002358045651763818,99.2760799849085
"NA,NA,NA,2,2,1,2,2,2",1,0.002358045651763818,99.27843803056027
"1,2,NA,2,2,2,2,1,NA",1,0.002358045651763818,99.28079607621203
"NA,2,1,2,2,1,NA,NA,2",1,0.002358045651763818,99.2831541218638
"NA,2,0,NA,2,NA,NA,1,NA",1,0.002358045651763818,99.28551216751556
"0,2,0,NA,NA,2,2,NA,NA",1,0.002358045651763818,99.28787021316732
"2,2,1,2,1,NA,1,2,2",1,0.002358045651763818,99.29022825881908
"NA,0,NA,2,2,1,2,NA,1",1,0.002358045651763818,99.29258630447086
"1,2,NA,1,2,1,1,2,2",1,0.002358045651763818,99.29494435012262
"NA,NA,NA,1,1,1,1,NA,2",1,0.002358045651763818,99.29730239577438
"2,2,2,0,0,1,2,0,0",1,0.002358045651763818,99.29966044142614
"2,1,0,2,1,0,2,NA,0",1,0.002358045651763818,99.30201848707792
"2,2,0,NA,2,NA,NA,2,2",1,0.002358045651763818,99.30437653272968
"1,2,NA,NA,NA,0,2,NA,NA",1,0.002358045651763818,99.30673457838144
"2,2,1,2,2,1,0,2,2",1,0.002358045651763818,99.3090926240332
"NA,NA,1,NA,NA,2,NA,NA,NA",1,0.002358045651763818,99.31145066968496
"2,2,2,1,1,0,1,2,1",1,0.002358045651763818,99.31380871533673
"1,1,NA,2,2,1,NA,2,NA",1,0.002358045651763818,99.3161667609885
"NA,1,1,0,0,0,0,NA,NA",1,0.002358045651763818,99.31852480664026
"2,0,1,1,1,1,NA,NA,NA",1,0.002358045651763818,99.32088285229203
"2,2,2,1,2,NA,NA,NA,2",1,0.002358045651763818,99.32324089794379
"1,NA,NA,2,2,2,1,2,NA",1,0.002358045651763818,99.32559894359555
"NA,0,1,2,NA,2,2,NA,NA",1,0.002358045651763818,99.32795698924731
"0,1,2,2,1,NA,NA,NA,NA",1,0.002358045651763818,99.33031503489907
"NA,NA,NA,2,1,NA,NA,2,2",1,0.002358045651763818,99.33267308055083
"NA,NA,2,2,NA,0,2,NA,2",1,0.002358045651763818,99.3350311262026
"NA,0,NA,1,2,2,1,NA,NA",1,0.002358045651763818,99.33738917185437
"0,2,2,2,2,NA,2,1,2",1,0.002358045651763818,99.33974721750613
"1,1,0,2,2,2,2,0,0",1,0.002358045651763818,99.3421052631579
"NA,NA,0,NA,NA,2,2,0,NA",1,0.002358045651763818,99.34446330880967
"NA,2,1,NA,1,0,NA,2,1",1,0.002358045651763818,99.34682135446143
"NA,0,2,NA,NA,2,NA,2,NA",1,0.002358045651763818,99.34917940011319
"2,1,2,1,2,1,2,NA,2",1,0.002358045651763818,99.35153744576495
"NA,2,NA,2,0,1,0,NA,NA",1,0.002358045651763818,99.35389549141671
"2,0,1,2,2,2,NA,0,2",1,0.002358045651763818,99.35625353706847
"NA,0,2,NA,NA,2,2,NA,0",1,0.002358045651763818,99.35861158272024
"1,2,0,0,0,2,0,2,2",1,0.002358045651763818,99.360969628372
"1,2,1,0,0,2,0,NA,2",1,0.002358045651763818,99.36332767402376
"2,NA,2,NA,2,0,2,2,2",1,0.002358045651763818,99.36568571967554
"0,NA,NA,0,0,NA,NA,NA,2",1,0.002358045651763818,99.3680437653273
"1,2,1,0,0,2,0,0,2",1,0.002358045651763818,99.37040181097906
"2,2,NA,2,2,NA,2,1,0",1,0.002358045651763818,99.37275985663082
"2,2,1,1,2,2,2,NA,NA",1,0.002358045651763818,99.37511790228258
"2,0,1,2,2,NA,NA,NA,2",1,0.002358045651763818,99.37747594793436
"2,2,2,0,2,0,1,2,2",1,0.002358045651763818,99.37983399358612
"2,2,0,2,2,2,NA,2,2",1,0.002358045651763818,99.38219203923788
"2,2,2,0,2,0,0,NA,NA",1,0.002358045651763818,99.38455008488964
"0,2,1,2,2,2,0,NA,NA",1,0.002358045651763818,99.3869081305414
"2,1,0,0,2,0,NA,0,NA",1,0.002358045651763818,99.38926617619317
"1,0,2,2,2,2,0,NA,1",1,0.002358045651763818,99.39162422184494
"1,2,2,2,0,0,2,2,2",1,0.002358045651763818,99.3939822674967
"NA,0,NA,0,2,2,0,NA,0",1,0.002358045651763818,99.39634031314847
"0,NA,2,2,2,2,2,0,NA",1,0.002358045651763818,99.39869835880023
"NA,2,NA,NA,0,1,2,NA,NA",1,0.002358045651763818,99.40105640445199
"2,2,2,2,2,0,1,0,0",1,0.002358045651763818,99.40341445010375
"2,2,NA,2,1,NA,1,0,2",1,0.002358045651763818,99.40577249575551
"2,2,1,2,2,0,1,NA,NA",1,0.002358045651763818,99.40813054140727
"2,0,0,2,2,0,2,NA,1",1,0.002358045651763818,99.41048858705905
"0,NA,0,0,NA,NA,NA,NA,NA",1,0.002358045651763818,99.41284663271081
"2,1,0,2,0,2,0,0,NA",1,0.002358045651763818,99.41520467836257
"1,2,2,1,2,NA,2,0,1",1,0.002358045651763818,99.41756272401435
"0,NA,0,2,2,1,0,2,NA",1,0.002358045651763818,99.4199207696661
"2,1,1,1,2,2,NA,NA,0",1,0.002358045651763818,99.42227881531787
"2,2,2,NA,2,NA,0,2,NA",1,0.002358045651763818,99.42463686096963
"NA,2,NA,2,2,NA,0,2,2",1,0.002358045651763818,99.42699490662139
"2,1,1,1,2,1,2,NA,1",1,0.002358045651763818,99.42935295227315
"NA,NA,0,2,2,NA,2,NA,2",1,0.002358045651763818,99.43171099792491
"NA,1,2,2,0,2,2,2,0",1,0.002358045651763818,99.43406904357668
"2,2,1,2,1,0,2,1,NA",1,0.002358045651763818,99.43642708922845
"2,2,1,1,NA,NA,0,NA,1",1,0.002358045651763818,99.43878513488022
"0,0,2,1,2,0,2,2,NA",1,0.002358045651763818,99.44114318053198
"NA,1,NA,0,0,NA,0,0,NA",1,0.002358045651763818,99.44350122618374
"2,2,NA,1,2,NA,0,NA,2",1,0.002358045651763818,99.4458592718355
"1,NA,2,NA,NA,NA,2,NA,NA",1,0.002358045651763818,99.44821731748726
"1,2,2,1,2,NA,2,NA,2",1,0.002358045651763818,99.45057536313902
"0,NA,2,1,1,NA,2,NA,NA",1,0.002358045651763818,99.45293340879078
"2,2,2,2,2,NA,1,0,0",1,0.002358045651763818,99.45529145444256
"2,1,0,2,NA,NA,NA,NA,2",1,0.002358045651763818,99.45764950009432
"2,2,2,0,0,2,NA,0,NA",1,0.002358045651763818,99.4600075457461
"2,NA,0,2,1,1,2,0,2",1,0.002358045651763818,99.46236559139786
"2,2,0,2,0,NA,2,2,2",1,0.002358045651763818,99.46472363704962
"NA,1,0,2,2,0,2,2,2",1,0.002358045651763818,99.46708168270138
"2,2,2,1,2,2,1,2,0",1,0.002358045651763818,99.46943972835314
"2,2,0,1,2,2,1,1,0",1,0.002358045651763818,99.4717977740049
"NA,2,2,2,1,1,2,2,1",1,0.002358045651763818,99.47415581965667
"2,1,1,NA,NA,NA,NA,NA,1",1,0.002358045651763818,99.47651386530843
"NA,NA,1,NA,0,NA,2,2,1",1,0.002358045651763818,99.4788719109602
"2,0,NA,0,2,0,2,NA,1",1,0.002358045651763818,99.48122995661195
"0,NA,0,NA,NA,2,0,2,0",1,0.002358045651763818,99.48358800226373
"2,0,1,2,2,0,2,2,NA",1,0.002358045651763818,99.48594604791549
"NA,0,2,2,0,NA,0,NA,NA",1,0.002358045651763818,99.48830409356725
"1,2,0,1,1,2,NA,NA,NA",1,0.002358045651763818,99.49066213921901
"2,0,0,2,2,2,2,1,NA",1,0.002358045651763818,99.49302018487079
"0,NA,1,2,1,1,2,1,2",1,0.002358045651763818,99.49537823052255
"NA,1,NA,2,0,0,2,NA,NA",1,0.002358045651763818,99.49773627617431
"2,2,2,0,2,1,2,2,NA",1,0.002358045651763818,99.50009432182607
"2,NA,NA,1,2,NA,2,1,2",1,0.002358045651763818,99.50245236747783
"2,2,NA,2,0,2,2,1,2",1,0.002358045651763818,99.50481041312959
"NA,0,NA,NA,NA,2,1,2,NA",1,0.002358045651763818,99.50716845878136
"0,2,2,2,1,NA,1,NA,2",1,0.002358045651763818,99.50952650443313
"1,1,0,2,0,NA,2,2,0",1,0.002358045651763818,99.5118845500849
"NA,NA,2,2,2,2,2,2,0",1,0.002358045651763818,99.51424259573666
"2,0,2,NA,NA,NA,2,1,1",1,0.002358045651763818,99.51660064138842
"NA,2,2,1,1,1,NA,2,NA",1,0.002358045651763818,99.51895868704018
"2,0,0,2,2,1,2,2,NA",1,0.002358045651763818,99.52131673269194
"2,2,1,1,1,NA,1,NA,1",1,0.002358045651763818,99.5236747783437
"1,1,NA,NA,0,NA,2,NA,NA",1,0.002358045651763818,99.52603282399546
"NA,NA,2,NA,NA,1,0,2,NA",1,0.002358045651763818,99.52839086964723
"NA,2,2,2,0,0,2,NA,NA",1,0.002358045651763818,99.530748915299
"NA,1,NA,NA,NA,NA,0,0,NA",1,0.002358045651763818,99.53310696095076
"2,2,NA,NA,NA,2,NA,NA,1",1,0.002358045651763818,99.53546500660254
"NA,NA,0,0,NA,2,2,NA,NA",1,0.002358045651763818,99.5378230522543
"2,1,2,2,2,0,2,2,NA",1,0.002358045651763818,99.54018109790606
"0,1,2,2,0,2,2,0,0",1,0.002358045651763818,99.54253914355782
"1,0,1,2,1,2,2,2,2",1,0.002358045651763818,99.54489718920958
"1,NA,NA,2,1,1,NA,NA,NA",1,0.002358045651763818,99.54725523486134
"NA,2,2,NA,NA,NA,2,0,1",1,0.002358045651763818,99.54961328051311
"2,NA,NA,2,2,0,2,2,2",1,0.002358045651763818,99.55197132616487
"2,2,0,2,0,0,2,2,0",1,0.002358045651763818,99.55432937181664
"1,NA,NA,2,NA,2,NA,NA,NA",1,0.002358045651763818,99.55668741746841
"1,NA,0,2,0,NA,0,NA,NA",1,0.002358045651763818,99.55904546312017
"2,2,1,1,2,1,2,0,1",1,0.002358045651763818,99.56140350877193
"2,NA,0,NA,2,NA,NA,1,2",1,0.002358045651763818,99.56376155442369
"2,NA,2,2,0,NA,0,2,2",1,0.002358045651763818,99.56611960007545
"2,NA,NA,0,0,NA,NA,NA,2",1,0.002358045651763818,99.56847764572721
"NA,NA,NA,NA,2,0,1,NA,2",1,0.002358045651763818,99.57083569137899
"2,NA,0,2,0,2,NA,2,NA",1,0.002358045651763818,99.57319373703075
"NA,2,NA,NA,NA,0,2,NA,0",1,0.002358045651763818,99.57555178268251
"NA,NA,1,1,1,NA,2,2,NA",1,0.002358045651763818,99.57790982833427
"0,NA,NA,NA,NA,1,NA,NA,2",1,0.002358045651763818,99.58026787398605
"0,0,NA,2,2,NA,0,1,0",1,0.002358045651763818,99.5826259196378
"2,1,NA,NA,2,2,NA,2,2",1,0.002358045651763818,99.58498396528957
"2,NA,2,2,0,2,2,2,NA",1,0.002358045651763818,99.58734201094133
"1,1,2,NA,NA,0,NA,0,NA",1,0.002358045651763818,99.5897000565931
"0,2,1,1,1,1,1,2,2",1,0.002358045651763818,99.59205810224486
"2,2,2,2,1,0,2,NA,2",1,0.002358045651763818,99.59441614789662
"2,2,1,1,2,2,1,NA,NA",1,0.002358045651763818,99.59677419354838
"2,2,2,2,2,NA,0,0,0",1,0.002358045651763818,99.59913223920015
"1,NA,NA,0,NA,2,NA,NA,NA",1,0.002358045651763818,99.6014902848519
"2,2,2,0,2,0,2,2,0",1,0.002358045651763818,99.60384833050368
"1,1,NA,0,0,NA,NA,2,2",1,0.002358045651763818,99.60620637615544
"NA,NA,NA,2,0,2,2,0,0",1,0.002358045651763818,99.60856442180722
"1,NA,NA,2,1,NA,1,NA,1",1,0.002358045651763818,99.61092246745898
"1,2,1,1,2,2,2,NA,1",1,0.002358045651763818,99.61328051311074
"0,2,NA,1,2,NA,0,0,1",1,0.002358045651763818,99.6156385587625
"2,NA,1,2,2,2,2,1,1",1,0.002358045651763818,99.61799660441426
"2,2,0,0,2,2,2,1,0",1,0.002358045651763818,99.62035465006602
"2,2,2,2,0,1,2,2,NA",1,0.002358045651763818,99.62271269571778
"NA,NA,NA,1,1,2,2,1,1",1,0.002358045651763818,99.62507074136954
"NA,1,1,2,0,2,2,2,1",1,0.002358045651763818,99.62742878702132
"2,1,2,NA,NA,2,1,0,2",1,0.002358045651763818,99.62978683267309
"2,1,NA,0,0,NA,2,0,2",1,0.002358045651763818,99.63214487832485
"NA,NA,NA,1,0,NA,NA,NA,0",1,0.002358045651763818,99.63450292397661
"0,0,NA,0,2,NA,0,0,NA",1,0.002358045651763818,99.63686096962837
"2,2,2,0,0,2,2,0,1",1,0.002358045651763818,99.63921901528013
"NA,1,NA,0,2,NA,0,NA,NA",1,0.002358045651763818,99.6415770609319
"NA,2,2,NA,0,1,NA,NA,NA",1,0.002358045651763818,99.64393510658365
"NA,1,1,2,2,2,NA,2,NA",1,0.002358045651763818,99.64629315223543
"2,2,2,1,1,NA,2,NA,1",1,0.002358045651763818,99.64865119788719
"0,2,2,NA,0,NA,NA,NA,NA",1,0.002358045651763818,99.65100924353895
"NA,NA,NA,1,0,NA,2,NA,NA",1,0.002358045651763818,99.65336728919073
"2,2,NA,NA,2,NA,2,NA,0",1,0.002358045651763818,99.65572533484249
"1,0,NA,NA,0,NA,1,NA,1",1,0.002358045651763818,99.65808338049425
"2,2,1,NA,2,2,2,1,2",1,0.002358045651763818,99.66044142614601
"0,2,1,2,2,NA,0,NA,NA",1,0.002358045651763818,99.66279947179777
"0,NA,NA,NA,NA,0,NA,NA,1",1,0.002358045651763818,99.66515751744954
"0,0,2,2,NA,1,1,0,NA",1,0.002358045651763818,99.6675155631013
"NA,NA,1,NA,2,NA,2,NA,2",1,0.002358045651763818,99.66987360875306
"2,0,2,2,1,2,2,2,NA",1,0.002358045651763818,99.67223165440483
"1,2,0,2,1,1,2,2,2",1,0.002358045651763818,99.67458970005659
"2,NA,2,NA,1,NA,NA,2,NA",1,0.002358045651763818,99.67694774570836
"2,NA,0,NA,1,NA,2,2,NA",1,0.002358045651763818,99.67930579136012
"2,2,NA,1,1,NA,1,NA,1",1,0.002358045651763818,99.68166383701188
"2,NA,NA,2,2,0,NA,NA,2",1,0.002358045651763818,99.68402188266366
"2,2,2,2,0,NA,0,0,2",1,0.002358045651763818,99.68637992831542
"0,2,NA,0,2,0,NA,NA,2",1,0.002358045651763818,99.68873797396718
"2,2,2,2,2,1,2,0,NA",1,0.002358045651763818,99.69109601961894
"2,NA,NA,2,2,0,2,0,NA",1,0.002358045651763818,99.6934540652707
"2,1,2,1,1,NA,2,2,2",1,0.002358045651763818,99.69581211092246
"0,1,0,2,2,0,2,0,NA",1,0.002358045651763818,99.69817015657424
"2,2,NA,2,1,NA,0,NA,NA",1,0.002358045651763818,99.700528202226
"1,1,2,NA,NA,2,NA,2,NA",1,0.002358045651763818,99.70288624787777
"2,2,2,1,2,2,0,2,1",1,0.002358045651763818,99.70524429352953
"NA,NA,2,NA,NA,0,2,1,1",1,0.002358045651763818,99.70760233918129
"2,2,2,2,2,NA,0,1,2",1,0.002358045651763818,99.70996038483305
"2,2,2,1,2,1,1,1,1",1,0.002358045651763818,99.71231843048481
"1,NA,NA,NA,0,NA,0,NA,2",1,0.002358045651763818,99.71467647613657
"NA,2,NA,0,2,NA,2,2,2",1,0.002358045651763818,99.71703452178834
"0,2,2,2,2,0,2,NA,NA",1,0.002358045651763818,99.7193925674401
"NA,2,2,0,0,2,2,2,1",1,0.002358045651763818,99.72175061309187
"NA,NA,NA,1,NA,1,2,NA,NA",1,0.002358045651763818,99.72410865874363
"NA,1,2,1,2,2,2,NA,2",1,0.002358045651763818,99.7264667043954
"2,2,2,2,NA,0,2,2,NA",1,0.002358045651763818,99.72882475004717
"0,2,2,NA,NA,1,2,NA,2",1,0.002358045651763818,99.73118279569893
"1,1,NA,1,2,NA,1,NA,NA",1,0.002358045651763818,99.73354084135069
"NA,1,2,0,NA,NA,NA,2,1",1,0.002358045651763818,99.73589888700245
"0,NA,NA,NA,NA,2,NA,2,NA",1,0.002358045651763818,99.73825693265421
"1,NA,NA,2,1,NA,0,NA,NA",1,0.002358045651763818,99.74061497830597
"0,0,NA,2,2,2,1,NA,1",1,0.002358045651763818,99.74297302395775
"NA,2,1,0,NA,NA,NA,NA,NA",1,0.002358045651763818,99.7453310696095
"2,NA,NA,NA,1,1,NA,NA,NA",1,0.002358045651763818,99.74768911526127
"0,0,2,2,2,2,0,2,0",1,0.002358045651763818,99.75004716091304
"2,2,1,2,0,NA,NA,2,NA",1,0.002358045651763818,99.7524052065648
"2,2,NA,2,NA,NA,0,2,NA",1,0.002358045651763818,99.75476325221656
"NA,2,NA,1,2,1,1,2,1",1,0.002358045651763818,99.75712129786832
"1,0,2,2,0,1,NA,2,NA",1,0.002358045651763818,99.75947934352008
"1,2,0,0,0,NA,1,NA,NA",1,0.002358045651763818,99.76183738917186
"2,2,0,0,0,1,2,NA,0",1,0.002358045651763818,99.76419543482362
"0,0,2,NA,NA,NA,NA,1,2",1,0.002358045651763818,99.76655348047538
"1,2,2,NA,NA,0,2,2,NA",1,0.002358045651763818,99.76891152612714
"0,NA,NA,NA,2,NA,0,1,NA",1,0.002358045651763818,99.7712695717789
"0,NA,1,2,2,2,2,NA,2",1,0.002358045651763818,99.77362761743068
"2,2,2,NA,0,2,2,2,1",1,0.002358045651763818,99.77598566308244
"2,1,2,1,2,2,1,1,1",1,0.002358045651763818,99.7783437087342
"2,NA,2,1,1,1,1,2,1",1,0.002358045651763818,99.78070175438597
"2,2,NA,1,2,2,2,0,2",1,0.002358045651763818,99.78305980003773
"NA,0,2,0,0,1,NA,1,NA",1,0.002358045651763818,99.7854178456895
"0,2,2,1,1,2,1,NA,2",1,0.002358045651763818,99.78777589134125
"NA,1,0,2,2,2,2,1,NA",1,0.002358045651763818,99.79013393699302
"0,NA,1,NA,2,0,2,1,1",1,0.002358045651763818,99.79249198264478
"NA,NA,NA,1,1,0,1,NA,1",1,0.002358045651763818,99.79485002829655
"2,2,2,NA,NA,0,1,0,NA",1,0.002358045651763818,99.79720807394831
"2,NA,NA,0,0,2,NA,NA,2",1,0.002358045651763818,99.79956611960009
"2,2,NA,NA,NA,1,2,NA,1",1,0.002358045651763818,99.80192416525185
"2,1,NA,2,2,NA,0,2,NA",1,0.002358045651763818,99.80428221090361
"2,1,1,NA,NA,2,1,NA,NA",1,0.002358045651763818,99.80664025655537
"1,NA,1,NA,NA,0,2,2,1",1,0.002358045651763818,99.80899830220713
"2,NA,0,0,0,2,0,1,2",1,0.002358045651763818,99.81135634785889
"NA,NA,1,2,1,2,2,NA,1",1,0.002358045651763818,99.81371439351065
"1,2,1,2,2,NA,2,NA,2",1,0.002358045651763818,99.81607243916241
"2,2,NA,2,2,2,NA,0,2",1,0.002358045651763818,99.81843048481419
"2,2,2,2,1,1,2,2,0",1,0.002358045651763818,99.82078853046595
"NA,1,2,0,2,0,2,0,NA",1,0.002358045651763818,99.82314657611772
"NA,0,2,1,2,0,2,NA,1",1,0.002358045651763818,99.82550462176948
"0,NA,1,NA,NA,NA,1,NA,NA",1,0.002358045651763818,99.82786266742124
"0,NA,NA,0,2,0,1,NA,NA",1,0.002358045651763818,99.830220713073
"NA,NA,NA,2,1,NA,2,2,2",1,0.002358045651763818,99.83257875872476
"0,NA,NA,1,2,0,2,NA,NA",1,0.002358045651763818,99.83493680437653
"2,NA,NA,2,0,0,NA,NA,NA",1,0.002358045651763818,99.8372948500283
"2,2,0,1,1,2,1,NA,1",1,0.002358045651763818,99.83965289568006
"0,0,NA,NA,NA,0,0,NA,NA",1,0.002358045651763818,99.84201094133182
"2,2,2,2,NA,2,1,2,2",1,0.002358045651763818,99.8443689869836
"2,1,NA,2,2,2,1,NA,2",1,0.002358045651763818,99.84672703263536
"2,1,1,1,1,2,2,1,1",1,0.002358045651763818,99.84908507828712
"1,NA,2,0,0,2,0,NA,0",1,0.002358045651763818,99.85144312393888
"NA,2,2,NA,NA,NA,2,0,NA",1,0.002358045651763818,99.85380116959064
"NA,2,NA,1,0,2,2,NA,NA",1,0.002358045651763818,99.8561592152424
"NA,NA,NA,2,0,2,2,2,2",1,0.002358045651763818,99.85851726089417
"0,2,NA,2,1,2,NA,NA,2",1,0.002358045651763818,99.86087530654594
"NA,NA,NA,2,0,1,2,NA,2",1,0.002358045651763818,99.8632333521977
"2,0,0,2,2,0,1,NA,2",1,0.002358045651763818,99.86559139784946
"0,2,2,1,2,0,0,2,0",1,0.002358045651763818,99.86794944350123
"0,2,NA,2,2,1,NA,NA,2",1,0.002358045651763818,99.87030748915299
"2,2,2,2,0,2,0,1,0",1,0.002358045651763818,99.87266553480475
"2,NA,2,2,1,NA,2,NA,1",1,0.002358045651763818,99.87502358045651
"NA,2,NA,2,1,NA,0,NA,0",1,0.002358045651763818,99.87738162610829
"2,NA,0,NA,2,NA,1,2,NA",1,0.002358045651763818,99.87973967176005
"2,2,2,1,2,NA,2,0,2",1,0.002358045651763818,99.88209771741181
"NA,NA,NA,NA,1,2,2,NA,0",1,0.002358045651763818,99.88445576306357
"2,2,0,0,2,2,1,NA,0",1,0.002358045651763818,99.88681380871533
"0,2,0,2,2,NA,2,0,2",1,0.002358045651763818,99.88917185436709
"2,2,2,0,0,2,0,NA,1",1,0.002358045651763818,99.89152990001887
"2,NA,2,1,2,2,2,NA,1",1,0.002358045651763818,99.89388794567063
"0,1,NA,0,1,NA,1,1,NA",1,0.002358045651763818,99.8962459913224
"NA,NA,2,2,1,1,2,2,2",1,0.002358045651763818,99.89860403697416
"1,2,NA,2,1,1,1,NA,1",1,0.002358045651763818,99.90096208262592
"1,NA,NA,2,2,NA,2,0,NA",1,0.002358045651763818,99.90332012827768
"2,1,0,2,2,1,2,0,2",1,0.002358045651763818,99.90567817392945
"2,2,0,2,2,2,1,NA,0",1,0.002358045651763818,99.9080362195812
"2,2,NA,NA,2,2,2,NA,1",1,0.002358045651763818,99.91039426523297
"0,0,1,NA,NA,NA,2,NA,1",1,0.002358045651763818,99.91275231088473
"1,1,NA,NA,2,1,2,NA,2",1,0.002358045651763818,99.9151103565365
"0,NA,NA,NA,NA,NA,0,NA,1",1,0.002358045651763818,99.91746840218826
"0,2,NA,NA,NA,NA,0,2,NA",1,0.002358045651763818,99.91982644784004
"NA,1,2,2,0,NA,1,NA,NA",1,0.002358045651763818,99.9221844934918
"2,1,2,0,0,2,NA,0,NA",1,0.002358045651763818,99.92454253914356
"2,NA,0,2,2,0,0,0,NA",1,0.002358045651763818,99.92690058479532
"NA,NA,0,2,0,2,2,2,NA",1,0.002358045651763818,99.92925863044708
"2,1,2,NA,NA,NA,0,2,NA",1,0.002358045651763818,99.93161667609884
"2,2,1,1,2,1,2,1,NA",1,0.002358045651763818,99.93397472175062
"2,NA,2,2,NA,NA,2,1,2",1,0.002358045651763818,99.93633276740238
"NA,2,NA,2,2,1,0,0,NA",1,0.002358045651763818,99.93869081305414
"2,0,NA,NA,2,NA,0,1,NA",1,0.002358045651763818,99.94104885870591
"NA,NA,NA,NA,0,0,2,NA,2",1,0.002358045651763818,99.94340690435767
"2,0,1,NA,NA,0,2,2,NA",1,0.002358045651763818,99.94576495000943
"NA,NA,NA,0,2,0,NA,1,NA",1,0.002358045651763818,99.9481229956612
"0,2,2,2,1,2,1,1,1",1,0.002358045651763818,99.95048104131295
"2,2,NA,NA,1,0,2,2,NA",1,0.002358045651763818,99.95283908696473
"NA,NA,NA,2,1,0,2,2,2",1,0.002358045651763818,99.95519713261649
"2,0,2,2,2,NA,1,2,1",1,0.002358045651763818,99.95755517826825
"2,NA,NA,NA,2,2,0,NA,2",1,0.002358045651763818,99.95991322392001
"2,0,NA,2,2,1,2,1,2",1,0.002358045651763818,99.96227126957177
"2,2,NA,NA,0,NA,NA,2,2",1,0.002358045651763818,99.96462931522355
"0,NA,NA,0,0,NA,2,NA,2",1,0.002358045651763818,99.96698736087531
"NA,NA,1,NA,NA,NA,2,2,NA",1,0.002358045651763818,99.96934540652707
"1,NA,2,2,1,2,2,0,0",1,0.002358045651763818,99.97170345217884
"2,2,NA,2,2,0,2,1,2",1,0.002358045651763818,99.9740614978306
"2,NA,NA,1,2,1,1,NA,2",1,0.002358045651763818,99.97641954348236
"NA,1,2,0,2,NA,NA,0,NA",1,0.002358045651763818,99.97877758913413
"NA,NA,NA,0,2,0,0,NA,0",1,0.002358045651763818,99.98113563478589
"2,2,0,NA,NA,NA,2,0,NA",1,0.002358045651763818,99.98349368043765
"NA,NA,NA,0,1,NA,0,0,NA",1,0.002358045651763818,99.98585172608941
"1,2,0,0,0,NA,0,NA,NA",1,0.002358045651763818,99.98820977174118
"2,2,NA,NA,0,NA,2,NA,2",1,0.002358045651763818,99.99056781739296
"2,2,2,1,1,2,0,NA,NA",1,0.002358045651763818,99.99292586304472
"0,NA,2,1,2,NA,2,NA,2",1,0.002358045651763818,99.99528390869648
"NA,0,NA,NA,NA,NA,0,NA,1",1,0.002358045651763818,99.99764195434824
"NA,2,2,NA,NA,1,NA,NA,NA",1,0.002358045651763818,100.0
